{"usa":{"lastDate":1628294400000,"totalCases":35775784,"totalDeaths":616458,"twoWeekPercentChangeInCases":1.1079489614045606,"twoWeekPercentChangeInDeaths":0.8915018706574025,"totalVaccinationsInitiated":194346486,"totalPopulation":331486822}}
