{"usa":{"lastDate":1644969600000,"totalCases":78092675,"totalDeaths":927115,"twoWeekPercentChangeInCases":-0.6668506708480666,"twoWeekPercentChangeInDeaths":-0.12942261775558936,"twoWeekPercentChangeInHospitalizations":-0.3869607318777444,"totalVaccinationsInitiated":252400057,"totalPopulation":331486822}}
