{"usa":{"lastDate":1630800000000,"totalCases":40005266,"totalDeaths":648273,"twoWeekPercentChangeInCases":0.0778516840806206,"twoWeekPercentChangeInDeaths":0.5469746351140713,"totalVaccinationsInitiated":206908710,"totalPopulation":331486822}}
