{"usa":{"lastDate":1647388800000,"totalCases":79532295,"totalDeaths":967455,"twoWeekPercentChangeInCases":-0.47429333700197024,"twoWeekPercentChangeInDeaths":-0.3231097497120117,"twoWeekPercentChangeInHospitalizations":-0.44041014023661434,"totalVaccinationsInitiated":254823742,"totalPopulation":331486822}}
