{"usa":{"lastDate":1660089600000,"totalCases":90425167,"totalDeaths":998816,"twoWeekPercentChangeInCases":-0.14062499999999992,"twoWeekPercentChangeInDeaths":0.10100682039623259,"twoWeekPercentChangeInHospitalizations":-0.048792038592056185,"totalVaccinationsInitiated":248068126,"totalPopulation":331486822}}
