{"usa":{"lastDate":1627516800000,"totalCases":34860077,"totalDeaths":612094,"twoWeekPercentChangeInCases":1.4935511694146908,"twoWeekPercentChangeInDeaths":0.14125446200917893,"totalVaccinationsInitiated":189945907,"totalPopulation":331486822}}
