{"usa":{"lastDate":1655769600000,"totalCases":82474454,"totalDeaths":1010805,"twoWeekPercentChangeInCases":-0.15714285714285708,"twoWeekPercentChangeInDeaths":-0.11288292068820818,"twoWeekPercentChangeInHospitalizations":0.044741349777321,"totalVaccinationsInitiated":252434423,"totalPopulation":331486822}}
