{"usa":{"lastDate":1625011200000,"totalCases":33632070,"totalDeaths":604356,"twoWeekPercentChangeInCases":-0.09970388316845012,"twoWeekPercentChangeInDeaths":-0.22938144329896906,"totalVaccinationsInitiated":180674739,"totalPopulation":331486822}}
