{"usa":{"lastDate":1657670400000,"totalCases":85179210,"totalDeaths":1019139,"twoWeekPercentChangeInCases":0.11904761904761907,"twoWeekPercentChangeInDeaths":0.16031128404669254,"twoWeekPercentChangeInHospitalizations":0.19399881293296536,"totalVaccinationsInitiated":253855333,"totalPopulation":331486822}}
