{"usa":{"lastDate":1682467200000,"totalCases":100841843,"totalDeaths":1129993,"twoWeekPercentChangeInCases":-0.1363636363636364,"twoWeekPercentChangeInDeaths":-0.19510328997704676,"twoWeekPercentChangeInHospitalizations":-0.16601424117897126,"totalVaccinationsInitiated":262651225,"totalPopulation":331486822}}
