{"usa":{"lastDate":1649635200000,"totalCases":80325686,"totalDeaths":984168,"twoWeekPercentChangeInCases":0.12462383753664551,"twoWeekPercentChangeInDeaths":-0.3449830890642616,"twoWeekPercentChangeInHospitalizations":-0.15504022638653522,"totalVaccinationsInitiated":256363358,"totalPopulation":331486822}}
