{"usa":{"lastDate":1646870400000,"totalCases":79355645,"totalDeaths":964057,"twoWeekPercentChangeInCases":-0.5069211757130354,"twoWeekPercentChangeInDeaths":-0.30533999231655773,"twoWeekPercentChangeInHospitalizations":-0.4434232318738958,"totalVaccinationsInitiated":254071045,"totalPopulation":331486822}}
