{"usa":{"lastDate":1624320000000,"totalCases":33537637,"totalDeaths":602163,"twoWeekPercentChangeInCases":-0.21339565147813122,"twoWeekPercentChangeInDeaths":-0.19650167473018226,"totalVaccinationsInitiated":177635067,"totalPopulation":331486822}}
