{"usa":{"lastDate":1654819200000,"totalCases":85390894,"totalDeaths":1007702,"twoWeekPercentChangeInCases":-0.0029940119760479603,"twoWeekPercentChangeInDeaths":0.0176925912274236,"twoWeekPercentChangeInHospitalizations":0.11022485566697053,"totalVaccinationsInitiated":258896220,"totalPopulation":331486822}}
