{"usa":{"lastDate":1635206400000,"totalCases":45616284,"totalDeaths":739259,"twoWeekPercentChangeInCases":-0.22525597269624573,"twoWeekPercentChangeInDeaths":-0.10308086231105981,"totalVaccinationsInitiated":220648845,"totalPopulation":331486822}}
