{"usa":{"lastDate":1663113600000,"totalCases":92505660,"totalDeaths":1049730,"twoWeekPercentChangeInCases":-0.2692307692307693,"twoWeekPercentChangeInDeaths":-0.26219228982814674,"twoWeekPercentChangeInHospitalizations":-0.13027563395810354,"totalVaccinationsInitiated":249380682,"totalPopulation":331486822}}
