{"usa":{"lastDate":1660089600000,"totalCases":90425167,"totalDeaths":1031965,"twoWeekPercentChangeInCases":-0.14062499999999992,"twoWeekPercentChangeInDeaths":0.13563295378432694,"twoWeekPercentChangeInHospitalizations":-0.025234285714285713,"totalVaccinationsInitiated":254733781,"totalPopulation":331486822}}
