{"usa":{"lastDate":1669766400000,"totalCases":98359023,"totalDeaths":1089094,"twoWeekPercentChangeInCases":0.0512820512820515,"twoWeekPercentChangeInDeaths":-0.11720067453625618,"twoWeekPercentChangeInHospitalizations":0.2856840727126241,"totalVaccinationsInitiated":252898654,"totalPopulation":331486822}}
