{"usa":{"lastDate":1660089600000,"totalCases":90425167,"totalDeaths":1032654,"twoWeekPercentChangeInCases":-0.14062499999999992,"twoWeekPercentChangeInDeaths":0.13545150501672235,"twoWeekPercentChangeInHospitalizations":-0.034280701983213493,"totalVaccinationsInitiated":248068126,"totalPopulation":331486822}}
