{"usa":{"lastDate":1671753600000,"totalCases":99938186,"totalDeaths":1102383,"twoWeekPercentChangeInCases":0.10416666666666669,"twoWeekPercentChangeInDeaths":-0.4044203405644973,"twoWeekPercentChangeInHospitalizations":0.14145589890071858,"totalVaccinationsInitiated":261041288,"totalPopulation":331486822}}
