{"usa":{"lastDate":1672272000000,"totalCases":98881508,"totalDeaths":1105406,"twoWeekPercentChangeInCases":-0.16402116402116398,"twoWeekPercentChangeInDeaths":0.9105733824303001,"twoWeekPercentChangeInHospitalizations":0.08477378110681276,"totalVaccinationsInitiated":261041288,"totalPopulation":331486822}}
