{"usa":{"lastDate":1629936000000,"totalCases":38552112,"totalDeaths":634732,"twoWeekPercentChangeInCases":0.24100784707838693,"twoWeekPercentChangeInDeaths":1.0006952491309384,"totalVaccinationsInitiated":202961676,"totalPopulation":331486822}}
