{"usa":{"lastDate":1650844800000,"totalCases":80943644,"totalDeaths":990062,"twoWeekPercentChangeInCases":0.502951863903538,"twoWeekPercentChangeInDeaths":-0.2939691444600281,"twoWeekPercentChangeInHospitalizations":0.07064095071108513,"totalVaccinationsInitiated":257354769,"totalPopulation":331486822}}
