{"usa":{"lastDate":1626739200000,"totalCases":34160690,"totalDeaths":609111,"twoWeekPercentChangeInCases":1.9501900845682365,"twoWeekPercentChangeInDeaths":0.3204252088078967,"totalVaccinationsInitiated":186819440,"totalPopulation":331486822}}
