{"usa":{"lastDate":1633046400000,"totalCases":43584125,"totalDeaths":700429,"twoWeekPercentChangeInCases":-0.26773436085406593,"twoWeekPercentChangeInDeaths":-0.054918267852021856,"totalVaccinationsInitiated":214597690,"totalPopulation":331486822}}
