{"usa":{"lastDate":1627171200000,"totalCases":34405810,"totalDeaths":610462,"twoWeekPercentChangeInCases":1.6968633358315837,"twoWeekPercentChangeInDeaths":0.19796308084022912,"totalVaccinationsInitiated":188472188,"totalPopulation":331486822}}
