{"usa":{"lastDate":1626998400000,"totalCases":34335230,"totalDeaths":610357,"twoWeekPercentChangeInCases":1.4683723624068625,"twoWeekPercentChangeInDeaths":0.2036802030456853,"totalVaccinationsInitiated":187982826,"totalPopulation":331486822}}
