{"usa":{"lastDate":1630972800000,"totalCases":40383380,"totalDeaths":651014,"twoWeekPercentChangeInCases":0.006105951557941851,"twoWeekPercentChangeInDeaths":0.3420716112531969,"totalVaccinationsInitiated":207589611,"totalPopulation":331486822}}
