{"usa":{"lastDate":1622332800000,"totalCases":33275365,"totalDeaths":594051,"twoWeekPercentChangeInCases":-0.3929928787308835,"twoWeekPercentChangeInDeaths":0.06083294337856803,"totalVaccinationsInitiated":167733972,"totalPopulation":331486822}}
