{"usa":{"lastDate":1647820800000,"totalCases":79669663,"totalDeaths":971008,"twoWeekPercentChangeInCases":-0.30721790148724243,"twoWeekPercentChangeInDeaths":-0.30974658869395716,"twoWeekPercentChangeInHospitalizations":-0.408565070482455,"totalVaccinationsInitiated":254925941,"totalPopulation":331486822}}
