{"usa":{"lastDate":1665532800000,"totalCases":92183203,"totalDeaths":1060286,"twoWeekPercentChangeInCases":-0.21088435374149653,"twoWeekPercentChangeInDeaths":0.07764575849682231,"twoWeekPercentChangeInHospitalizations":-0.05560741363037646,"totalVaccinationsInitiated":250956639,"totalPopulation":331486822}}
