{"usa":{"lastDate":1642636800000,"totalCases":69305598,"totalDeaths":860316,"twoWeekPercentChangeInCases":0.21647377396749765,"twoWeekPercentChangeInDeaths":0.44781899714635126,"totalVaccinationsInitiated":250028635,"totalPopulation":331486822}}
