{"usa":{"lastDate":1659484800000,"totalCases":91297820,"totalDeaths":1029232,"twoWeekPercentChangeInCases":-0.08854166666666662,"twoWeekPercentChangeInDeaths":0.11596091205211734,"twoWeekPercentChangeInHospitalizations":0.012330275229357798,"totalVaccinationsInitiated":254733781,"totalPopulation":331486822}}
