{"usa":{"lastDate":1629331200000,"totalCases":37455400,"totalDeaths":626099,"twoWeekPercentChangeInCases":0.43573830026688026,"twoWeekPercentChangeInDeaths":0.9297820823244553,"totalVaccinationsInitiated":199887548,"totalPopulation":331486822}}
