{"usa":{"lastDate":1645488000000,"totalCases":78556778,"totalDeaths":937380,"twoWeekPercentChangeInCases":-0.6381089078513379,"twoWeekPercentChangeInDeaths":-0.24460271533496558,"twoWeekPercentChangeInHospitalizations":-0.43734207020895843,"totalVaccinationsInitiated":253179401,"totalPopulation":331486822}}
