{"usa":{"lastDate":1630454400000,"totalCases":39511130,"totalDeaths":642351,"twoWeekPercentChangeInCases":0.16000412898211475,"twoWeekPercentChangeInDeaths":0.7353460451977402,"totalVaccinationsInitiated":205527578,"totalPopulation":331486822}}
