{"usa":{"lastDate":1671408000000,"totalCases":99521228,"totalDeaths":1099264,"twoWeekPercentChangeInCases":0.22352941176470598,"twoWeekPercentChangeInDeaths":-0.15259259259259267,"twoWeekPercentChangeInHospitalizations":0.08575447446282194,"totalVaccinationsInitiated":260872513,"totalPopulation":331486822}}
