{"usa":{"lastDate":1676592000000,"totalCases":102327170,"totalDeaths":1124836,"twoWeekPercentChangeInCases":-0.11194029850746266,"twoWeekPercentChangeInDeaths":-0.34380578364869696,"twoWeekPercentChangeInHospitalizations":-0.05561714617815259,"totalVaccinationsInitiated":261850257,"totalPopulation":331486822}}
