{"usa":{"lastDate":1679011200000,"totalCases":103633214,"totalDeaths":1124698,"twoWeekPercentChangeInCases":-0.5258620689655172,"twoWeekPercentChangeInDeaths":-0.004987531172069825,"twoWeekPercentChangeInHospitalizations":-0.11246344292053247,"totalVaccinationsInitiated":262206434,"totalPopulation":331486822}}
