{"usa":{"lastDate":1649203200000,"totalCases":80174787,"totalDeaths":982264,"twoWeekPercentChangeInCases":-0.014078308520807504,"twoWeekPercentChangeInDeaths":-0.346996821147733,"twoWeekPercentChangeInHospitalizations":-0.2578300719748088,"totalVaccinationsInitiated":255873739,"totalPopulation":331486822}}
