{"usa":{"lastDate":1628899200000,"totalCases":36684028,"totalDeaths":621051,"twoWeekPercentChangeInCases":0.6537019834981695,"twoWeekPercentChangeInDeaths":0.8213576816196905,"totalVaccinationsInitiated":197685048,"totalPopulation":331486822}}
