{"usa":{"lastDate":1668729600000,"totalCases":97879637,"totalDeaths":1058178,"twoWeekPercentChangeInCases":0.09917355371900832,"twoWeekPercentChangeInDeaths":-0.02902935644778808,"twoWeekPercentChangeInHospitalizations":0.11711720954090794,"totalVaccinationsInitiated":253374695,"totalPopulation":331486822}}
