{"usa":{"lastDate":1671321600000,"totalCases":99464017,"totalDeaths":1099264,"twoWeekPercentChangeInCases":0.21052631578947353,"twoWeekPercentChangeInDeaths":-0.13668794592564776,"twoWeekPercentChangeInHospitalizations":0.07234539899215853,"totalVaccinationsInitiated":260872513,"totalPopulation":331486822}}
