{"usa":{"lastDate":1653004800000,"totalCases":82990924,"totalDeaths":1000011,"twoWeekPercentChangeInCases":0.23766588367564087,"twoWeekPercentChangeInDeaths":-0.4877759316401614,"twoWeekPercentChangeInHospitalizations":0.31212914485165794,"totalVaccinationsInitiated":258074668,"totalPopulation":331486822}}
