{"usa":{"lastDate":1621641600000,"totalCases":33123794,"totalDeaths":589328,"twoWeekPercentChangeInCases":-0.38906423589287104,"twoWeekPercentChangeInDeaths":-0.13985122210414452,"totalVaccinationsInitiated":162470794,"totalPopulation":331486822}}
