{"usa":{"lastDate":1627171200000,"totalCases":34405954,"totalDeaths":610463,"twoWeekPercentChangeInCases":1.6979318942423998,"twoWeekPercentChangeInDeaths":0.1985996180776576,"totalVaccinationsInitiated":188472188,"totalPopulation":331486822}}
