{"usa":{"lastDate":1653004800000,"totalCases":83130959,"totalDeaths":1000410,"twoWeekPercentChangeInCases":0.5188098536409081,"twoWeekPercentChangeInDeaths":-0.49823404756298556,"twoWeekPercentChangeInHospitalizations":0.3129448015891637,"totalVaccinationsInitiated":258036101,"totalPopulation":331486822}}
