{"usa":{"lastDate":1648080000000,"totalCases":79799543,"totalDeaths":974441,"twoWeekPercentChangeInCases":-0.16852646302677948,"twoWeekPercentChangeInDeaths":-0.364108801415303,"twoWeekPercentChangeInHospitalizations":-0.394485669791662,"totalVaccinationsInitiated":255103626,"totalPopulation":331486822}}
