{"usa":{"lastDate":1653091200000,"totalCases":83169122,"totalDeaths":1000526,"twoWeekPercentChangeInCases":0.5205859456810809,"twoWeekPercentChangeInDeaths":-0.4826046074283027,"twoWeekPercentChangeInHospitalizations":0.3149632341630002,"totalVaccinationsInitiated":258106038,"totalPopulation":331486822}}
