{"usa":{"lastDate":1623542400000,"totalCases":33429075,"totalDeaths":599781,"twoWeekPercentChangeInCases":-0.2869690445296793,"twoWeekPercentChangeInDeaths":-0.45411562432839025,"totalVaccinationsInitiated":173840483,"totalPopulation":331486822}}
