{"usa":{"lastDate":1635292800000,"totalCases":45710843,"totalDeaths":741277,"twoWeekPercentChangeInCases":-0.18819720425324815,"twoWeekPercentChangeInDeaths":-0.17322834645669288,"totalVaccinationsInitiated":220936118,"totalPopulation":331486822}}
