{"usa":{"lastDate":1653177600000,"totalCases":83183573,"totalDeaths":1000555,"twoWeekPercentChangeInCases":0.5214775931405423,"twoWeekPercentChangeInDeaths":-0.4816470588235294,"twoWeekPercentChangeInHospitalizations":0.2980244277352475,"totalVaccinationsInitiated":258106038,"totalPopulation":331486822}}
