{"usa":{"lastDate":1638748800000,"totalCases":49242271,"totalDeaths":788315,"twoWeekPercentChangeInCases":0.24723125911091015,"twoWeekPercentChangeInDeaths":-0.09125705076551162,"totalVaccinationsInitiated":236018871,"totalPopulation":331486822}}
