{"usa":{"lastDate":1667520000000,"totalCases":97332939,"totalDeaths":1069840,"twoWeekPercentChangeInCases":0.14150943396226412,"twoWeekPercentChangeInDeaths":null,"twoWeekPercentChangeInHospitalizations":0.021599923029227495,"totalVaccinationsInitiated":252675050,"totalPopulation":331486822}}
