{"usa":{"lastDate":1654300800000,"totalCases":84661871,"totalDeaths":1005135,"twoWeekPercentChangeInCases":-0.0391566265060243,"twoWeekPercentChangeInDeaths":-0.10222626079054982,"twoWeekPercentChangeInHospitalizations":0.1570935929395102,"totalVaccinationsInitiated":258747147,"totalPopulation":331486822}}
