{"usa":{"lastDate":1622419200000,"totalCases":33280967,"totalDeaths":594201,"twoWeekPercentChangeInCases":-0.4628392857142857,"twoWeekPercentChangeInDeaths":-0.004897388059701493,"totalVaccinationsInitiated":167733972,"totalPopulation":331486822}}
