{"usa":{"lastDate":1679443200000,"totalCases":101518417,"totalDeaths":1124698,"twoWeekPercentChangeInCases":-0.34313725490196073,"twoWeekPercentChangeInDeaths":-0.06301369863013702,"twoWeekPercentChangeInHospitalizations":-0.12501989073357028,"totalVaccinationsInitiated":262331019,"totalPopulation":331486822}}
