{"usa":{"lastDate":1657756800000,"totalCases":88998238,"totalDeaths":1012627,"twoWeekPercentChangeInCases":0.1282798833819243,"twoWeekPercentChangeInDeaths":0.3209764918625679,"twoWeekPercentChangeInHospitalizations":0.18862642026903484,"totalVaccinationsInitiated":253855333,"totalPopulation":331486822}}
