{"usa":{"lastDate":1637625600000,"totalCases":47944266,"totalDeaths":774580,"twoWeekPercentChangeInCases":0.277548297566915,"twoWeekPercentChangeInDeaths":0.1397075622572537,"totalVaccinationsInitiated":231367686,"totalPopulation":331486822}}
