{"usa":{"lastDate":1678752000000,"totalCases":101701661,"totalDeaths":1133246,"twoWeekPercentChangeInCases":-0.2755102040816328,"twoWeekPercentChangeInDeaths":0.1080870917573872,"twoWeekPercentChangeInHospitalizations":-0.14839725783571817,"totalVaccinationsInitiated":262117909,"totalPopulation":331486822}}
