{"usa":{"lastDate":1677542400000,"totalCases":101282229,"totalDeaths":1128849,"twoWeekPercentChangeInCases":-0.10091743119266053,"twoWeekPercentChangeInDeaths":-0.4830917874396135,"twoWeekPercentChangeInHospitalizations":-0.08726419802375486,"totalVaccinationsInitiated":261939710,"totalPopulation":331486822}}
