{"usa":{"lastDate":1663718400000,"totalCases":95515778,"totalDeaths":1052491,"twoWeekPercentChangeInCases":-0.21495327102803732,"twoWeekPercentChangeInDeaths":-0.0788381742738589,"twoWeekPercentChangeInHospitalizations":-0.14064730063499378,"totalVaccinationsInitiated":249732841,"totalPopulation":331486822}}
