{"usa":{"lastDate":1661299200000,"totalCases":88612214,"totalDeaths":1039128,"twoWeekPercentChangeInCases":-0.17575757575757586,"twoWeekPercentChangeInDeaths":-0.018502202643171806,"twoWeekPercentChangeInHospitalizations":-0.10645762342000571,"totalVaccinationsInitiated":248682365,"totalPopulation":331486822}}
