{"usa":{"lastDate":1623715200000,"totalCases":33452809,"totalDeaths":599875,"twoWeekPercentChangeInCases":-0.1995249406175772,"twoWeekPercentChangeInDeaths":-0.4322396576319543,"totalVaccinationsInitiated":174674144,"totalPopulation":331486822}}
