{"usa":{"lastDate":1626739200000,"totalCases":34159723,"totalDeaths":608717,"twoWeekPercentChangeInCases":1.9457566252507676,"twoWeekPercentChangeInDeaths":0.4220408163265306,"totalVaccinationsInitiated":186474836,"totalPopulation":331486822}}
