{"usa":{"lastDate":1653004800000,"totalCases":83132374,"totalDeaths":1000411,"twoWeekPercentChangeInCases":0.5216507056957577,"twoWeekPercentChangeInDeaths":-0.49799858723805035,"twoWeekPercentChangeInHospitalizations":0.3129448015891637,"totalVaccinationsInitiated":258036101,"totalPopulation":331486822}}
