{"usa":{"lastDate":1671667200000,"totalCases":99913565,"totalDeaths":1102326,"twoWeekPercentChangeInCases":0.10047846889952175,"twoWeekPercentChangeInDeaths":-0.4276883601586191,"twoWeekPercentChangeInHospitalizations":0.1307340319516141,"totalVaccinationsInitiated":260872513,"totalPopulation":331486822}}
