{"usa":{"lastDate":1664323200000,"totalCases":91063331,"totalDeaths":1054432,"twoWeekPercentChangeInCases":-0.2263157894736842,"twoWeekPercentChangeInDeaths":-0.10855884203901824,"twoWeekPercentChangeInHospitalizations":-0.13025051348968886,"totalVaccinationsInitiated":250092383,"totalPopulation":331486822}}
