{"usa":{"lastDate":1645574400000,"totalCases":78641256,"totalDeaths":940404,"twoWeekPercentChangeInCases":-0.651426232005484,"twoWeekPercentChangeInDeaths":-0.2577745519513149,"twoWeekPercentChangeInHospitalizations":-0.43734207020895843,"totalVaccinationsInitiated":253179401,"totalPopulation":331486822}}
