{"usa":{"lastDate":1665532800000,"totalCases":91600770,"totalDeaths":1059871,"twoWeekPercentChangeInCases":-0.21088435374149653,"twoWeekPercentChangeInDeaths":null,"twoWeekPercentChangeInHospitalizations":-0.055252535995178785,"totalVaccinationsInitiated":250956639,"totalPopulation":331486822}}
