{"usa":{"lastDate":1679011200000,"totalCases":101579078,"totalDeaths":1134333,"twoWeekPercentChangeInCases":-0.5258620689655172,"twoWeekPercentChangeInDeaths":0.12814465408805026,"twoWeekPercentChangeInHospitalizations":-0.13978431291707655,"totalVaccinationsInitiated":262206434,"totalPopulation":331486822}}
