{"usa":{"lastDate":1622073600000,"totalCases":33234576,"totalDeaths":592938,"twoWeekPercentChangeInCases":-0.3506697139356123,"twoWeekPercentChangeInDeaths":0.09924190213645753,"totalVaccinationsInitiated":165718717,"totalPopulation":331486822}}
