{"usa":{"lastDate":1653177600000,"totalCases":83191668,"totalDeaths":1000577,"twoWeekPercentChangeInCases":0.5375855392629945,"twoWeekPercentChangeInDeaths":-0.47647058823529415,"twoWeekPercentChangeInHospitalizations":0.28257666968285194,"totalVaccinationsInitiated":258149591,"totalPopulation":331486822}}
