{"usa":{"lastDate":1640131200000,"totalCases":51547528,"totalDeaths":810503,"twoWeekPercentChangeInCases":0.42049129217105885,"twoWeekPercentChangeInDeaths":0.03805241802829248,"totalVaccinationsInitiated":241583543,"totalPopulation":331486822}}
