{"usa":{"lastDate":1672963200000,"totalCases":99867220,"totalDeaths":1103687,"twoWeekPercentChangeInCases":0.5613207547169814,"twoWeekPercentChangeInDeaths":0.9459876543209876,"twoWeekPercentChangeInHospitalizations":0.08477378110681276,"totalVaccinationsInitiated":261041288,"totalPopulation":331486822}}
