{"usa":{"lastDate":1648771200000,"totalCases":80040440,"totalDeaths":979828,"twoWeekPercentChangeInCases":-0.0858578949458755,"twoWeekPercentChangeInDeaths":-0.3959158250656226,"twoWeekPercentChangeInHospitalizations":-0.30790317733854206,"totalVaccinationsInitiated":255582575,"totalPopulation":331486822}}
