{"usa":{"lastDate":1649894400000,"totalCases":80466108,"totalDeaths":986448,"twoWeekPercentChangeInCases":0.2536098212581896,"twoWeekPercentChangeInDeaths":-0.2748696558915537,"twoWeekPercentChangeInHospitalizations":-0.10691460489222736,"totalVaccinationsInitiated":256590734,"totalPopulation":331486822}}
