{"usa":{"lastDate":1672272000000,"totalCases":98890731,"totalDeaths":1105406,"twoWeekPercentChangeInCases":-0.16402116402116398,"twoWeekPercentChangeInDeaths":0.9105733824303001,"twoWeekPercentChangeInHospitalizations":0.12131363553969071,"totalVaccinationsInitiated":261041288,"totalPopulation":331486822}}
