{"usa":{"lastDate":1626652800000,"totalCases":34097758,"totalDeaths":608419,"twoWeekPercentChangeInCases":1.981206846251094,"twoWeekPercentChangeInDeaths":0.4439738159414708,"totalVaccinationsInitiated":186317651,"totalPopulation":331486822}}
