{"usa":{"lastDate":1646697600000,"totalCases":79268077,"totalDeaths":960687,"twoWeekPercentChangeInCases":-0.5412374877849088,"twoWeekPercentChangeInDeaths":-0.2708456098998232,"twoWeekPercentChangeInHospitalizations":-0.434608883452379,"totalVaccinationsInitiated":254071045,"totalPopulation":331486822}}
