{"usa":{"lastDate":1629244800000,"totalCases":37287911,"totalDeaths":624326,"twoWeekPercentChangeInCases":0.45417134528581105,"twoWeekPercentChangeInDeaths":0.7954037663581233,"totalVaccinationsInitiated":199325940,"totalPopulation":331486822}}
