{"usa":{"lastDate":1666310400000,"totalCases":96790411,"totalDeaths":1065491,"twoWeekPercentChangeInCases":-0.13821138211382122,"twoWeekPercentChangeInDeaths":-0.340638216070742,"twoWeekPercentChangeInHospitalizations":0.01974414080294981,"totalVaccinationsInitiated":251770855,"totalPopulation":331486822}}
