{"usa":{"lastDate":1635033600000,"totalCases":45423365,"totalDeaths":736112,"twoWeekPercentChangeInCases":-0.24772211167903185,"twoWeekPercentChangeInDeaths":-0.06947115384615386,"totalVaccinationsInitiated":220519217,"totalPopulation":331486822}}
