{"usa":{"lastDate":1658880000000,"totalCases":88893964,"totalDeaths":1025143,"twoWeekPercentChangeInCases":0.01856763925729431,"twoWeekPercentChangeInDeaths":-0.01094890510948907,"twoWeekPercentChangeInHospitalizations":0.10551469525763653,"totalVaccinationsInitiated":254305796,"totalPopulation":331486822}}
