{"usa":{"lastDate":1629936000000,"totalCases":38552541,"totalDeaths":634735,"twoWeekPercentChangeInCases":0.2414944612194619,"twoWeekPercentChangeInDeaths":1.0013904982618773,"totalVaccinationsInitiated":202961676,"totalPopulation":331486822}}
