{"usa":{"lastDate":1651536000000,"totalCases":81440777,"totalDeaths":993088,"twoWeekPercentChangeInCases":0.519445874961376,"twoWeekPercentChangeInDeaths":-0.13951281240113889,"twoWeekPercentChangeInHospitalizations":0.1777587947503299,"totalVaccinationsInitiated":257823699,"totalPopulation":331486822}}
