{"usa":{"lastDate":1640390400000,"totalCases":52054982,"totalDeaths":814891,"twoWeekPercentChangeInCases":0.5760414583231033,"twoWeekPercentChangeInDeaths":0.13547736441057825,"totalVaccinationsInitiated":241520561,"totalPopulation":331486822}}
