{"usa":{"lastDate":1626134400000,"totalCases":33894324,"totalDeaths":607369,"twoWeekPercentChangeInCases":1.0991914625905819,"twoWeekPercentChangeInDeaths":0.169792194627471,"totalVaccinationsInitiated":184543821,"totalPopulation":331486822}}
