{"usa":{"lastDate":1632700800000,"totalCases":43100295,"totalDeaths":690558,"twoWeekPercentChangeInCases":-0.3290587248812925,"twoWeekPercentChangeInDeaths":0.1232116331795795,"totalVaccinationsInitiated":213657193,"totalPopulation":331486822}}
