{"usa":{"lastDate":1655251200000,"totalCases":85871798,"totalDeaths":1009151,"twoWeekPercentChangeInCases":0.022580645161290325,"twoWeekPercentChangeInDeaths":0.09022177419354832,"twoWeekPercentChangeInHospitalizations":0.08009672135409886,"totalVaccinationsInitiated":259148285,"totalPopulation":331486822}}
