{"usa":{"lastDate":1630108800000,"totalCases":38823893,"totalDeaths":637036,"twoWeekPercentChangeInCases":0.1965266501164204,"twoWeekPercentChangeInDeaths":0.94768962510898,"totalVaccinationsInitiated":203992008,"totalPopulation":331486822}}
