{"usa":{"lastDate":1670976000000,"totalCases":96545538,"totalDeaths":1094725,"twoWeekPercentChangeInCases":0.5772357723577233,"twoWeekPercentChangeInDeaths":0.39896373056994816,"twoWeekPercentChangeInHospitalizations":0.10400332271475204,"totalVaccinationsInitiated":253395555,"totalPopulation":331486822}}
