{"usa":{"lastDate":1622678400000,"totalCases":33336374,"totalDeaths":595937,"twoWeekPercentChangeInCases":-0.48007615468301845,"twoWeekPercentChangeInDeaths":-0.28032668748498674,"totalVaccinationsInitiated":169735441,"totalPopulation":331486822}}
