{"usa":{"lastDate":1632009600000,"totalCases":42064813,"totalDeaths":673922,"twoWeekPercentChangeInCases":-0.08183637506752034,"twoWeekPercentChangeInDeaths":0.2886324081707428,"totalVaccinationsInitiated":211776515,"totalPopulation":331486822}}
