{"usa":{"lastDate":1641945600000,"totalCases":63222737,"totalDeaths":843327,"twoWeekPercentChangeInCases":1.594992319421109,"twoWeekPercentChangeInDeaths":0.18325770904713387,"totalVaccinationsInitiated":247695845,"totalPopulation":331486822}}
