{"usa":{"lastDate":1678752000000,"totalCases":101701661,"totalDeaths":1133244,"twoWeekPercentChangeInCases":-0.2755102040816328,"twoWeekPercentChangeInDeaths":null,"twoWeekPercentChangeInHospitalizations":-0.14839725783571817,"totalVaccinationsInitiated":262117909,"totalPopulation":331486822}}
