{"usa":{"lastDate":1674086400000,"totalCases":101562759,"totalDeaths":1113649,"twoWeekPercentChangeInCases":null,"twoWeekPercentChangeInDeaths":-0.08523375142531359,"twoWeekPercentChangeInHospitalizations":-0.2276579816317527,"totalVaccinationsInitiated":261351424,"totalPopulation":331486822}}
