{"usa":{"lastDate":1649116800000,"totalCases":80125458,"totalDeaths":981146,"twoWeekPercentChangeInCases":0.004247963187593091,"twoWeekPercentChangeInDeaths":-0.39999999999999997,"twoWeekPercentChangeInHospitalizations":-0.2578300719748088,"totalVaccinationsInitiated":255873739,"totalPopulation":331486822}}
