{"usa":{"lastDate":1638230400000,"totalCases":48520095,"totalDeaths":780843,"twoWeekPercentChangeInCases":-0.06692279896099519,"twoWeekPercentChangeInDeaths":-0.1815211709357031,"totalVaccinationsInitiated":233207582,"totalPopulation":331486822}}
