{"usa":{"lastDate":1643155200000,"totalCases":72896986,"totalDeaths":874733,"twoWeekPercentChangeInCases":-0.2116991714291839,"twoWeekPercentChangeInDeaths":0.3307117271453044,"twoWeekPercentChangeInHospitalizations":0.009272092728606037,"totalVaccinationsInitiated":249267851,"totalPopulation":331486822}}
