{"usa":{"lastDate":1664409600000,"totalCases":95953950,"totalDeaths":1056732,"twoWeekPercentChangeInCases":-0.2552083333333332,"twoWeekPercentChangeInDeaths":-0.12715368711233635,"twoWeekPercentChangeInHospitalizations":-0.11585547369204445,"totalVaccinationsInitiated":250092383,"totalPopulation":331486822}}
