{"usa":{"lastDate":1649376000000,"totalCases":80254032,"totalDeaths":983436,"twoWeekPercentChangeInCases":0.0334350549962448,"twoWeekPercentChangeInDeaths":-0.35830324909747296,"twoWeekPercentChangeInHospitalizations":-0.20204915533329273,"totalVaccinationsInitiated":256151498,"totalPopulation":331486822}}
