{"usa":{"lastDate":1644451200000,"totalCases":77356725,"totalDeaths":914333,"twoWeekPercentChangeInCases":-0.6525327677379639,"twoWeekPercentChangeInDeaths":0.03666895133653171,"twoWeekPercentChangeInHospitalizations":-0.3167279633568987,"totalVaccinationsInitiated":251655172,"totalPopulation":331486822}}
