{"usa":{"lastDate":1670976000000,"totalCases":94895527,"totalDeaths":1094503,"twoWeekPercentChangeInCases":0.5772357723577233,"twoWeekPercentChangeInDeaths":0.37551652892562,"twoWeekPercentChangeInHospitalizations":0.13154322457728032,"totalVaccinationsInitiated":253395555,"totalPopulation":331486822}}
