{"usa":{"lastDate":1674000000000,"totalCases":96723308,"totalDeaths":1110441,"twoWeekPercentChangeInCases":null,"twoWeekPercentChangeInDeaths":1.1391453316836395,"twoWeekPercentChangeInHospitalizations":-0.21758805384854507,"totalVaccinationsInitiated":261200336,"totalPopulation":331486822}}
