{"usa":{"lastDate":1650499200000,"totalCases":80766973,"totalDeaths":989094,"twoWeekPercentChangeInCases":0.4651782285544846,"twoWeekPercentChangeInDeaths":-0.29156626506024097,"twoWeekPercentChangeInHospitalizations":0.013681663690304794,"totalVaccinationsInitiated":257105236,"totalPopulation":331486822}}
