{"usa":{"lastDate":1676592000000,"totalCases":102697153,"totalDeaths":1128137,"twoWeekPercentChangeInCases":-0.11194029850746266,"twoWeekPercentChangeInDeaths":-0.4560204953031597,"twoWeekPercentChangeInHospitalizations":-0.07380436726340688,"totalVaccinationsInitiated":261850257,"totalPopulation":331486822}}
