{"usa":{"lastDate":1634342400000,"totalCases":44892707,"totalDeaths":724317,"twoWeekPercentChangeInCases":-0.22607957119628896,"twoWeekPercentChangeInDeaths":-0.16733580789334146,"totalVaccinationsInitiated":218562924,"totalPopulation":331486822}}
