{"usa":{"lastDate":1653523200000,"totalCases":83762353,"totalDeaths":1002524,"twoWeekPercentChangeInCases":0.24344569288389525,"twoWeekPercentChangeInDeaths":0.17446211412535076,"twoWeekPercentChangeInHospitalizations":0.2907920255547315,"totalVaccinationsInitiated":258394333,"totalPopulation":331486822}}
