{"usa":{"lastDate":1634774400000,"totalCases":45289095,"totalDeaths":733385,"twoWeekPercentChangeInCases":-0.2433868342274011,"twoWeekPercentChangeInDeaths":-0.06222760290556899,"totalVaccinationsInitiated":219624445,"totalPopulation":331486822}}
