{"usa":{"lastDate":1646524800000,"totalCases":79173274,"totalDeaths":957427,"twoWeekPercentChangeInCases":-0.5481927389072573,"twoWeekPercentChangeInDeaths":-0.32088110266649494,"twoWeekPercentChangeInHospitalizations":-0.43282437763684195,"totalVaccinationsInitiated":254071045,"totalPopulation":331486822}}
