{"usa":{"lastDate":1650585600000,"totalCases":80836870,"totalDeaths":989851,"twoWeekPercentChangeInCases":0.4931850277612942,"twoWeekPercentChangeInDeaths":-0.262317643820534,"twoWeekPercentChangeInHospitalizations":0.013681663690304794,"totalVaccinationsInitiated":257105236,"totalPopulation":331486822}}
