{"usa":{"lastDate":1645401600000,"totalCases":78434184,"totalDeaths":934659,"twoWeekPercentChangeInCases":-0.6628377796284065,"twoWeekPercentChangeInDeaths":-0.24681248626071667,"twoWeekPercentChangeInHospitalizations":-0.42578180363255075,"totalVaccinationsInitiated":252791817,"totalPopulation":331486822}}
