{"usa":{"lastDate":1678752000000,"totalCases":103560011,"totalDeaths":1121340,"twoWeekPercentChangeInCases":-0.2755102040816328,"twoWeekPercentChangeInDeaths":0.12814465408805026,"twoWeekPercentChangeInHospitalizations":-0.16144692737430172,"totalVaccinationsInitiated":262117909,"totalPopulation":331486822}}
