{"usa":{"lastDate":1652918400000,"totalCases":82992947,"totalDeaths":1000013,"twoWeekPercentChangeInCases":0.5114124550132512,"twoWeekPercentChangeInDeaths":-0.4873012105388085,"twoWeekPercentChangeInHospitalizations":0.3129448015891637,"totalVaccinationsInitiated":258036101,"totalPopulation":331486822}}
