{"usa":{"lastDate":1634947200000,"totalCases":45406263,"totalDeaths":735964,"twoWeekPercentChangeInCases":-0.24338531576194652,"twoWeekPercentChangeInDeaths":-0.049069235793598974,"totalVaccinationsInitiated":220145796,"totalPopulation":331486822}}
