{"usa":{"lastDate":1672272000000,"totalCases":95776454,"totalDeaths":1103159,"twoWeekPercentChangeInCases":-0.16402116402116398,"twoWeekPercentChangeInDeaths":-0.12319481284998539,"twoWeekPercentChangeInHospitalizations":0.15120565661449215,"totalVaccinationsInitiated":261041288,"totalPopulation":331486822}}
