{"usa":{"lastDate":1655251200000,"totalCases":85745282,"totalDeaths":1010031,"twoWeekPercentChangeInCases":0.02941176470588233,"twoWeekPercentChangeInDeaths":-0.15935919055649242,"twoWeekPercentChangeInHospitalizations":0.03032652540459898,"totalVaccinationsInitiated":252434423,"totalPopulation":331486822}}
