{"usa":{"lastDate":1666310400000,"totalCases":96790411,"totalDeaths":1066888,"twoWeekPercentChangeInCases":-0.13821138211382122,"twoWeekPercentChangeInDeaths":-0.13207849419303158,"twoWeekPercentChangeInHospitalizations":0.017662017827984027,"totalVaccinationsInitiated":251770855,"totalPopulation":331486822}}
