{"usa":{"lastDate":1665532800000,"totalCases":92183203,"totalDeaths":1060279,"twoWeekPercentChangeInCases":-0.21088435374149653,"twoWeekPercentChangeInDeaths":0.07474440453163857,"twoWeekPercentChangeInHospitalizations":-0.04687218501799009,"totalVaccinationsInitiated":250956639,"totalPopulation":331486822}}
