{"usa":{"lastDate":1626048000000,"totalCases":33851623,"totalDeaths":606577,"twoWeekPercentChangeInCases":0.9440229649374615,"twoWeekPercentChangeInDeaths":-0.11944718657453113,"totalVaccinationsInitiated":184365333,"totalPopulation":331486822}}
