{"usa":{"lastDate":1661904000000,"totalCases":91422745,"totalDeaths":1039333,"twoWeekPercentChangeInCases":-0.12162162162162167,"twoWeekPercentChangeInDeaths":0.004031402503713231,"twoWeekPercentChangeInHospitalizations":-0.093513464081713,"totalVaccinationsInitiated":248926791,"totalPopulation":331486822}}
