{"usa":{"lastDate":1636934400000,"totalCases":47185246,"totalDeaths":763178,"twoWeekPercentChangeInCases":0.15047976456330384,"twoWeekPercentChangeInDeaths":-0.13719711853307145,"totalVaccinationsInitiated":227691941,"totalPopulation":331486822}}
