{"usa":{"lastDate":1637280000000,"totalCases":47619573,"totalDeaths":769310,"twoWeekPercentChangeInCases":0.3106577743932356,"twoWeekPercentChangeInDeaths":-0.05993840322198526,"totalVaccinationsInitiated":229291004,"totalPopulation":331486822}}
