{"usa":{"lastDate":1663113600000,"totalCases":92505595,"totalDeaths":1049213,"twoWeekPercentChangeInCases":-0.2692307692307693,"twoWeekPercentChangeInDeaths":-0.3801560758082497,"twoWeekPercentChangeInHospitalizations":-0.12185016533425926,"totalVaccinationsInitiated":249380682,"totalPopulation":331486822}}
