{"usa":{"lastDate":1626739200000,"totalCases":34159770,"totalDeaths":609111,"twoWeekPercentChangeInCases":1.9462775567205701,"twoWeekPercentChangeInDeaths":0.3204252088078967,"totalVaccinationsInitiated":186474836,"totalPopulation":331486822}}
