{"usa":{"lastDate":1641772800000,"totalCases":61584415,"totalDeaths":837911,"twoWeekPercentChangeInCases":2.242971375316998,"twoWeekPercentChangeInDeaths":0.14174139427249058,"totalVaccinationsInitiated":247051363,"totalPopulation":331486822}}
