{"usa":{"lastDate":1675382400000,"totalCases":102163260,"totalDeaths":1106004,"twoWeekPercentChangeInCases":null,"twoWeekPercentChangeInDeaths":-0.12912258867454895,"twoWeekPercentChangeInHospitalizations":-0.12922364301739364,"totalVaccinationsInitiated":261612030,"totalPopulation":331486822}}
