{"usa":{"lastDate":1646697600000,"totalCases":79268262,"totalDeaths":960688,"twoWeekPercentChangeInCases":-0.540932110503658,"twoWeekPercentChangeInDeaths":-0.27077195050088393,"twoWeekPercentChangeInHospitalizations":-0.43848405938537205,"totalVaccinationsInitiated":254071045,"totalPopulation":331486822}}
