{"usa":{"lastDate":1668556800000,"totalCases":95075838,"totalDeaths":1084750,"twoWeekPercentChangeInCases":0.04424778761061932,"twoWeekPercentChangeInDeaths":0.15768600741443223,"twoWeekPercentChangeInHospitalizations":-0.0052012115520559754,"totalVaccinationsInitiated":253081720,"totalPopulation":331486822}}
