{"usa":{"lastDate":1632787200000,"totalCases":43205257,"totalDeaths":692737,"twoWeekPercentChangeInCases":-0.2601343048320543,"twoWeekPercentChangeInDeaths":0.07261175402768322,"totalVaccinationsInitiated":213752856,"totalPopulation":331486822}}
