{"usa":{"lastDate":1640736000000,"totalCases":53657850,"totalDeaths":821302,"twoWeekPercentChangeInCases":1.5072646114986283,"twoWeekPercentChangeInDeaths":0.18618189806678379,"totalVaccinationsInitiated":243182423,"totalPopulation":331486822}}
