{"usa":{"lastDate":1654646400000,"totalCases":83491751,"totalDeaths":1002865,"twoWeekPercentChangeInCases":0,"twoWeekPercentChangeInDeaths":-0.08402366863905329,"twoWeekPercentChangeInHospitalizations":0.10732658457757945,"totalVaccinationsInitiated":255311928,"totalPopulation":331486822}}
