{"usa":{"lastDate":1626912000000,"totalCases":34281667,"totalDeaths":609866,"twoWeekPercentChangeInCases":1.7696640621551227,"twoWeekPercentChangeInDeaths":0.2285714285714286,"totalVaccinationsInitiated":186819440,"totalPopulation":331486822}}
