{"usa":{"lastDate":1632355200000,"totalCases":42678094,"totalDeaths":684488,"twoWeekPercentChangeInCases":-0.14253493361164268,"twoWeekPercentChangeInDeaths":0.2891381025594645,"totalVaccinationsInitiated":212564346,"totalPopulation":331486822}}
