{"usa":{"lastDate":1638144000000,"totalCases":48411494,"totalDeaths":779293,"twoWeekPercentChangeInCases":-0.08137816322546883,"twoWeekPercentChangeInDeaths":-0.2173308032890575,"totalVaccinationsInitiated":233207582,"totalPopulation":331486822}}
