{"usa":{"lastDate":1665532800000,"totalCases":93792411,"totalDeaths":1050499,"twoWeekPercentChangeInCases":-0.21088435374149653,"twoWeekPercentChangeInDeaths":0.22398589065255728,"twoWeekPercentChangeInHospitalizations":-0.05560741363037646,"totalVaccinationsInitiated":250956639,"totalPopulation":331486822}}
