{"usa":{"lastDate":1666310400000,"totalCases":96790411,"totalDeaths":1051399,"twoWeekPercentChangeInCases":-0.13821138211382122,"twoWeekPercentChangeInDeaths":-0.3522286821705426,"twoWeekPercentChangeInHospitalizations":0.017662017827984027,"totalVaccinationsInitiated":251770855,"totalPopulation":331486822}}
