{"usa":{"lastDate":1676592000000,"totalCases":102327170,"totalDeaths":1124837,"twoWeekPercentChangeInCases":-0.11194029850746266,"twoWeekPercentChangeInDeaths":-0.3493248045486852,"twoWeekPercentChangeInHospitalizations":-0.06783486256615448,"totalVaccinationsInitiated":261850257,"totalPopulation":331486822}}
