{"usa":{"lastDate":1639526400000,"totalCases":50346987,"totalDeaths":801037,"twoWeekPercentChangeInCases":0.4122908871251907,"twoWeekPercentChangeInDeaths":0.37585008311923834,"totalVaccinationsInitiated":239975167,"totalPopulation":331486822}}
