{"usa":{"lastDate":1681257600000,"totalCases":103299748,"totalDeaths":1128903,"twoWeekPercentChangeInCases":-0.38028169014084495,"twoWeekPercentChangeInDeaths":null,"twoWeekPercentChangeInHospitalizations":-0.1481821132932965,"totalVaccinationsInitiated":262581470,"totalPopulation":331486822}}
