{"usa":{"lastDate":1633564800000,"totalCases":44155950,"totalDeaths":710342,"twoWeekPercentChangeInCases":-0.21522277826332953,"twoWeekPercentChangeInDeaths":-0.1339035333707235,"totalVaccinationsInitiated":216268034,"totalPopulation":331486822}}
