{"usa":{"lastDate":1629244800000,"totalCases":37296398,"totalDeaths":624365,"twoWeekPercentChangeInCases":0.4667935780839845,"twoWeekPercentChangeInDeaths":0.8078518991382062,"totalVaccinationsInitiated":199325940,"totalPopulation":331486822}}
