{"usa":{"lastDate":1660694400000,"totalCases":91096462,"totalDeaths":1035823,"twoWeekPercentChangeInCases":-0.15428571428571417,"twoWeekPercentChangeInDeaths":-0.08357600465928947,"twoWeekPercentChangeInHospitalizations":-0.0698204314678783,"totalVaccinationsInitiated":248384721,"totalPopulation":331486822}}
