{"usa":{"lastDate":1622592000000,"totalCases":33320769,"totalDeaths":595321,"twoWeekPercentChangeInCases":-0.4606090745476934,"twoWeekPercentChangeInDeaths":-0.13243180228491486,"totalVaccinationsInitiated":169090262,"totalPopulation":331486822}}
