{"usa":{"lastDate":1669852800000,"totalCases":95600147,"totalDeaths":1090029,"twoWeekPercentChangeInCases":0.3043478260869565,"twoWeekPercentChangeInDeaths":-0.11720067453625618,"twoWeekPercentChangeInHospitalizations":0.2856840727126241,"totalVaccinationsInitiated":252898654,"totalPopulation":331486822}}
