{"usa":{"lastDate":1630800000000,"totalCases":40003558,"totalDeaths":648241,"twoWeekPercentChangeInCases":0.0762214822047431,"twoWeekPercentChangeInDeaths":0.5424401303670116,"totalVaccinationsInitiated":206908710,"totalPopulation":331486822}}
