{"usa":{"lastDate":1629849600000,"totalCases":38357968,"totalDeaths":632477,"twoWeekPercentChangeInCases":0.21821547021664284,"twoWeekPercentChangeInDeaths":1.0977501939487975,"totalVaccinationsInitiated":202500853,"totalPopulation":331486822}}
