{"usa":{"lastDate":1654992000000,"totalCases":85444660,"totalDeaths":1007845,"twoWeekPercentChangeInCases":0.03448275862068975,"twoWeekPercentChangeInDeaths":0.03976833976833979,"twoWeekPercentChangeInHospitalizations":0.10399563587354738,"totalVaccinationsInitiated":258984883,"totalPopulation":331486822}}
