{"usa":{"lastDate":1635120000000,"totalCases":45528926,"totalDeaths":737526,"twoWeekPercentChangeInCases":-0.21517917242215337,"twoWeekPercentChangeInDeaths":-0.0404928060653054,"totalVaccinationsInitiated":220519217,"totalPopulation":331486822}}
