{"usa":{"lastDate":1622937600000,"totalCases":33369389,"totalDeaths":597228,"twoWeekPercentChangeInCases":-0.4491320464716785,"twoWeekPercentChangeInDeaths":-0.22464503042596357,"totalVaccinationsInitiated":170833221,"totalPopulation":331486822}}
