{"usa":{"lastDate":1638835200000,"totalCases":49356263,"totalDeaths":790082,"twoWeekPercentChangeInCases":0.24999438944437558,"twoWeekPercentChangeInDeaths":-0.07447128395309209,"totalVaccinationsInitiated":236363835,"totalPopulation":331486822}}
