{"usa":{"lastDate":1624320000000,"totalCases":33537764,"totalDeaths":602164,"twoWeekPercentChangeInCases":-0.21213850994082203,"twoWeekPercentChangeInDeaths":-0.1961295124674358,"totalVaccinationsInitiated":177635067,"totalPopulation":331486822}}
