{"usa":{"lastDate":1626480000000,"totalCases":34032403,"totalDeaths":608153,"twoWeekPercentChangeInCases":1.349416851750518,"twoWeekPercentChangeInDeaths":0.2658115877930118,"totalVaccinationsInitiated":185765452,"totalPopulation":331486822}}
