{"usa":{"lastDate":1640476800000,"totalCases":52244696,"totalDeaths":814970,"twoWeekPercentChangeInCases":0.7128047986174936,"twoWeekPercentChangeInDeaths":0.12234873855771367,"totalVaccinationsInitiated":241520561,"totalPopulation":331486822}}
