{"usa":{"lastDate":1673395200000,"totalCases":98330248,"totalDeaths":1107209,"twoWeekPercentChangeInCases":0.04571428571428582,"twoWeekPercentChangeInDeaths":0.4228961982058948,"twoWeekPercentChangeInHospitalizations":-0.13526426813185452,"totalVaccinationsInitiated":261012851,"totalPopulation":331486822}}
