{"usa":{"lastDate":1652140800000,"totalCases":81983860,"totalDeaths":996916,"twoWeekPercentChangeInCases":0.5419557983441413,"twoWeekPercentChangeInDeaths":0.6158716758125792,"twoWeekPercentChangeInHospitalizations":0.19245155012809884,"totalVaccinationsInitiated":258229583,"totalPopulation":331486822}}
