{"usa":{"lastDate":1662595200000,"totalCases":94771654,"totalDeaths":1047686,"twoWeekPercentChangeInCases":-0.21673003802281374,"twoWeekPercentChangeInDeaths":0.007423117709437964,"twoWeekPercentChangeInHospitalizations":-0.10924267534323649,"totalVaccinationsInitiated":249108488,"totalPopulation":331486822}}
