{"usa":{"lastDate":1652918400000,"totalCases":82924939,"totalDeaths":999747,"twoWeekPercentChangeInCases":0.37115073267816834,"twoWeekPercentChangeInDeaths":-0.5504391170187516,"twoWeekPercentChangeInHospitalizations":0.31212914485165794,"totalVaccinationsInitiated":258008907,"totalPopulation":331486822}}
