{"usa":{"lastDate":1649030400000,"totalCases":80097539,"totalDeaths":980648,"twoWeekPercentChangeInCases":-0.10437191302119689,"twoWeekPercentChangeInDeaths":-0.4087856743144936,"twoWeekPercentChangeInHospitalizations":-0.2678722047357486,"totalVaccinationsInitiated":255765972,"totalPopulation":331486822}}
