{"usa":{"lastDate":1679270400000,"totalCases":103645593,"totalDeaths":1124698,"twoWeekPercentChangeInCases":-0.5391304347826088,"twoWeekPercentChangeInDeaths":-0.04,"twoWeekPercentChangeInHospitalizations":-0.11367026554604169,"totalVaccinationsInitiated":262331019,"totalPopulation":331486822}}
