{"usa":{"lastDate":1638230400000,"totalCases":48520788,"totalDeaths":780848,"twoWeekPercentChangeInCases":-0.06579985708012426,"twoWeekPercentChangeInDeaths":-0.18086774699424982,"totalVaccinationsInitiated":233590555,"totalPopulation":331486822}}
