{"usa":{"lastDate":1637798400000,"totalCases":48095028,"totalDeaths":776574,"twoWeekPercentChangeInCases":0.14569999710924167,"twoWeekPercentChangeInDeaths":-0.11927963488343404,"totalVaccinationsInitiated":231367686,"totalPopulation":331486822}}
