{"usa":{"lastDate":1658275200000,"totalCases":89745671,"totalDeaths":1023843,"twoWeekPercentChangeInCases":0.1962616822429905,"twoWeekPercentChangeInDeaths":0.05248522766770938,"twoWeekPercentChangeInHospitalizations":0.11283651085648662,"totalVaccinationsInitiated":254305796,"totalPopulation":331486822}}
