{"usa":{"lastDate":1638489600000,"totalCases":48947978,"totalDeaths":786270,"twoWeekPercentChangeInCases":0.19903260506917328,"twoWeekPercentChangeInDeaths":-0.08989657915672249,"totalVaccinationsInitiated":235297964,"totalPopulation":331486822}}
