{"usa":{"lastDate":1663113600000,"totalCases":92505595,"totalDeaths":1049221,"twoWeekPercentChangeInCases":-0.2692307692307693,"twoWeekPercentChangeInDeaths":-0.3756967670011148,"twoWeekPercentChangeInHospitalizations":-0.12515738305841115,"totalVaccinationsInitiated":249380682,"totalPopulation":331486822}}
