{"usa":{"lastDate":1652054400000,"totalCases":81890447,"totalDeaths":996612,"twoWeekPercentChangeInCases":0.49277634125927217,"twoWeekPercentChangeInDeaths":0.6638855780691302,"twoWeekPercentChangeInHospitalizations":0.19245155012809884,"totalVaccinationsInitiated":258229583,"totalPopulation":331486822}}
