{"usa":{"lastDate":1663113600000,"totalCases":92505595,"totalDeaths":1049730,"twoWeekPercentChangeInCases":-0.2692307692307693,"twoWeekPercentChangeInDeaths":-0.2607988852763585,"twoWeekPercentChangeInHospitalizations":-0.12515738305841115,"totalVaccinationsInitiated":249380682,"totalPopulation":331486822}}
