{"usa":{"lastDate":1622505600000,"totalCases":33303277,"totalDeaths":594722,"twoWeekPercentChangeInCases":-0.4498744393383619,"twoWeekPercentChangeInDeaths":-0.08381891528462575,"totalVaccinationsInitiated":168489729,"totalPopulation":331486822}}
