{"usa":{"lastDate":1629849600000,"totalCases":38364673,"totalDeaths":632522,"twoWeekPercentChangeInCases":0.22592356285170703,"twoWeekPercentChangeInDeaths":1.1093871217998446,"totalVaccinationsInitiated":202500853,"totalPopulation":331486822}}
