{"usa":{"lastDate":1655596800000,"totalCases":86127070,"totalDeaths":1009893,"twoWeekPercentChangeInCases":-0.08695652173913056,"twoWeekPercentChangeInDeaths":0.03173803526448363,"twoWeekPercentChangeInHospitalizations":0.04734822974193202,"totalVaccinationsInitiated":259198178,"totalPopulation":331486822}}
