{"usa":{"lastDate":1637366400000,"totalCases":47661242,"totalDeaths":769643,"twoWeekPercentChangeInCases":0.26565813988914794,"twoWeekPercentChangeInDeaths":-0.08617257932326423,"totalVaccinationsInitiated":229837421,"totalPopulation":331486822}}
