{"usa":{"lastDate":1650758400000,"totalCases":80869032,"totalDeaths":989709,"twoWeekPercentChangeInCases":0.49804958410579375,"twoWeekPercentChangeInDeaths":-0.3394568690095846,"twoWeekPercentChangeInHospitalizations":0.04912209183822031,"totalVaccinationsInitiated":257296710,"totalPopulation":331486822}}
