{"usa":{"lastDate":1667347200000,"totalCases":95673965,"totalDeaths":1056832,"twoWeekPercentChangeInCases":0.009009009009008981,"twoWeekPercentChangeInDeaths":-0.18167202572347266,"twoWeekPercentChangeInHospitalizations":0.027480390078439706,"totalVaccinationsInitiated":252094180,"totalPopulation":331486822}}
