{"usa":{"lastDate":1636675200000,"totalCases":46949943,"totalDeaths":761354,"twoWeekPercentChangeInCases":0.088883740836576,"twoWeekPercentChangeInDeaths":-0.1802301255230125,"totalVaccinationsInitiated":225606197,"totalPopulation":331486822}}
