{"usa":{"lastDate":1621728000000,"totalCases":33137938,"totalDeaths":589517,"twoWeekPercentChangeInCases":-0.382594851821789,"twoWeekPercentChangeInDeaths":-0.1498167708557878,"totalVaccinationsInitiated":163309414,"totalPopulation":331486822}}
