{"usa":{"lastDate":1642982400000,"totalCases":71697688,"totalDeaths":867868,"twoWeekPercentChangeInCases":-0.050349592555248825,"twoWeekPercentChangeInDeaths":0.3912423454408187,"twoWeekPercentChangeInHospitalizations":0.08913585732607572,"totalVaccinationsInitiated":251289667,"totalPopulation":331486822}}
