{"usa":{"lastDate":1630540800000,"totalCases":39702932,"totalDeaths":645383,"twoWeekPercentChangeInCases":0.13982044828474607,"twoWeekPercentChangeInDeaths":0.6700125470514429,"totalVaccinationsInitiated":205911640,"totalPopulation":331486822}}
