{"usa":{"lastDate":1623715200000,"totalCases":33452691,"totalDeaths":599869,"twoWeekPercentChangeInCases":-0.20050839688294372,"twoWeekPercentChangeInDeaths":-0.4336661911554922,"totalVaccinationsInitiated":174674144,"totalPopulation":331486822}}
