{"usa":{"lastDate":1629590400000,"totalCases":37777607,"totalDeaths":628285,"twoWeekPercentChangeInCases":0.35657250582975436,"twoWeekPercentChangeInDeaths":0.9537652270210409,"totalVaccinationsInitiated":201425785,"totalPopulation":331486822}}
