{"usa":{"lastDate":1648771200000,"totalCases":80039322,"totalDeaths":979827,"twoWeekPercentChangeInCases":-0.09079154659829577,"twoWeekPercentChangeInDeaths":-0.3960492948347199,"twoWeekPercentChangeInHospitalizations":-0.30790317733854206,"totalVaccinationsInitiated":255582575,"totalPopulation":331486822}}
