{"usa":{"lastDate":1652227200000,"totalCases":82145395,"totalDeaths":997481,"twoWeekPercentChangeInCases":0.6036379980576655,"twoWeekPercentChangeInDeaths":0.012762453684643934,"twoWeekPercentChangeInHospitalizations":0.19720940838054474,"totalVaccinationsInitiated":258284015,"totalPopulation":331486822}}
