{"usa":{"lastDate":1632528000000,"totalCases":42870550,"totalDeaths":687876,"twoWeekPercentChangeInCases":-0.17849840345760185,"twoWeekPercentChangeInDeaths":0.22118353344768432,"totalVaccinationsInitiated":213177462,"totalPopulation":331486822}}
