{"usa":{"lastDate":1682467200000,"totalCases":100841843,"totalDeaths":1129993,"twoWeekPercentChangeInCases":-0.1363636363636364,"twoWeekPercentChangeInDeaths":-0.19510328997704676,"twoWeekPercentChangeInHospitalizations":-0.14602415360607904,"totalVaccinationsInitiated":262581470,"totalPopulation":331486822}}
