{"usa":{"lastDate":1626739200000,"totalCases":34159113,"totalDeaths":608705,"twoWeekPercentChangeInCases":1.9389955997916273,"twoWeekPercentChangeInDeaths":0.4122448979591837,"totalVaccinationsInitiated":186317651,"totalPopulation":331486822}}
