{"usa":{"lastDate":1668729600000,"totalCases":96942823,"totalDeaths":1086154,"twoWeekPercentChangeInCases":0.09917355371900832,"twoWeekPercentChangeInDeaths":0.2472710014238254,"twoWeekPercentChangeInHospitalizations":0.005058135380406581,"totalVaccinationsInitiated":253374695,"totalPopulation":331486822}}
