{"usa":{"lastDate":1664323200000,"totalCases":91641368,"totalDeaths":1054863,"twoWeekPercentChangeInCases":-0.2263157894736842,"twoWeekPercentChangeInDeaths":-0.11579980372914618,"twoWeekPercentChangeInHospitalizations":-0.11747358738146452,"totalVaccinationsInitiated":250092383,"totalPopulation":331486822}}
