{"usa":{"lastDate":1660694400000,"totalCases":91096462,"totalDeaths":1035257,"twoWeekPercentChangeInCases":-0.15428571428571417,"twoWeekPercentChangeInDeaths":-0.017714791851195715,"twoWeekPercentChangeInHospitalizations":-0.05522631171950836,"totalVaccinationsInitiated":248068126,"totalPopulation":331486822}}
