{"usa":{"lastDate":1639094400000,"totalCases":49792430,"totalDeaths":795301,"twoWeekPercentChangeInCases":0.5964303015910711,"twoWeekPercentChangeInDeaths":0.580168776371308,"totalVaccinationsInitiated":238143066,"totalPopulation":331486822}}
