{"usa":{"lastDate":1646784000000,"totalCases":79315498,"totalDeaths":962498,"twoWeekPercentChangeInCases":-0.5132308275003096,"twoWeekPercentChangeInDeaths":-0.295622085151196,"twoWeekPercentChangeInHospitalizations":-0.4434232318738958,"totalVaccinationsInitiated":254071045,"totalPopulation":331486822}}
