{"usa":{"lastDate":1651708800000,"totalCases":81640939,"totalDeaths":995715,"twoWeekPercentChangeInCases":0.6046162861143942,"twoWeekPercentChangeInDeaths":0.5922146636432352,"twoWeekPercentChangeInHospitalizations":0.2010916759707232,"totalVaccinationsInitiated":257960561,"totalPopulation":331486822}}
