{"usa":{"lastDate":1655251200000,"totalCases":84220511,"totalDeaths":1009374,"twoWeekPercentChangeInCases":0.02941176470588233,"twoWeekPercentChangeInDeaths":0.03373615307150044,"twoWeekPercentChangeInHospitalizations":0.04734822974193202,"totalVaccinationsInitiated":252434423,"totalPopulation":331486822}}
