{"usa":{"lastDate":1646611200000,"totalCases":79242733,"totalDeaths":959113,"twoWeekPercentChangeInCases":-0.49849131482122294,"twoWeekPercentChangeInDeaths":-0.2512408759124088,"twoWeekPercentChangeInHospitalizations":-0.4351736330010713,"totalVaccinationsInitiated":254071045,"totalPopulation":331486822}}
