{"usa":{"lastDate":1627257600000,"totalCases":34492397,"totalDeaths":610719,"twoWeekPercentChangeInCases":1.4280619410155961,"twoWeekPercentChangeInDeaths":0.06600110926234055,"totalVaccinationsInitiated":188472188,"totalPopulation":331486822}}
