{"usa":{"lastDate":1659484800000,"totalCases":91297820,"totalDeaths":1029260,"twoWeekPercentChangeInCases":-0.08854166666666662,"twoWeekPercentChangeInDeaths":0.11284046692607007,"twoWeekPercentChangeInHospitalizations":0.012330275229357798,"totalVaccinationsInitiated":254733781,"totalPopulation":331486822}}
