{"usa":{"lastDate":1662508800000,"totalCases":92672471,"totalDeaths":1045035,"twoWeekPercentChangeInCases":-0.21323529411764705,"twoWeekPercentChangeInDeaths":-0.15230335318082097,"twoWeekPercentChangeInHospitalizations":-0.09581888535276203,"totalVaccinationsInitiated":249108488,"totalPopulation":331486822}}
