{"usa":{"lastDate":1675382400000,"totalCases":102163260,"totalDeaths":1120111,"twoWeekPercentChangeInCases":null,"twoWeekPercentChangeInDeaths":-0.12309130570271115,"twoWeekPercentChangeInHospitalizations":-0.11885354123468118,"totalVaccinationsInitiated":261612030,"totalPopulation":331486822}}
