{"usa":{"lastDate":1657065600000,"totalCases":87801811,"totalDeaths":1016126,"twoWeekPercentChangeInCases":0.088135593220339,"twoWeekPercentChangeInDeaths":-0.035056967572305045,"twoWeekPercentChangeInHospitalizations":0.1561804930592146,"totalVaccinationsInitiated":253479688,"totalPopulation":331486822}}
