{"usa":{"lastDate":1661385600000,"totalCases":93682523,"totalDeaths":1041621,"twoWeekPercentChangeInCases":-0.17295597484276723,"twoWeekPercentChangeInDeaths":-0.03437682855471034,"twoWeekPercentChangeInHospitalizations":-0.09295422917153501,"totalVaccinationsInitiated":248682365,"totalPopulation":331486822}}
