{"usa":{"lastDate":1633478400000,"totalCases":44051008,"totalDeaths":707916,"twoWeekPercentChangeInCases":-0.22622144450133014,"twoWeekPercentChangeInDeaths":-0.1276932608246713,"totalVaccinationsInitiated":216268034,"totalPopulation":331486822}}
