{"usa":{"lastDate":1656460800000,"totalCases":85670196,"totalDeaths":1014966,"twoWeekPercentChangeInCases":0.06666666666666667,"twoWeekPercentChangeInDeaths":0.09378134403209633,"twoWeekPercentChangeInHospitalizations":0.09967040583933336,"totalVaccinationsInitiated":253136993,"totalPopulation":331486822}}
