{"usa":{"lastDate":1662508800000,"totalCases":93589086,"totalDeaths":1045613,"twoWeekPercentChangeInCases":-0.21323529411764705,"twoWeekPercentChangeInDeaths":-0.177154786758127,"twoWeekPercentChangeInHospitalizations":-0.08960063207167451,"totalVaccinationsInitiated":249108488,"totalPopulation":331486822}}
