{"usa":{"lastDate":1625270400000,"totalCases":33681336,"totalDeaths":604715,"twoWeekPercentChangeInCases":0.15453756508802385,"twoWeekPercentChangeInDeaths":-0.2574750830564784,"totalVaccinationsInitiated":182412776,"totalPopulation":331486822}}
