{"usa":{"lastDate":1671148800000,"totalCases":99453169,"totalDeaths":1098078,"twoWeekPercentChangeInCases":0.2046783625730994,"twoWeekPercentChangeInDeaths":-0.07889848986513769,"twoWeekPercentChangeInHospitalizations":0.016754024709846552,"totalVaccinationsInitiated":260670756,"totalPopulation":331486822}}
