{"usa":{"lastDate":1668729600000,"totalCases":94160351,"totalDeaths":1086154,"twoWeekPercentChangeInCases":0.09917355371900832,"twoWeekPercentChangeInDeaths":0.2472710014238254,"twoWeekPercentChangeInHospitalizations":0.02040962365124235,"totalVaccinationsInitiated":253081720,"totalPopulation":331486822}}
