{"usa":{"lastDate":1675382400000,"totalCases":102163260,"totalDeaths":1097937,"twoWeekPercentChangeInCases":null,"twoWeekPercentChangeInDeaths":-0.09639869043288476,"twoWeekPercentChangeInHospitalizations":-0.10428099009722556,"totalVaccinationsInitiated":261612030,"totalPopulation":331486822}}
