{"usa":{"lastDate":1628899200000,"totalCases":36679938,"totalDeaths":621049,"twoWeekPercentChangeInCases":0.6462524816494544,"twoWeekPercentChangeInDeaths":0.8205637157602224,"totalVaccinationsInitiated":197081471,"totalPopulation":331486822}}
