{"usa":{"lastDate":1625961600000,"totalCases":33818301,"totalDeaths":606316,"twoWeekPercentChangeInCases":0.6017360777147255,"twoWeekPercentChangeInDeaths":-0.2735717603344171,"totalVaccinationsInitiated":184132768,"totalPopulation":331486822}}
