{"usa":{"lastDate":1640044800000,"totalCases":51303852,"totalDeaths":808420,"twoWeekPercentChangeInCases":0.3196648613064424,"twoWeekPercentChangeInDeaths":0.026099198613818597,"totalVaccinationsInitiated":241132288,"totalPopulation":331486822}}
