{"usa":{"lastDate":1655164800000,"totalCases":81565485,"totalDeaths":1008634,"twoWeekPercentChangeInCases":0.08532423208191121,"twoWeekPercentChangeInDeaths":0.09636730575176586,"twoWeekPercentChangeInHospitalizations":0.08009672135409886,"totalVaccinationsInitiated":252387759,"totalPopulation":331486822}}
