{"usa":{"lastDate":1656460800000,"totalCases":85505740,"totalDeaths":1013930,"twoWeekPercentChangeInCases":0.06666666666666667,"twoWeekPercentChangeInDeaths":0.15765765765765766,"twoWeekPercentChangeInHospitalizations":0.09842993438959403,"totalVaccinationsInitiated":252646401,"totalPopulation":331486822}}
