{"usa":{"lastDate":1629936000000,"totalCases":38544753,"totalDeaths":634687,"twoWeekPercentChangeInCases":0.23266054296610048,"twoWeekPercentChangeInDeaths":0.9902665121668598,"totalVaccinationsInitiated":202961676,"totalPopulation":331486822}}
