{"usa":{"lastDate":1667520000000,"totalCases":97307668,"totalDeaths":1084058,"twoWeekPercentChangeInCases":0.13084112149532712,"twoWeekPercentChangeInDeaths":-0.11341677646025472,"twoWeekPercentChangeInHospitalizations":0.02175493361270877,"totalVaccinationsInitiated":253081720,"totalPopulation":331486822}}
