{"usa":{"lastDate":1657670400000,"totalCases":87115657,"totalDeaths":1019755,"twoWeekPercentChangeInCases":0.11904761904761907,"twoWeekPercentChangeInDeaths":0.19195539625647146,"twoWeekPercentChangeInHospitalizations":0.19576292116488256,"totalVaccinationsInitiated":253855333,"totalPopulation":331486822}}
