{"usa":{"lastDate":1652832000000,"totalCases":82872703,"totalDeaths":999615,"twoWeekPercentChangeInCases":0.5705812676515201,"twoWeekPercentChangeInDeaths":-0.46408839779005534,"twoWeekPercentChangeInHospitalizations":0.2928147511624732,"totalVaccinationsInitiated":258008907,"totalPopulation":331486822}}
