{"usa":{"lastDate":1631750400000,"totalCases":41788414,"totalDeaths":670225,"twoWeekPercentChangeInCases":-0.08725162339919625,"twoWeekPercentChangeInDeaths":0.29288663663663667,"totalVaccinationsInitiated":210700361,"totalPopulation":331486822}}
