{"usa":{"lastDate":1683676800000,"totalCases":100523618,"totalDeaths":1133104,"twoWeekPercentChangeInCases":-0.26190476190476186,"twoWeekPercentChangeInDeaths":0.7897153351698806,"twoWeekPercentChangeInHospitalizations":-0.12640708799088468,"totalVaccinationsInitiated":262821027,"totalPopulation":331486822}}
