{"usa":{"lastDate":1673308800000,"totalCases":99964875,"totalDeaths":1106463,"twoWeekPercentChangeInCases":-0.3842364532019704,"twoWeekPercentChangeInDeaths":0.5258808177468465,"twoWeekPercentChangeInHospitalizations":-0.03303842386679291,"totalVaccinationsInitiated":261012851,"totalPopulation":331486822}}
