{"usa":{"lastDate":1663718400000,"totalCases":92886743,"totalDeaths":1051642,"twoWeekPercentChangeInCases":-0.21495327102803732,"twoWeekPercentChangeInDeaths":0.07031533164189911,"twoWeekPercentChangeInHospitalizations":-0.14412647222614722,"totalVaccinationsInitiated":249732841,"totalPopulation":331486822}}
