{"usa":{"lastDate":1652572800000,"totalCases":82414028,"totalDeaths":998352,"twoWeekPercentChangeInCases":0.5649511009661741,"twoWeekPercentChangeInDeaths":-0.10972461273666098,"twoWeekPercentChangeInHospitalizations":0.245467875233271,"totalVaccinationsInitiated":257846006,"totalPopulation":331486822}}
