{"usa":{"lastDate":1642896000000,"totalCases":70667782,"totalDeaths":865687,"twoWeekPercentChangeInCases":-0.0351822353986229,"twoWeekPercentChangeInDeaths":0.27685707074955834,"totalVaccinationsInitiated":250763600,"totalPopulation":331486822}}
