{"usa":{"lastDate":1647388800000,"totalCases":79531917,"totalDeaths":967450,"twoWeekPercentChangeInCases":-0.47522196072265593,"twoWeekPercentChangeInDeaths":-0.3235679128704577,"twoWeekPercentChangeInHospitalizations":-0.4427929692435998,"totalVaccinationsInitiated":254071045,"totalPopulation":331486822}}
