{"usa":{"lastDate":1655078400000,"totalCases":85570063,"totalDeaths":1008116,"twoWeekPercentChangeInCases":0.18181818181818188,"twoWeekPercentChangeInDeaths":0.1184934405416843,"twoWeekPercentChangeInHospitalizations":0.09667194928684636,"totalVaccinationsInitiated":259002087,"totalPopulation":331486822}}
