{"usa":{"lastDate":1624752000000,"totalCases":33592325,"totalDeaths":603597,"twoWeekPercentChangeInCases":-0.18460376914478452,"twoWeekPercentChangeInDeaths":-0.1473267326732674,"totalVaccinationsInitiated":179261269,"totalPopulation":331486822}}
