{"usa":{"lastDate":1655078400000,"totalCases":85569604,"totalDeaths":1008116,"twoWeekPercentChangeInCases":0.18181818181818188,"twoWeekPercentChangeInDeaths":0.1184934405416843,"twoWeekPercentChangeInHospitalizations":0.08915869447325614,"totalVaccinationsInitiated":259048060,"totalPopulation":331486822}}
