{"usa":{"lastDate":1627084800000,"totalCases":34391317,"totalDeaths":610414,"twoWeekPercentChangeInCases":1.7162894316089385,"twoWeekPercentChangeInDeaths":0.18567807351077315,"totalVaccinationsInitiated":187982826,"totalPopulation":331486822}}
