{"usa":{"lastDate":1676592000000,"totalCases":102327170,"totalDeaths":1124741,"twoWeekPercentChangeInCases":-0.11194029850746266,"twoWeekPercentChangeInDeaths":-0.19360260233125506,"twoWeekPercentChangeInHospitalizations":-0.05853206378786555,"totalVaccinationsInitiated":261728937,"totalPopulation":331486822}}
