{"usa":{"lastDate":1651017600000,"totalCases":81082663,"totalDeaths":991039,"twoWeekPercentChangeInCases":0.5942417198063512,"twoWeekPercentChangeInDeaths":-0.31941720369851495,"twoWeekPercentChangeInHospitalizations":0.12230328704793288,"totalVaccinationsInitiated":257423254,"totalPopulation":331486822}}
