{"usa":{"lastDate":1639353600000,"totalCases":50083493,"totalDeaths":797208,"twoWeekPercentChangeInCases":0.5022304288352127,"twoWeekPercentChangeInDeaths":0.43736867625666703,"totalVaccinationsInitiated":239008166,"totalPopulation":331486822}}
