{"usa":{"lastDate":1631232000000,"totalCases":40912071,"totalDeaths":658837,"twoWeekPercentChangeInCases":-0.06750290581492983,"twoWeekPercentChangeInDeaths":0.29161973417436365,"totalVaccinationsInitiated":208704230,"totalPopulation":331486822}}
