{"usa":{"lastDate":1643155200000,"totalCases":72896986,"totalDeaths":874733,"twoWeekPercentChangeInCases":-0.2116991714291839,"twoWeekPercentChangeInDeaths":0.3307117271453044,"twoWeekPercentChangeInHospitalizations":0.048422004018056665,"totalVaccinationsInitiated":251518114,"totalPopulation":331486822}}
