{"usa":{"lastDate":1633392000000,"totalCases":43925440,"totalDeaths":705394,"twoWeekPercentChangeInCases":-0.24183848248181714,"twoWeekPercentChangeInDeaths":-0.11647231338593671,"totalVaccinationsInitiated":215737487,"totalPopulation":331486822}}
