{"usa":{"lastDate":1651190400000,"totalCases":81237905,"totalDeaths":991921,"twoWeekPercentChangeInCases":0.5444086818259003,"twoWeekPercentChangeInDeaths":-0.36095159967186224,"twoWeekPercentChangeInHospitalizations":0.15882030393232008,"totalVaccinationsInitiated":257641065,"totalPopulation":331486822}}
