{"usa":{"lastDate":1654905600000,"totalCases":85426267,"totalDeaths":1007826,"twoWeekPercentChangeInCases":0.018518518518518597,"twoWeekPercentChangeInDeaths":0.022407899734143453,"twoWeekPercentChangeInHospitalizations":0.11022599265914612,"totalVaccinationsInitiated":258953600,"totalPopulation":331486822}}
