{"usa":{"lastDate":1668556800000,"totalCases":93447942,"totalDeaths":1084585,"twoWeekPercentChangeInCases":0.04424778761061932,"twoWeekPercentChangeInDeaths":0.057538374611545345,"twoWeekPercentChangeInHospitalizations":0.02211306151247568,"totalVaccinationsInitiated":253081720,"totalPopulation":331486822}}
