{"usa":{"lastDate":1645920000000,"totalCases":78834025,"totalDeaths":946817,"twoWeekPercentChangeInCases":-0.6232829020782346,"twoWeekPercentChangeInDeaths":-0.2383899104196134,"twoWeekPercentChangeInHospitalizations":-0.43640753274376093,"totalVaccinationsInitiated":253491557,"totalPopulation":331486822}}
