{"usa":{"lastDate":1659571200000,"totalCases":91633524,"totalDeaths":1022273,"twoWeekPercentChangeInCases":-0.07512953367875641,"twoWeekPercentChangeInDeaths":0.08843760235833602,"twoWeekPercentChangeInHospitalizations":-0.021282169674463548,"totalVaccinationsInitiated":254733781,"totalPopulation":331486822}}
