{"usa":{"lastDate":1658275200000,"totalCases":87989490,"totalDeaths":1022734,"twoWeekPercentChangeInCases":0.1962616822429905,"twoWeekPercentChangeInDeaths":0.34652594547053667,"twoWeekPercentChangeInHospitalizations":0.17343432827568767,"totalVaccinationsInitiated":254305796,"totalPopulation":331486822}}
