{"usa":{"lastDate":1624579200000,"totalCases":33581418,"totalDeaths":603368,"twoWeekPercentChangeInCases":-0.18925396211828377,"twoWeekPercentChangeInDeaths":-0.24385174922064434,"totalVaccinationsInitiated":178491147,"totalPopulation":331486822}}
