{"usa":{"lastDate":1622764800000,"totalCases":33352885,"totalDeaths":596597,"twoWeekPercentChangeInCases":-0.4746374716836346,"twoWeekPercentChangeInDeaths":-0.2980373152410952,"totalVaccinationsInitiated":169735441,"totalPopulation":331486822}}
