{"usa":{"lastDate":1623888000000,"totalCases":33475709,"totalDeaths":600524,"twoWeekPercentChangeInCases":-0.18441886767347482,"twoWeekPercentChangeInDeaths":-0.2968800257317466,"totalVaccinationsInitiated":175867860,"totalPopulation":331486822}}
