{"usa":{"lastDate":1668556800000,"totalCases":93447942,"totalDeaths":1060163,"twoWeekPercentChangeInCases":0.04424778761061932,"twoWeekPercentChangeInDeaths":null,"twoWeekPercentChangeInHospitalizations":0.02175493361270877,"totalVaccinationsInitiated":253081720,"totalPopulation":331486822}}
