{"usa":{"lastDate":1623196800000,"totalCases":33418414,"totalDeaths":598355,"twoWeekPercentChangeInCases":-0.3770897262796121,"twoWeekPercentChangeInDeaths":-0.2887100707144599,"totalVaccinationsInitiated":172423605,"totalPopulation":331486822}}
