{"usa":{"lastDate":1642377600000,"totalCases":66526927,"totalDeaths":850750,"twoWeekPercentChangeInCases":0.46258435940297443,"twoWeekPercentChangeInDeaths":0.36953967745380745,"totalVaccinationsInitiated":248707432,"totalPopulation":331486822}}
