{"usa":{"lastDate":1655337600000,"totalCases":83313583,"totalDeaths":1010804,"twoWeekPercentChangeInCases":0.029605263157894714,"twoWeekPercentChangeInDeaths":-0.11330255979857334,"twoWeekPercentChangeInHospitalizations":0.03032652540459898,"totalVaccinationsInitiated":252434423,"totalPopulation":331486822}}
