{"usa":{"lastDate":1628640000000,"totalCases":36303737,"totalDeaths":618689,"twoWeekPercentChangeInCases":0.8459314606118279,"twoWeekPercentChangeInDeaths":0.7467149977344811,"totalVaccinationsInitiated":196077952,"totalPopulation":331486822}}
