{"usa":{"lastDate":1621900800000,"totalCases":33186114,"totalDeaths":590628,"twoWeekPercentChangeInCases":-0.36895978755405856,"twoWeekPercentChangeInDeaths":-0.12208631433187166,"totalVaccinationsInitiated":164378258,"totalPopulation":331486822}}
