{"usa":{"lastDate":1661299200000,"totalCases":88612214,"totalDeaths":1039752,"twoWeekPercentChangeInCases":-0.17575757575757586,"twoWeekPercentChangeInDeaths":-0.015929203539823026,"twoWeekPercentChangeInHospitalizations":-0.10456764414706574,"totalVaccinationsInitiated":248682365,"totalPopulation":331486822}}
