{"usa":{"lastDate":1649980800000,"totalCases":80512816,"totalDeaths":987171,"twoWeekPercentChangeInCases":0.27446558100368834,"twoWeekPercentChangeInDeaths":-0.20638020833333337,"twoWeekPercentChangeInHospitalizations":-0.08191634492782059,"totalVaccinationsInitiated":256721753,"totalPopulation":331486822}}
