{"usa":{"lastDate":1635206400000,"totalCases":45614680,"totalDeaths":739244,"twoWeekPercentChangeInCases":-0.227762567353011,"twoWeekPercentChangeInDeaths":-0.10431981498306772,"totalVaccinationsInitiated":220648845,"totalPopulation":331486822}}
