{"usa":{"lastDate":1624924800000,"totalCases":33618517,"totalDeaths":604069,"twoWeekPercentChangeInCases":-0.1532160798749856,"twoWeekPercentChangeInDeaths":-0.23061389337641353,"totalVaccinationsInitiated":179940202,"totalPopulation":331486822}}
