{"usa":{"lastDate":1648684800000,"totalCases":80008210,"totalDeaths":979262,"twoWeekPercentChangeInCases":-0.11135843215514706,"twoWeekPercentChangeInDeaths":-0.4149390182237415,"twoWeekPercentChangeInHospitalizations":-0.30790317733854206,"totalVaccinationsInitiated":255534750,"totalPopulation":331486822}}
