{"usa":{"lastDate":1649980800000,"totalCases":80512816,"totalDeaths":987171,"twoWeekPercentChangeInCases":0.27446558100368834,"twoWeekPercentChangeInDeaths":-0.20638020833333337,"twoWeekPercentChangeInHospitalizations":-0.10691460489222736,"totalVaccinationsInitiated":256578697,"totalPopulation":331486822}}
