{"usa":{"lastDate":1668729600000,"totalCases":97873371,"totalDeaths":1087996,"twoWeekPercentChangeInCases":0.09917355371900832,"twoWeekPercentChangeInDeaths":0.028037383177570093,"twoWeekPercentChangeInHospitalizations":0.20621232288866853,"totalVaccinationsInitiated":252898654,"totalPopulation":331486822}}
