{"usa":{"lastDate":1628812800000,"totalCases":36628537,"totalDeaths":620813,"twoWeekPercentChangeInCases":0.6539391564126835,"twoWeekPercentChangeInDeaths":0.840064620355412,"totalVaccinationsInitiated":197081471,"totalPopulation":331486822}}
