{"usa":{"lastDate":1646956800000,"totalCases":79400847,"totalDeaths":965746,"twoWeekPercentChangeInCases":-0.4939243369892342,"twoWeekPercentChangeInDeaths":-0.3372834320858022,"twoWeekPercentChangeInHospitalizations":-0.43342172618482155,"totalVaccinationsInitiated":254071045,"totalPopulation":331486822}}
