{"usa":{"lastDate":1646438400000,"totalCases":79166521,"totalDeaths":957215,"twoWeekPercentChangeInCases":-0.5500172370751656,"twoWeekPercentChangeInDeaths":-0.32437114989733057,"twoWeekPercentChangeInHospitalizations":-0.43282437763684195,"totalVaccinationsInitiated":254071045,"totalPopulation":331486822}}
