{"usa":{"lastDate":1660694400000,"totalCases":91096462,"totalDeaths":1035815,"twoWeekPercentChangeInCases":-0.15428571428571417,"twoWeekPercentChangeInDeaths":-0.08187645687645681,"twoWeekPercentChangeInHospitalizations":-0.06356807418643776,"totalVaccinationsInitiated":248384721,"totalPopulation":331486822}}
