{"usa":{"lastDate":1675123200000,"totalCases":100229601,"totalDeaths":1117257,"twoWeekPercentChangeInCases":-0.2387096774193548,"twoWeekPercentChangeInDeaths":-0.2730961298377028,"twoWeekPercentChangeInHospitalizations":-0.18999278379963006,"totalVaccinationsInitiated":261478901,"totalPopulation":331486822}}
