{"usa":{"lastDate":1629763200000,"totalCases":38189599,"totalDeaths":631021,"twoWeekPercentChangeInCases":0.2773821966727638,"twoWeekPercentChangeInDeaths":0.8298072402444759,"totalVaccinationsInitiated":202041893,"totalPopulation":331486822}}
