{"usa":{"lastDate":1676332800000,"totalCases":100773438,"totalDeaths":1123006,"twoWeekPercentChangeInCases":-0.07627118644067792,"twoWeekPercentChangeInDeaths":0.06838709677419355,"twoWeekPercentChangeInHospitalizations":-0.07215022132834592,"totalVaccinationsInitiated":261728937,"totalPopulation":331486822}}
