{"usa":{"lastDate":1671148800000,"totalCases":99453169,"totalDeaths":1096977,"twoWeekPercentChangeInCases":0.2046783625730994,"twoWeekPercentChangeInDeaths":0.6537505483257787,"twoWeekPercentChangeInHospitalizations":0.02657885279686689,"totalVaccinationsInitiated":260670756,"totalPopulation":331486822}}
