{"usa":{"lastDate":1652918400000,"totalCases":82984384,"totalDeaths":1000011,"twoWeekPercentChangeInCases":0.4937518690769597,"twoWeekPercentChangeInDeaths":-0.4877759316401614,"twoWeekPercentChangeInHospitalizations":0.31212914485165794,"totalVaccinationsInitiated":258074668,"totalPopulation":331486822}}
