{"usa":{"lastDate":1628121600000,"totalCases":35560318,"totalDeaths":615405,"twoWeekPercentChangeInCases":1.1740986524678731,"twoWeekPercentChangeInDeaths":0.8681380871533673,"totalVaccinationsInitiated":193199353,"totalPopulation":331486822}}
