{"usa":{"lastDate":1641859200000,"totalCases":62370827,"totalDeaths":840597,"twoWeekPercentChangeInCases":1.857112526311613,"twoWeekPercentChangeInDeaths":0.1281076066790352,"totalVaccinationsInitiated":247321023,"totalPopulation":331486822}}
