{"usa":{"lastDate":1661904000000,"totalCases":91422745,"totalDeaths":1042333,"twoWeekPercentChangeInCases":-0.12162162162162167,"twoWeekPercentChangeInDeaths":-0.0006011421701232171,"twoWeekPercentChangeInHospitalizations":-0.09295422917153501,"totalVaccinationsInitiated":248926791,"totalPopulation":331486822}}
