{"usa":{"lastDate":1635552000000,"totalCases":45915212,"totalDeaths":745378,"twoWeekPercentChangeInCases":-0.1313707285270053,"twoWeekPercentChangeInDeaths":-0.14355895196506543,"totalVaccinationsInitiated":221221467,"totalPopulation":331486822}}
