{"usa":{"lastDate":1677024000000,"totalCases":102763421,"totalDeaths":1114967,"twoWeekPercentChangeInCases":-0.1475409836065573,"twoWeekPercentChangeInDeaths":-0.2924389526331274,"twoWeekPercentChangeInHospitalizations":-0.05853206378786555,"totalVaccinationsInitiated":261728937,"totalPopulation":331486822}}
