{"usa":{"lastDate":1677542400000,"totalCases":101282229,"totalDeaths":1128839,"twoWeekPercentChangeInCases":-0.10091743119266053,"twoWeekPercentChangeInDeaths":-0.4560204953031597,"twoWeekPercentChangeInHospitalizations":-0.08139997414453208,"totalVaccinationsInitiated":261939710,"totalPopulation":331486822}}
