{"usa":{"lastDate":1650412800000,"totalCases":80708425,"totalDeaths":988610,"twoWeekPercentChangeInCases":0.4427065787573992,"twoWeekPercentChangeInDeaths":-0.28805740645822664,"twoWeekPercentChangeInHospitalizations":-0.016680315909369012,"totalVaccinationsInitiated":256935026,"totalPopulation":331486822}}
