{"usa":{"lastDate":1654041600000,"totalCases":84364836,"totalDeaths":1004165,"twoWeekPercentChangeInCases":-0.009584664536741254,"twoWeekPercentChangeInDeaths":-0.0658513640639699,"twoWeekPercentChangeInHospitalizations":0.16950624506214915,"totalVaccinationsInitiated":258685370,"totalPopulation":331486822}}
