{"usa":{"lastDate":1663718400000,"totalCases":92886743,"totalDeaths":1052046,"twoWeekPercentChangeInCases":-0.21495327102803732,"twoWeekPercentChangeInDeaths":-0.12950519242516795,"twoWeekPercentChangeInHospitalizations":-0.1469801907247963,"totalVaccinationsInitiated":249732841,"totalPopulation":331486822}}
