{"usa":{"lastDate":1654214400000,"totalCases":84618221,"totalDeaths":1004941,"twoWeekPercentChangeInCases":-0.06422018348623866,"twoWeekPercentChangeInDeaths":-0.1477485928705441,"twoWeekPercentChangeInHospitalizations":0.16950624506214915,"totalVaccinationsInitiated":258682487,"totalPopulation":331486822}}
