{"usa":{"lastDate":1636848000000,"totalCases":47036791,"totalDeaths":761980,"twoWeekPercentChangeInCases":0.15023593679635044,"twoWeekPercentChangeInDeaths":-0.15854823304680032,"totalVaccinationsInitiated":226607653,"totalPopulation":331486822}}
