{"usa":{"lastDate":1635811200000,"totalCases":46135516,"totalDeaths":748197,"twoWeekPercentChangeInCases":-0.06518122700005041,"twoWeekPercentChangeInDeaths":-0.17992476373979263,"totalVaccinationsInitiated":221961370,"totalPopulation":331486822}}
