{"usa":{"lastDate":1643587200000,"totalCases":74989453,"totalDeaths":885938,"twoWeekPercentChangeInCases":-0.3322173564583879,"twoWeekPercentChangeInDeaths":0.40408670654960765,"twoWeekPercentChangeInHospitalizations":-0.11064814309170397,"totalVaccinationsInitiated":250029773,"totalPopulation":331486822}}
