{"usa":{"lastDate":1675382400000,"totalCases":102163260,"totalDeaths":1120322,"twoWeekPercentChangeInCases":null,"twoWeekPercentChangeInDeaths":-0.09603072983354669,"twoWeekPercentChangeInHospitalizations":-0.11792606125550062,"totalVaccinationsInitiated":261612030,"totalPopulation":331486822}}
