{"usa":{"lastDate":1661299200000,"totalCases":88612214,"totalDeaths":1038437,"twoWeekPercentChangeInCases":-0.17575757575757586,"twoWeekPercentChangeInDeaths":-0.0749041580654674,"twoWeekPercentChangeInHospitalizations":-0.09225119402785387,"totalVaccinationsInitiated":248682365,"totalPopulation":331486822}}
