{"usa":{"lastDate":1630195200000,"totalCases":38869831,"totalDeaths":637310,"twoWeekPercentChangeInCases":0.19226062799163837,"twoWeekPercentChangeInDeaths":0.9475615019421665,"totalVaccinationsInitiated":204435968,"totalPopulation":331486822}}
