{"usa":{"lastDate":1671148800000,"totalCases":99453169,"totalDeaths":1099251,"twoWeekPercentChangeInCases":0.2046783625730994,"twoWeekPercentChangeInDeaths":-0.1416791604197901,"twoWeekPercentChangeInHospitalizations":0.0421583313313454,"totalVaccinationsInitiated":260872513,"totalPopulation":331486822}}
