{"usa":{"lastDate":1673308800000,"totalCases":99964875,"totalDeaths":1106436,"twoWeekPercentChangeInCases":-0.3842364532019704,"twoWeekPercentChangeInDeaths":0.5266375545851528,"twoWeekPercentChangeInHospitalizations":0.04670761703786351,"totalVaccinationsInitiated":261012851,"totalPopulation":331486822}}
