{"usa":{"lastDate":1644278400000,"totalCases":76961143,"totalDeaths":907500,"twoWeekPercentChangeInCases":-0.6283811857454855,"twoWeekPercentChangeInDeaths":0.08479179239589603,"twoWeekPercentChangeInHospitalizations":-0.285815867778988,"totalVaccinationsInitiated":251312470,"totalPopulation":331486822}}
