{"usa":{"lastDate":1631923200000,"totalCases":42026148,"totalDeaths":673637,"twoWeekPercentChangeInCases":-0.07920367762732354,"twoWeekPercentChangeInDeaths":0.3013863216266174,"totalVaccinationsInitiated":211489242,"totalPopulation":331486822}}
