{"usa":{"lastDate":1668643200000,"totalCases":94068762,"totalDeaths":1086154,"twoWeekPercentChangeInCases":-0.017094017094016856,"twoWeekPercentChangeInDeaths":0.2472710014238254,"twoWeekPercentChangeInHospitalizations":0.009438928040310861,"totalVaccinationsInitiated":253081720,"totalPopulation":331486822}}
