{"usa":{"lastDate":1648598400000,"totalCases":79969855,"totalDeaths":978387,"twoWeekPercentChangeInCases":-0.12221612031091575,"twoWeekPercentChangeInDeaths":-0.4302670623145401,"twoWeekPercentChangeInHospitalizations":-0.3381876747364421,"totalVaccinationsInitiated":255428475,"totalPopulation":331486822}}
