{"usa":{"lastDate":1641513600000,"totalCases":59403296,"totalDeaths":835157,"twoWeekPercentChangeInCases":2.5349752608521547,"twoWeekPercentChangeInDeaths":0.06793349168646078,"totalVaccinationsInitiated":246050320,"totalPopulation":331486822}}
