{"usa":{"lastDate":1647648000000,"totalCases":79616279,"totalDeaths":969999,"twoWeekPercentChangeInCases":-0.39998885228396164,"twoWeekPercentChangeInDeaths":-0.3113664419333396,"twoWeekPercentChangeInHospitalizations":-0.43500348640302816,"totalVaccinationsInitiated":254936123,"totalPopulation":331486822}}
