{"usa":{"lastDate":1672272000000,"totalCases":95776454,"totalDeaths":1102944,"twoWeekPercentChangeInCases":-0.16402116402116398,"twoWeekPercentChangeInDeaths":-0.2955797393524117,"twoWeekPercentChangeInHospitalizations":0.14145589890071858,"totalVaccinationsInitiated":261041288,"totalPopulation":331486822}}
