{"usa":{"lastDate":1625702400000,"totalCases":33769600,"totalDeaths":605792,"twoWeekPercentChangeInCases":0.38843541577433754,"twoWeekPercentChangeInDeaths":-0.38353778585491444,"totalVaccinationsInitiated":183237046,"totalPopulation":331486822}}
