{"usa":{"lastDate":1630368000000,"totalCases":39310878,"totalDeaths":640440,"twoWeekPercentChangeInCases":0.1407655782895161,"twoWeekPercentChangeInDeaths":0.9251128436602377,"totalVaccinationsInitiated":205026070,"totalPopulation":331486822}}
