{"usa":{"lastDate":1638662400000,"totalCases":49044822,"totalDeaths":786964,"twoWeekPercentChangeInCases":0.29553248361219414,"twoWeekPercentChangeInDeaths":-0.034779092103932846,"totalVaccinationsInitiated":235698738,"totalPopulation":331486822}}
