{"usa":{"lastDate":1631836800000,"totalCases":41956165,"totalDeaths":672810,"twoWeekPercentChangeInCases":-0.0911915172791642,"twoWeekPercentChangeInDeaths":0.28395175398213784,"totalVaccinationsInitiated":211097597,"totalPopulation":331486822}}
