{"usa":{"lastDate":1629504000000,"totalCases":37744654,"totalDeaths":628100,"twoWeekPercentChangeInCases":0.39442565898753473,"twoWeekPercentChangeInDeaths":0.9889954853273139,"totalVaccinationsInitiated":200947556,"totalPopulation":331486822}}
