{"usa":{"lastDate":1679011200000,"totalCases":103633214,"totalDeaths":1124698,"twoWeekPercentChangeInCases":-0.5258620689655172,"twoWeekPercentChangeInDeaths":null,"twoWeekPercentChangeInHospitalizations":-0.10971547227017078,"totalVaccinationsInitiated":262331019,"totalPopulation":331486822}}
