{"usa":{"lastDate":1658275200000,"totalCases":87989490,"totalDeaths":1022742,"twoWeekPercentChangeInCases":0.1962616822429905,"twoWeekPercentChangeInDeaths":0.35004397537379073,"twoWeekPercentChangeInHospitalizations":0.1633522672047462,"totalVaccinationsInitiated":254305796,"totalPopulation":331486822}}
