{"usa":{"lastDate":1658275200000,"totalCases":87989490,"totalDeaths":1023324,"twoWeekPercentChangeInCases":0.1962616822429905,"twoWeekPercentChangeInDeaths":0.10791366906474813,"twoWeekPercentChangeInHospitalizations":0.1188395601140445,"totalVaccinationsInitiated":254305796,"totalPopulation":331486822}}
