{"usa":{"lastDate":1634169600000,"totalCases":44760674,"totalDeaths":721766,"twoWeekPercentChangeInCases":-0.2241449720555601,"twoWeekPercentChangeInDeaths":-0.15581912527798367,"totalVaccinationsInitiated":218318056,"totalPopulation":331486822}}
