{"usa":{"lastDate":1661299200000,"totalCases":88612214,"totalDeaths":1039158,"twoWeekPercentChangeInCases":-0.17575757575757586,"twoWeekPercentChangeInDeaths":-0.014727540500736427,"twoWeekPercentChangeInHospitalizations":-0.0980178602934191,"totalVaccinationsInitiated":248682365,"totalPopulation":331486822}}
