{"usa":{"lastDate":1630108800000,"totalCases":38833649,"totalDeaths":637076,"twoWeekPercentChangeInCases":0.20726706262488362,"twoWeekPercentChangeInDeaths":0.9564080209241498,"totalVaccinationsInitiated":203992008,"totalPopulation":331486822}}
