{"usa":{"lastDate":1663200000000,"totalCases":95219262,"totalDeaths":1051049,"twoWeekPercentChangeInCases":-0.2615384615384616,"twoWeekPercentChangeInDeaths":-0.035163204747774485,"twoWeekPercentChangeInHospitalizations":-0.13413183791781405,"totalVaccinationsInitiated":249380682,"totalPopulation":331486822}}
