{"usa":{"lastDate":1634428800000,"totalCases":44909172,"totalDeaths":724471,"twoWeekPercentChangeInCases":-0.22618130139831463,"twoWeekPercentChangeInDeaths":-0.18885001521143893,"totalVaccinationsInitiated":218805579,"totalPopulation":331486822}}
