{"usa":{"lastDate":1667520000000,"totalCases":97325037,"totalDeaths":1084143,"twoWeekPercentChangeInCases":0.14150943396226412,"twoWeekPercentChangeInDeaths":-0.11341677646025472,"twoWeekPercentChangeInHospitalizations":0.02161595860682904,"totalVaccinationsInitiated":253081720,"totalPopulation":331486822}}
