{"usa":{"lastDate":1631664000000,"totalCases":41635477,"totalDeaths":666816,"twoWeekPercentChangeInCases":-0.08155670628869642,"twoWeekPercentChangeInDeaths":0.369311316955296,"totalVaccinationsInitiated":210361099,"totalPopulation":331486822}}
