{"usa":{"lastDate":1640563200000,"totalCases":52788111,"totalDeaths":816707,"twoWeekPercentChangeInCases":0.9873529848309435,"twoWeekPercentChangeInDeaths":0.16541184402741896,"totalVaccinationsInitiated":242433620,"totalPopulation":331486822}}
