{"usa":{"lastDate":1655424000000,"totalCases":86097698,"totalDeaths":1009846,"twoWeekPercentChangeInCases":-0.0032679738562092116,"twoWeekPercentChangeInDeaths":0.17996697853604848,"twoWeekPercentChangeInHospitalizations":0.06658639312695919,"totalVaccinationsInitiated":259198178,"totalPopulation":331486822}}
