{"usa":{"lastDate":1630281600000,"totalCases":39156379,"totalDeaths":639081,"twoWeekPercentChangeInCases":0.11608822175209692,"twoWeekPercentChangeInDeaths":0.9141987829614603,"totalVaccinationsInitiated":204742648,"totalPopulation":331486822}}
