{"usa":{"lastDate":1623715200000,"totalCases":33452575,"totalDeaths":599868,"twoWeekPercentChangeInCases":-0.20147518439804982,"twoWeekPercentChangeInDeaths":-0.43390394674274846,"totalVaccinationsInitiated":174674144,"totalPopulation":331486822}}
