{"usa":{"lastDate":1634083200000,"totalCases":44671706,"totalDeaths":719726,"twoWeekPercentChangeInCases":-0.2149885031870911,"twoWeekPercentChangeInDeaths":-0.1509963311991943,"totalVaccinationsInitiated":217953275,"totalPopulation":331486822}}
