{"usa":{"lastDate":1624147200000,"totalCases":33509001,"totalDeaths":601442,"twoWeekPercentChangeInCases":-0.1764270925761609,"twoWeekPercentChangeInDeaths":-0.20597127739984877,"totalVaccinationsInitiated":177088290,"totalPopulation":331486822}}
