{"usa":{"lastDate":1633305600000,"totalCases":43826849,"totalDeaths":703362,"twoWeekPercentChangeInCases":-0.24444012263762416,"twoWeekPercentChangeInDeaths":-0.12380235422940054,"totalVaccinationsInitiated":215502382,"totalPopulation":331486822}}
