{"usa":{"lastDate":1681257600000,"totalCases":103297342,"totalDeaths":1127734,"twoWeekPercentChangeInCases":-0.38028169014084495,"twoWeekPercentChangeInDeaths":-0.12926509186351703,"twoWeekPercentChangeInHospitalizations":-0.14950487565197668,"totalVaccinationsInitiated":262493931,"totalPopulation":331486822}}
