{"usa":{"lastDate":1646179200000,"totalCases":79048178,"totalDeaths":953134,"twoWeekPercentChangeInCases":-0.5502358128219837,"twoWeekPercentChangeInDeaths":-0.20650751106401535,"twoWeekPercentChangeInHospitalizations":-0.4387392965819829,"totalVaccinationsInitiated":253752684,"totalPopulation":331486822}}
