{"usa":{"lastDate":1670976000000,"totalCases":98297184,"totalDeaths":1095176,"twoWeekPercentChangeInCases":0.5772357723577233,"twoWeekPercentChangeInDeaths":0.2812798471824258,"twoWeekPercentChangeInHospitalizations":0.08364766951862954,"totalVaccinationsInitiated":253395555,"totalPopulation":331486822}}
