{"usa":{"lastDate":1622851200000,"totalCases":33363322,"totalDeaths":596967,"twoWeekPercentChangeInCases":-0.44931960095138895,"twoWeekPercentChangeInDeaths":-0.27650111193476645,"totalVaccinationsInitiated":170272150,"totalPopulation":331486822}}
