{"usa":{"lastDate":1624233600000,"totalCases":33524838,"totalDeaths":601730,"twoWeekPercentChangeInCases":-0.29021464646464645,"twoWeekPercentChangeInDeaths":-0.23057909604519772,"totalVaccinationsInitiated":177342954,"totalPopulation":331486822}}
