{"usa":{"lastDate":1657670400000,"totalCases":85179210,"totalDeaths":1008586,"twoWeekPercentChangeInCases":0.11904761904761907,"twoWeekPercentChangeInDeaths":0.1118222891566264,"twoWeekPercentChangeInHospitalizations":0.19651935359423897,"totalVaccinationsInitiated":253855333,"totalPopulation":331486822}}
