{"usa":{"lastDate":1650153600000,"totalCases":80534999,"totalDeaths":987228,"twoWeekPercentChangeInCases":0.2974579663730985,"twoWeekPercentChangeInDeaths":-0.2528987092539926,"twoWeekPercentChangeInHospitalizations":-0.07270371175873577,"totalVaccinationsInitiated":256777441,"totalPopulation":331486822}}
