{"usa":{"lastDate":1657065600000,"totalCases":87968486,"totalDeaths":1017836,"twoWeekPercentChangeInCases":0.088135593220339,"twoWeekPercentChangeInDeaths":0.06555555555555553,"twoWeekPercentChangeInHospitalizations":0.18597925013930533,"totalVaccinationsInitiated":253479688,"totalPopulation":331486822}}
