{"usa":{"lastDate":1680048000000,"totalCases":103982919,"totalDeaths":1085047,"twoWeekPercentChangeInCases":null,"twoWeekPercentChangeInDeaths":-0.12926509186351703,"twoWeekPercentChangeInHospitalizations":-0.1559220501788901,"totalVaccinationsInitiated":262493931,"totalPopulation":331486822}}
