{"usa":{"lastDate":1626566400000,"totalCases":34041809,"totalDeaths":608187,"twoWeekPercentChangeInCases":1.3982614329679823,"twoWeekPercentChangeInDeaths":0.3291623218630519,"totalVaccinationsInitiated":186038501,"totalPopulation":331486822}}
