{"usa":{"lastDate":1635465600000,"totalCases":45885801,"totalDeaths":745075,"twoWeekPercentChangeInCases":-0.1362573446495341,"twoWeekPercentChangeInDeaths":-0.13943649293365734,"totalVaccinationsInitiated":221221467,"totalPopulation":331486822}}
