{"usa":{"lastDate":1666051200000,"totalCases":91796625,"totalDeaths":1062906,"twoWeekPercentChangeInCases":-0.1503759398496239,"twoWeekPercentChangeInDeaths":-0.1106008419441255,"twoWeekPercentChangeInHospitalizations":-0.00555705794081311,"totalVaccinationsInitiated":251397718,"totalPopulation":331486822}}
