{"usa":{"lastDate":1677801600000,"totalCases":101286903,"totalDeaths":1119164,"twoWeekPercentChangeInCases":-0.025210084033613366,"twoWeekPercentChangeInDeaths":0.4967231021299837,"twoWeekPercentChangeInHospitalizations":-0.1327219752524181,"totalVaccinationsInitiated":262030363,"totalPopulation":331486822}}
