{"usa":{"lastDate":1646870400000,"totalCases":79356489,"totalDeaths":964062,"twoWeekPercentChangeInCases":-0.5057093228818248,"twoWeekPercentChangeInDeaths":-0.30510948905109486,"twoWeekPercentChangeInHospitalizations":-0.43386002863383183,"totalVaccinationsInitiated":254071045,"totalPopulation":331486822}}
