{"usa":{"lastDate":1623283200000,"totalCases":33430296,"totalDeaths":598767,"twoWeekPercentChangeInCases":-0.41713540696591545,"twoWeekPercentChangeInDeaths":-0.43379281537176273,"totalVaccinationsInitiated":172423605,"totalPopulation":331486822}}
