{"usa":{"lastDate":1640044800000,"totalCases":51303210,"totalDeaths":808414,"twoWeekPercentChangeInCases":0.31890481462641007,"twoWeekPercentChangeInDeaths":0.025449426034221432,"totalVaccinationsInitiated":241132288,"totalPopulation":331486822}}
