{"usa":{"lastDate":1635033600000,"totalCases":45423303,"totalDeaths":736112,"twoWeekPercentChangeInCases":-0.24781383376112312,"twoWeekPercentChangeInDeaths":-0.06947115384615386,"totalVaccinationsInitiated":220351217,"totalPopulation":331486822}}
