{"usa":{"lastDate":1671148800000,"totalCases":99453169,"totalDeaths":1097239,"twoWeekPercentChangeInCases":0.2046783625730994,"twoWeekPercentChangeInDeaths":0.5360106698280972,"twoWeekPercentChangeInHospitalizations":-0.005462148396805107,"totalVaccinationsInitiated":260670756,"totalPopulation":331486822}}
