{"usa":{"lastDate":1675382400000,"totalCases":102163260,"totalDeaths":1122262,"twoWeekPercentChangeInCases":null,"twoWeekPercentChangeInDeaths":-0.06544293695131688,"twoWeekPercentChangeInHospitalizations":-0.09219406016338647,"totalVaccinationsInitiated":261612030,"totalPopulation":331486822}}
