{"usa":{"lastDate":1639785600000,"totalCases":50739052,"totalDeaths":804758,"twoWeekPercentChangeInCases":0.06534424768002592,"twoWeekPercentChangeInDeaths":-0.04866743916570104,"totalVaccinationsInitiated":241205528,"totalPopulation":331486822}}
