{"usa":{"lastDate":1643673600000,"totalCases":75285898,"totalDeaths":889522,"twoWeekPercentChangeInCases":-0.42355492161125413,"twoWeekPercentChangeInDeaths":0.41803278688524603,"twoWeekPercentChangeInHospitalizations":-0.1507069062959195,"totalVaccinationsInitiated":250184240,"totalPopulation":331486822}}
