{"usa":{"lastDate":1627776000000,"totalCases":35039644,"totalDeaths":612982,"twoWeekPercentChangeInCases":1.487294855574761,"twoWeekPercentChangeInDeaths":0.3240982749607945,"totalVaccinationsInitiated":191498983,"totalPopulation":331486822}}
