{"usa":{"lastDate":1636502400000,"totalCases":46757833,"totalDeaths":758588,"twoWeekPercentChangeInCases":0.06687565515707884,"twoWeekPercentChangeInDeaths":-0.12841781874039937,"totalVaccinationsInitiated":224660453,"totalPopulation":331486822}}
