{"usa":{"lastDate":1630454400000,"totalCases":39527445,"totalDeaths":642451,"twoWeekPercentChangeInCases":0.1765149974143261,"twoWeekPercentChangeInDeaths":0.7530014124293785,"totalVaccinationsInitiated":205527578,"totalPopulation":331486822}}
