{"usa":{"lastDate":1665532800000,"totalCases":91600770,"totalDeaths":1059871,"twoWeekPercentChangeInCases":-0.21088435374149653,"twoWeekPercentChangeInDeaths":null,"twoWeekPercentChangeInHospitalizations":-0.06572649958153541,"totalVaccinationsInitiated":250458891,"totalPopulation":331486822}}
