{"usa":{"lastDate":1665532800000,"totalCases":92183203,"totalDeaths":1060256,"twoWeekPercentChangeInCases":-0.21088435374149653,"twoWeekPercentChangeInDeaths":0.07708119218910583,"twoWeekPercentChangeInHospitalizations":-0.04339097341064089,"totalVaccinationsInitiated":250956639,"totalPopulation":331486822}}
