{"usa":{"lastDate":1653868800000,"totalCases":83963201,"totalDeaths":1003189,"twoWeekPercentChangeInCases":-0.06143344709897621,"twoWeekPercentChangeInDeaths":0.1465308102862687,"twoWeekPercentChangeInHospitalizations":0.16038515658028396,"totalVaccinationsInitiated":258463968,"totalPopulation":331486822}}
