{"usa":{"lastDate":1632960000000,"totalCases":43458265,"totalDeaths":697988,"twoWeekPercentChangeInCases":-0.26045379581848166,"twoWeekPercentChangeInDeaths":-0.021471057594661218,"totalVaccinationsInitiated":214332261,"totalPopulation":331486822}}
