{"usa":{"lastDate":1651190400000,"totalCases":81237868,"totalDeaths":991921,"twoWeekPercentChangeInCases":0.5442658886367496,"twoWeekPercentChangeInDeaths":-0.36095159967186224,"twoWeekPercentChangeInHospitalizations":0.14289769112566178,"totalVaccinationsInitiated":257565087,"totalPopulation":331486822}}
