{"usa":{"lastDate":1669939200000,"totalCases":98531011,"totalDeaths":1091529,"twoWeekPercentChangeInCases":0.2857142857142858,"twoWeekPercentChangeInDeaths":-0.11720067453625618,"twoWeekPercentChangeInHospitalizations":0.2981504168877999,"totalVaccinationsInitiated":253168286,"totalPopulation":331486822}}
