{"usa":{"lastDate":1655251200000,"totalCases":84220511,"totalDeaths":1009462,"twoWeekPercentChangeInCases":0.02941176470588233,"twoWeekPercentChangeInDeaths":-0.18512035010940922,"twoWeekPercentChangeInHospitalizations":0.033640792304458586,"totalVaccinationsInitiated":252434423,"totalPopulation":331486822}}
