{"usa":{"lastDate":1637539200000,"totalCases":47851481,"totalDeaths":773106,"twoWeekPercentChangeInCases":0.28801242248035785,"twoWeekPercentChangeInDeaths":0.15643564356435646,"totalVaccinationsInitiated":230732565,"totalPopulation":331486822}}
