{"usa":{"lastDate":1631750400000,"totalCases":41790700,"totalDeaths":670231,"twoWeekPercentChangeInCases":-0.0852649582157209,"twoWeekPercentChangeInDeaths":0.29344969969969975,"totalVaccinationsInitiated":210700361,"totalPopulation":331486822}}
