{"usa":{"lastDate":1676505600000,"totalCases":102281094,"totalDeaths":1124221,"twoWeekPercentChangeInCases":-0.0625,"twoWeekPercentChangeInDeaths":-0.07237778832463215,"twoWeekPercentChangeInHospitalizations":-0.06518586330675277,"totalVaccinationsInitiated":261728937,"totalPopulation":331486822}}
