{"usa":{"lastDate":1634947200000,"totalCases":45402799,"totalDeaths":735934,"twoWeekPercentChangeInCases":-0.2484887772465765,"twoWeekPercentChangeInDeaths":-0.051518615284128,"totalVaccinationsInitiated":220145796,"totalPopulation":331486822}}
