{"usa":{"lastDate":1629676800000,"totalCases":38038263,"totalDeaths":629641,"twoWeekPercentChangeInCases":0.2872104382145469,"twoWeekPercentChangeInDeaths":0.9093959731543625,"totalVaccinationsInitiated":201718587,"totalPopulation":331486822}}
