{"usa":{"lastDate":1664928000000,"totalCases":96170849,"totalDeaths":1058461,"twoWeekPercentChangeInCases":-0.22619047619047614,"twoWeekPercentChangeInDeaths":-0.0076384066662458895,"twoWeekPercentChangeInHospitalizations":-0.08348039818114784,"totalVaccinationsInitiated":250458891,"totalPopulation":331486822}}
