{"usa":{"lastDate":1656460800000,"totalCases":85505740,"totalDeaths":1014462,"twoWeekPercentChangeInCases":0.06666666666666667,"twoWeekPercentChangeInDeaths":0.22097560975609762,"twoWeekPercentChangeInHospitalizations":0.11619639551318951,"totalVaccinationsInitiated":253136993,"totalPopulation":331486822}}
