{"usa":{"lastDate":1658275200000,"totalCases":87989490,"totalDeaths":1022812,"twoWeekPercentChangeInCases":0.1962616822429905,"twoWeekPercentChangeInDeaths":0.3450980392156864,"twoWeekPercentChangeInHospitalizations":0.12230088695214053,"totalVaccinationsInitiated":254305796,"totalPopulation":331486822}}
