{"usa":{"lastDate":1626912000000,"totalCases":34285419,"totalDeaths":609870,"twoWeekPercentChangeInCases":1.802789917450227,"twoWeekPercentChangeInDeaths":0.23135888501742155,"totalVaccinationsInitiated":187216168,"totalPopulation":331486822}}
