{"usa":{"lastDate":1645660800000,"totalCases":78714648,"totalDeaths":943312,"twoWeekPercentChangeInCases":-0.6389888028329779,"twoWeekPercentChangeInDeaths":-0.2829201101928374,"twoWeekPercentChangeInHospitalizations":-0.43734207020895843,"totalVaccinationsInitiated":253179401,"totalPopulation":331486822}}
