{"usa":{"lastDate":1639612800000,"totalCases":50493182,"totalDeaths":802194,"twoWeekPercentChangeInCases":0.22811848214640912,"twoWeekPercentChangeInDeaths":0.18142292490118583,"totalVaccinationsInitiated":240321022,"totalPopulation":331486822}}
