{"usa":{"lastDate":1625788800000,"totalCases":33804801,"totalDeaths":606198,"twoWeekPercentChangeInCases":0.5234833776041357,"twoWeekPercentChangeInDeaths":-0.2835616438356164,"totalVaccinationsInitiated":183542871,"totalPopulation":331486822}}
