{"usa":{"lastDate":1650326400000,"totalCases":80645527,"totalDeaths":987999,"twoWeekPercentChangeInCases":0.4260920312492339,"twoWeekPercentChangeInDeaths":-0.20836463811670428,"twoWeekPercentChangeInHospitalizations":-0.0171390217617364,"totalVaccinationsInitiated":256880347,"totalPopulation":331486822}}
