{"usa":{"lastDate":1657670400000,"totalCases":87116486,"totalDeaths":1020274,"twoWeekPercentChangeInCases":0.1220238095238096,"twoWeekPercentChangeInDeaths":0.2905052264808362,"twoWeekPercentChangeInHospitalizations":0.19529540481400437,"totalVaccinationsInitiated":253855333,"totalPopulation":331486822}}
