{"usa":{"lastDate":1627948800000,"totalCases":35325243,"totalDeaths":614104,"twoWeekPercentChangeInCases":1.392662629564959,"twoWeekPercentChangeInDeaths":0.6664749856239218,"totalVaccinationsInitiated":192120576,"totalPopulation":331486822}}
