{"usa":{"lastDate":1635984000000,"totalCases":46303525,"totalDeaths":751202,"twoWeekPercentChangeInCases":-0.04179461418973492,"twoWeekPercentChangeInDeaths":-0.2983905671744556,"totalVaccinationsInitiated":222591394,"totalPopulation":331486822}}
