{"usa":{"lastDate":1629763200000,"totalCases":38193951,"totalDeaths":631052,"twoWeekPercentChangeInCases":0.28264693358108584,"twoWeekPercentChangeInDeaths":0.8370944992947814,"totalVaccinationsInitiated":202041893,"totalPopulation":331486822}}
