{"usa":{"lastDate":1631404800000,"totalCases":41025335,"totalDeaths":659806,"twoWeekPercentChangeInCases":-0.07128751812915317,"twoWeekPercentChangeInDeaths":0.27141439753059204,"totalVaccinationsInitiated":209437152,"totalPopulation":331486822}}
