{"usa":{"lastDate":1652745600000,"totalCases":82589383,"totalDeaths":998739,"twoWeekPercentChangeInCases":0.36910209557710805,"twoWeekPercentChangeInDeaths":-0.3297794117647058,"twoWeekPercentChangeInHospitalizations":0.27569455727051173,"totalVaccinationsInitiated":257870633,"totalPopulation":331486822}}
