{"usa":{"lastDate":1634169600000,"totalCases":44760674,"totalDeaths":721766,"twoWeekPercentChangeInCases":-0.22431980805762386,"twoWeekPercentChangeInDeaths":-0.15581912527798367,"totalVaccinationsInitiated":217953275,"totalPopulation":331486822}}
