{"usa":{"lastDate":1625184000000,"totalCases":33676646,"totalDeaths":604756,"twoWeekPercentChangeInCases":0.17009561733402156,"twoWeekPercentChangeInDeaths":-0.14703153988868273,"totalVaccinationsInitiated":181650678,"totalPopulation":331486822}}
