{"usa":{"lastDate":1634256000000,"totalCases":44859166,"totalDeaths":723931,"twoWeekPercentChangeInCases":-0.22857912782080786,"twoWeekPercentChangeInDeaths":-0.15725989986345015,"totalVaccinationsInitiated":218318056,"totalPopulation":331486822}}
