{"usa":{"lastDate":1651363200000,"totalCases":81276040,"totalDeaths":992033,"twoWeekPercentChangeInCases":0.5678757434743752,"twoWeekPercentChangeInDeaths":-0.31947291361639824,"twoWeekPercentChangeInHospitalizations":0.166377408442418,"totalVaccinationsInitiated":257747817,"totalPopulation":331486822}}
