{"usa":{"lastDate":1635897600000,"totalCases":46220408,"totalDeaths":750077,"twoWeekPercentChangeInCases":-0.04863133915901118,"twoWeekPercentChangeInDeaths":-0.25278084401800116,"totalVaccinationsInitiated":222268786,"totalPopulation":331486822}}
