{"usa":{"lastDate":1644796800000,"totalCases":77835989,"totalDeaths":920959,"twoWeekPercentChangeInCases":-0.6751743685853011,"twoWeekPercentChangeInDeaths":-0.0698124688831111,"twoWeekPercentChangeInHospitalizations":-0.36495177013695457,"totalVaccinationsInitiated":252144326,"totalPopulation":331486822}}
