{"usa":{"lastDate":1626912000000,"totalCases":34285360,"totalDeaths":609870,"twoWeekPercentChangeInCases":1.8022690151414822,"twoWeekPercentChangeInDeaths":0.23135888501742155,"totalVaccinationsInitiated":186819440,"totalPopulation":331486822}}
