{"usa":{"lastDate":1632096000000,"totalCases":42274064,"totalDeaths":676191,"twoWeekPercentChangeInCases":0.03802182396315653,"twoWeekPercentChangeInDeaths":0.505305449675492,"totalVaccinationsInitiated":212255202,"totalPopulation":331486822}}
