{"usa":{"lastDate":1656547200000,"totalCases":85786980,"totalDeaths":1006710,"twoWeekPercentChangeInCases":0.09265175718849845,"twoWeekPercentChangeInDeaths":0.046357615894039736,"twoWeekPercentChangeInHospitalizations":0.13504862388765826,"totalVaccinationsInitiated":253136993,"totalPopulation":331486822}}
