{"usa":{"lastDate":1668729600000,"totalCases":97873371,"totalDeaths":1072567,"twoWeekPercentChangeInCases":0.09917355371900832,"twoWeekPercentChangeInDeaths":-0.284942084942085,"twoWeekPercentChangeInHospitalizations":0.20621232288866853,"totalVaccinationsInitiated":252898654,"totalPopulation":331486822}}
