{"usa":{"lastDate":1674000000000,"totalCases":101412090,"totalDeaths":1111412,"twoWeekPercentChangeInCases":null,"twoWeekPercentChangeInDeaths":0.6134931924405608,"twoWeekPercentChangeInHospitalizations":-0.2462001108395643,"totalVaccinationsInitiated":261200336,"totalPopulation":331486822}}
