{"usa":{"lastDate":1649376000000,"totalCases":80254032,"totalDeaths":983436,"twoWeekPercentChangeInCases":0.0334350549962448,"twoWeekPercentChangeInDeaths":-0.35830324909747296,"twoWeekPercentChangeInHospitalizations":-0.22187260568461611,"totalVaccinationsInitiated":256062152,"totalPopulation":331486822}}
