{"usa":{"lastDate":1641427200000,"totalCases":58476617,"totalDeaths":832398,"twoWeekPercentChangeInCases":2.208504475720768,"twoWeekPercentChangeInDeaths":-0.16543039503191306,"totalVaccinationsInitiated":245653518,"totalPopulation":331486822}}
