{"usa":{"lastDate":1639267200000,"totalCases":49881563,"totalDeaths":795922,"twoWeekPercentChangeInCases":0.6649309148214769,"twoWeekPercentChangeInDeaths":0.6152181752614497,"totalVaccinationsInitiated":239008166,"totalPopulation":331486822}}
