{"usa":{"lastDate":1637020800000,"totalCases":47275865,"totalDeaths":764603,"twoWeekPercentChangeInCases":0.18841271889365413,"twoWeekPercentChangeInDeaths":-0.1438800626538376,"totalVaccinationsInitiated":227691941,"totalPopulation":331486822}}
