{"usa":{"lastDate":1638576000000,"totalCases":49010250,"totalDeaths":786803,"twoWeekPercentChangeInCases":0.29466098818010683,"twoWeekPercentChangeInDeaths":-0.0417886342989805,"totalVaccinationsInitiated":235297964,"totalPopulation":331486822}}
