{"usa":{"lastDate":1623456000000,"totalCases":33424159,"totalDeaths":599680,"twoWeekPercentChangeInCases":-0.31113666362758036,"twoWeekPercentChangeInDeaths":-0.4285714285714286,"totalVaccinationsInitiated":173391711,"totalPopulation":331486822}}
