{"usa":{"lastDate":1655164800000,"totalCases":81565485,"totalDeaths":1008634,"twoWeekPercentChangeInCases":0.08532423208191121,"twoWeekPercentChangeInDeaths":0.09636730575176586,"twoWeekPercentChangeInHospitalizations":0.07771352861427229,"totalVaccinationsInitiated":252434423,"totalPopulation":331486822}}
