{"usa":{"lastDate":1645574400000,"totalCases":78641184,"totalDeaths":940405,"twoWeekPercentChangeInCases":-0.6514719323634701,"twoWeekPercentChangeInDeaths":-0.25771872033945625,"twoWeekPercentChangeInHospitalizations":-0.43734207020895843,"totalVaccinationsInitiated":253179401,"totalPopulation":331486822}}
