{"usa":{"lastDate":1654473600000,"totalCases":84815307,"totalDeaths":1005473,"twoWeekPercentChangeInCases":0.12576687116564422,"twoWeekPercentChangeInDeaths":0.06084533209475154,"twoWeekPercentChangeInHospitalizations":0.12732999316273808,"totalVaccinationsInitiated":258865995,"totalPopulation":331486822}}
