{"usa":{"lastDate":1624406400000,"totalCases":33551778,"totalDeaths":602562,"twoWeekPercentChangeInCases":-0.24973687787024365,"twoWeekPercentChangeInDeaths":-0.1992495309568481,"totalVaccinationsInitiated":177948892,"totalPopulation":331486822}}
