{"usa":{"lastDate":1671494400000,"totalCases":99568893,"totalDeaths":1099579,"twoWeekPercentChangeInCases":0.21052631578947353,"twoWeekPercentChangeInDeaths":-0.12746925083861343,"twoWeekPercentChangeInHospitalizations":0.07502391283252698,"totalVaccinationsInitiated":260872513,"totalPopulation":331486822}}
