{"usa":{"lastDate":1638316800000,"totalCases":48662120,"totalDeaths":782826,"twoWeekPercentChangeInCases":-0.05451880384046137,"twoWeekPercentChangeInDeaths":-0.12982410081386186,"totalVaccinationsInitiated":233590555,"totalPopulation":331486822}}
