{"usa":{"lastDate":1651622400000,"totalCases":81545992,"totalDeaths":995017,"twoWeekPercentChangeInCases":0.54305297444198,"twoWeekPercentChangeInDeaths":0.43196544276457904,"twoWeekPercentChangeInHospitalizations":0.19176327851172822,"totalVaccinationsInitiated":257881623,"totalPopulation":331486822}}
