{"usa":{"lastDate":1658880000000,"totalCases":89063995,"totalDeaths":1026846,"twoWeekPercentChangeInCases":0.01856763925729431,"twoWeekPercentChangeInDeaths":-0.0026569246097642545,"twoWeekPercentChangeInHospitalizations":0.032675266137625704,"totalVaccinationsInitiated":254733781,"totalPopulation":331486822}}
