{"usa":{"lastDate":1651795200000,"totalCases":81735643,"totalDeaths":996160,"twoWeekPercentChangeInCases":0.5361572766692898,"twoWeekPercentChangeInDeaths":0.7567343555739742,"twoWeekPercentChangeInHospitalizations":0.20943737979198182,"totalVaccinationsInitiated":257995280,"totalPopulation":331486822}}
