{"usa":{"lastDate":1655510400000,"totalCases":86112463,"totalDeaths":1009871,"twoWeekPercentChangeInCases":-0.07210031347962367,"twoWeekPercentChangeInDeaths":0.03544303797468354,"twoWeekPercentChangeInHospitalizations":0.04734822974193202,"totalVaccinationsInitiated":259198178,"totalPopulation":331486822}}
