{"usa":{"lastDate":1653436800000,"totalCases":83644909,"totalDeaths":1002179,"twoWeekPercentChangeInCases":0.28571428571428564,"twoWeekPercentChangeInDeaths":0.04552845528455284,"twoWeekPercentChangeInHospitalizations":0.29593917100174855,"totalVaccinationsInitiated":258312266,"totalPopulation":331486822}}
