{"usa":{"lastDate":1668729600000,"totalCases":97879637,"totalDeaths":1072754,"twoWeekPercentChangeInCases":0.09917355371900832,"twoWeekPercentChangeInDeaths":-0.293816631130064,"twoWeekPercentChangeInHospitalizations":0.16529973962479272,"totalVaccinationsInitiated":253374695,"totalPopulation":331486822}}
