{"usa":{"lastDate":1645315200000,"totalCases":78378525,"totalDeaths":933899,"twoWeekPercentChangeInCases":-0.641382531169731,"twoWeekPercentChangeInDeaths":-0.13860232945091513,"twoWeekPercentChangeInHospitalizations":-0.42578180363255075,"totalVaccinationsInitiated":252791817,"totalPopulation":331486822}}
