{"usa":{"lastDate":1641254400000,"totalCases":57041530,"totalDeaths":828436,"twoWeekPercentChangeInCases":2.5135876369469057,"twoWeekPercentChangeInDeaths":-0.025432672013507903,"totalVaccinationsInitiated":244947293,"totalPopulation":331486822}}
