{"usa":{"lastDate":1644019200000,"totalCases":76358490,"totalDeaths":901009,"twoWeekPercentChangeInCases":-0.5724408902979388,"twoWeekPercentChangeInDeaths":0.1986415395884665,"twoWeekPercentChangeInHospitalizations":-0.23493348358331723,"totalVaccinationsInitiated":250915858,"totalPopulation":331486822}}
