{"usa":{"lastDate":1675296000000,"totalCases":102098900,"totalDeaths":1119137,"twoWeekPercentChangeInCases":-0.18248175182481743,"twoWeekPercentChangeInDeaths":-0.2663010359536868,"twoWeekPercentChangeInHospitalizations":-0.1560384620144294,"totalVaccinationsInitiated":261612030,"totalPopulation":331486822}}
