{"usa":{"lastDate":1640908800000,"totalCases":54689467,"totalDeaths":823917,"twoWeekPercentChangeInCases":2.0974604540309745,"twoWeekPercentChangeInDeaths":0.019211437506980976,"totalVaccinationsInitiated":243527564,"totalPopulation":331486822}}
