{"usa":{"lastDate":1652832000000,"totalCases":82763620,"totalDeaths":999190,"twoWeekPercentChangeInCases":0.3352283882827352,"twoWeekPercentChangeInDeaths":-0.5708186840783527,"twoWeekPercentChangeInHospitalizations":0.2928147511624732,"totalVaccinationsInitiated":257942199,"totalPopulation":331486822}}
