{"usa":{"lastDate":1634688000000,"totalCases":45207108,"totalDeaths":731512,"twoWeekPercentChangeInCases":-0.24507119695474414,"twoWeekPercentChangeInDeaths":-0.07121451104100947,"totalVaccinationsInitiated":219381466,"totalPopulation":331486822}}
