{"usa":{"lastDate":1651104000000,"totalCases":81156232,"totalDeaths":991502,"twoWeekPercentChangeInCases":0.5146837261223565,"twoWeekPercentChangeInDeaths":-0.3074489502444636,"twoWeekPercentChangeInHospitalizations":0.14289769112566178,"totalVaccinationsInitiated":257565087,"totalPopulation":331486822}}
