{"usa":{"lastDate":1636156800000,"totalCases":46427230,"totalDeaths":753919,"twoWeekPercentChangeInCases":-0.0029948048508829208,"twoWeekPercentChangeInDeaths":-0.26667811453593204,"totalVaccinationsInitiated":223245121,"totalPopulation":331486822}}
