{"usa":{"lastDate":1630108800000,"totalCases":38830051,"totalDeaths":637066,"twoWeekPercentChangeInCases":0.20330601258332454,"twoWeekPercentChangeInDeaths":0.9542284219703575,"totalVaccinationsInitiated":203992008,"totalPopulation":331486822}}
