{"usa":{"lastDate":1651276800000,"totalCases":81260672,"totalDeaths":992010,"twoWeekPercentChangeInCases":0.5751818727631404,"twoWeekPercentChangeInDeaths":-0.31999999999999995,"twoWeekPercentChangeInHospitalizations":0.15882030393232008,"totalVaccinationsInitiated":257641065,"totalPopulation":331486822}}
