{"usa":{"lastDate":1663718400000,"totalCases":92311155,"totalDeaths":1051049,"twoWeekPercentChangeInCases":-0.21495327102803732,"twoWeekPercentChangeInDeaths":-0.035163204747774485,"twoWeekPercentChangeInHospitalizations":-0.1387334231729575,"totalVaccinationsInitiated":249732841,"totalPopulation":331486822}}
