{"usa":{"lastDate":1634774400000,"totalCases":45287779,"totalDeaths":733385,"twoWeekPercentChangeInCases":-0.24527089033104135,"twoWeekPercentChangeInDeaths":-0.06222760290556899,"totalVaccinationsInitiated":219624445,"totalPopulation":331486822}}
