{"usa":{"lastDate":1648512000000,"totalCases":79920438,"totalDeaths":977179,"twoWeekPercentChangeInCases":-0.1614876667156407,"twoWeekPercentChangeInDeaths":-0.39532944120100083,"twoWeekPercentChangeInHospitalizations":-0.3381876747364421,"totalVaccinationsInitiated":255428475,"totalPopulation":331486822}}
