{"usa":{"lastDate":1636070400000,"totalCases":46395307,"totalDeaths":753517,"twoWeekPercentChangeInCases":-0.015015282065756268,"twoWeekPercentChangeInDeaths":-0.2712361878453039,"totalVaccinationsInitiated":222902939,"totalPopulation":331486822}}
