{"usa":{"lastDate":1631577600000,"totalCases":41448621,"totalDeaths":664231,"twoWeekPercentChangeInCases":-0.05116070680996686,"twoWeekPercentChangeInDeaths":0.39685056013527786,"totalVaccinationsInitiated":209982936,"totalPopulation":331486822}}
