{"usa":{"lastDate":1673308800000,"totalCases":99964875,"totalDeaths":1106474,"twoWeekPercentChangeInCases":-0.3842364532019704,"twoWeekPercentChangeInDeaths":0.45104895104895115,"twoWeekPercentChangeInHospitalizations":-0.0805471889128535,"totalVaccinationsInitiated":261012851,"totalPopulation":331486822}}
