{"usa":{"lastDate":1624665600000,"totalCases":33588134,"totalDeaths":603501,"twoWeekPercentChangeInCases":-0.180628737197324,"twoWeekPercentChangeInDeaths":-0.19947800149142433,"totalVaccinationsInitiated":178873816,"totalPopulation":331486822}}
