{"usa":{"lastDate":1663804800000,"totalCases":95609440,"totalDeaths":1053803,"twoWeekPercentChangeInCases":-0.18446601941747579,"twoWeekPercentChangeInDeaths":-0.12422552664188362,"twoWeekPercentChangeInHospitalizations":-0.14064730063499378,"totalVaccinationsInitiated":249732841,"totalPopulation":331486822}}
