{"usa":{"lastDate":1674000000000,"totalCases":96416089,"totalDeaths":1109505,"twoWeekPercentChangeInCases":null,"twoWeekPercentChangeInDeaths":0.8276706158817195,"twoWeekPercentChangeInHospitalizations":-0.17325598915172516,"totalVaccinationsInitiated":261012851,"totalPopulation":331486822}}
