{"usa":{"lastDate":1664928000000,"totalCases":93529489,"totalDeaths":1057753,"twoWeekPercentChangeInCases":-0.22619047619047614,"twoWeekPercentChangeInDeaths":-0.11938775510204087,"twoWeekPercentChangeInHospitalizations":-0.10792849512681621,"totalVaccinationsInitiated":250458891,"totalPopulation":331486822}}
