{"usa":{"lastDate":1651449600000,"totalCases":81371443,"totalDeaths":992424,"twoWeekPercentChangeInCases":0.582732109426451,"twoWeekPercentChangeInDeaths":-0.28380836870830806,"twoWeekPercentChangeInHospitalizations":0.1783989933966037,"totalVaccinationsInitiated":257823699,"totalPopulation":331486822}}
