{"usa":{"lastDate":1647302400000,"totalCases":79492662,"totalDeaths":965434,"twoWeekPercentChangeInCases":-0.4877398905137273,"twoWeekPercentChangeInDeaths":-0.37533562052505964,"twoWeekPercentChangeInHospitalizations":-0.44368763689462154,"totalVaccinationsInitiated":254071045,"totalPopulation":331486822}}
