{"usa":{"lastDate":1649289600000,"totalCases":80209904,"totalDeaths":982971,"twoWeekPercentChangeInCases":-0.03453664855123474,"twoWeekPercentChangeInDeaths":-0.350547730829421,"twoWeekPercentChangeInHospitalizations":-0.22187260568461611,"totalVaccinationsInitiated":256062152,"totalPopulation":331486822}}
