{"usa":{"lastDate":1655683200000,"totalCases":86181266,"totalDeaths":1009982,"twoWeekPercentChangeInCases":-0.28065395095367857,"twoWeekPercentChangeInDeaths":-0.18301225919439582,"twoWeekPercentChangeInHospitalizations":0.023678655257084687,"totalVaccinationsInitiated":259198178,"totalPopulation":331486822}}
