{"usa":{"lastDate":1629763200000,"totalCases":38193758,"totalDeaths":631050,"twoWeekPercentChangeInCases":0.2824134560481568,"twoWeekPercentChangeInDeaths":0.8366243535496005,"totalVaccinationsInitiated":202041893,"totalPopulation":331486822}}
