{"usa":{"lastDate":1655251200000,"totalCases":85871798,"totalDeaths":1009151,"twoWeekPercentChangeInCases":0.022580645161290325,"twoWeekPercentChangeInDeaths":0.09022177419354832,"twoWeekPercentChangeInHospitalizations":0.07771352861427229,"totalVaccinationsInitiated":259198178,"totalPopulation":331486822}}
