{"usa":{"lastDate":1653264000000,"totalCases":83325014,"totalDeaths":1000826,"twoWeekPercentChangeInCases":0.455357142857143,"twoWeekPercentChangeInDeaths":-0.485912129894938,"twoWeekPercentChangeInHospitalizations":0.29698104031420164,"totalVaccinationsInitiated":258256059,"totalPopulation":331486822}}
