{"usa":{"lastDate":1652659200000,"totalCases":82566793,"totalDeaths":998671,"twoWeekPercentChangeInCases":0.5819988272699452,"twoWeekPercentChangeInDeaths":-0.12828111769686704,"twoWeekPercentChangeInHospitalizations":0.2600083900208106,"totalVaccinationsInitiated":257870633,"totalPopulation":331486822}}
