{"usa":{"lastDate":1657065600000,"totalCases":87802867,"totalDeaths":1016756,"twoWeekPercentChangeInCases":0.088135593220339,"twoWeekPercentChangeInDeaths":-0.10066588327457894,"twoWeekPercentChangeInHospitalizations":0.17897396925387069,"totalVaccinationsInitiated":253479688,"totalPopulation":331486822}}
