{"usa":{"lastDate":1642291200000,"totalCases":65814876,"totalDeaths":849976,"twoWeekPercentChangeInCases":0.9525290954441195,"twoWeekPercentChangeInDeaths":0.4534490055014813,"totalVaccinationsInitiated":248707432,"totalPopulation":331486822}}
