{"usa":{"lastDate":1628553600000,"totalCases":36149787,"totalDeaths":618354,"twoWeekPercentChangeInCases":0.8570201387072628,"twoWeekPercentChangeInDeaths":1.0128022759601707,"totalVaccinationsInitiated":195646711,"totalPopulation":331486822}}
