{"usa":{"lastDate":1681257600000,"totalCases":103299748,"totalDeaths":1128903,"twoWeekPercentChangeInCases":-0.38028169014084495,"twoWeekPercentChangeInDeaths":-0.1247537754432043,"twoWeekPercentChangeInHospitalizations":-0.14944892000550314,"totalVaccinationsInitiated":262581470,"totalPopulation":331486822}}
