{"usa":{"lastDate":1651881600000,"totalCases":81766001,"totalDeaths":996256,"twoWeekPercentChangeInCases":0.52327055769225,"twoWeekPercentChangeInDeaths":0.7190283400809717,"twoWeekPercentChangeInHospitalizations":0.20943737979198182,"totalVaccinationsInitiated":258080764,"totalPopulation":331486822}}
