{"usa":{"lastDate":1658275200000,"totalCases":87989490,"totalDeaths":1022159,"twoWeekPercentChangeInCases":0.1962616822429905,"twoWeekPercentChangeInDeaths":0.35078299776286354,"twoWeekPercentChangeInHospitalizations":0.18473893970468416,"totalVaccinationsInitiated":254305796,"totalPopulation":331486822}}
