{"usa":{"lastDate":1669852800000,"totalCases":95600147,"totalDeaths":1090029,"twoWeekPercentChangeInCases":0.3043478260869565,"twoWeekPercentChangeInDeaths":-0.11720067453625618,"twoWeekPercentChangeInHospitalizations":0.29405401073803994,"totalVaccinationsInitiated":253168286,"totalPopulation":331486822}}
