{"usa":{"lastDate":1665532800000,"totalCases":95507845,"totalDeaths":1061025,"twoWeekPercentChangeInCases":-0.21088435374149653,"twoWeekPercentChangeInDeaths":0.12369337979094072,"twoWeekPercentChangeInHospitalizations":-0.024211629125196418,"totalVaccinationsInitiated":250956639,"totalPopulation":331486822}}
