{"usa":{"lastDate":1634860800000,"totalCases":45376439,"totalDeaths":735515,"twoWeekPercentChangeInCases":-0.2455651118730885,"twoWeekPercentChangeInDeaths":-0.06527878641168394,"totalVaccinationsInitiated":219900525,"totalPopulation":331486822}}
