{"usa":{"lastDate":1638489600000,"totalCases":48947721,"totalDeaths":786270,"twoWeekPercentChangeInCases":0.1986481007431257,"twoWeekPercentChangeInDeaths":-0.08989657915672249,"totalVaccinationsInitiated":234743864,"totalPopulation":331486822}}
