{"usa":{"lastDate":1638835200000,"totalCases":49350074,"totalDeaths":790040,"twoWeekPercentChangeInCases":0.24073472844162702,"twoWeekPercentChangeInDeaths":-0.0786809662223113,"totalVaccinationsInitiated":236363835,"totalPopulation":331486822}}
