{"usa":{"lastDate":1667347200000,"totalCases":92324439,"totalDeaths":1067958,"twoWeekPercentChangeInCases":0.07207207207207204,"twoWeekPercentChangeInDeaths":-0.08554216867469873,"twoWeekPercentChangeInHospitalizations":0.021738551721567762,"totalVaccinationsInitiated":252094180,"totalPopulation":331486822}}
