{"usa":{"lastDate":1683072000000,"totalCases":103477400,"totalDeaths":1131149,"twoWeekPercentChangeInCases":-0.23255813953488363,"twoWeekPercentChangeInDeaths":-0.17905675459632292,"twoWeekPercentChangeInHospitalizations":-0.16545410615050066,"totalVaccinationsInitiated":262651225,"totalPopulation":331486822}}
