{"usa":{"lastDate":1679443200000,"totalCases":103839655,"totalDeaths":1083779,"twoWeekPercentChangeInCases":-0.34313725490196073,"twoWeekPercentChangeInDeaths":2.597808441558441,"twoWeekPercentChangeInHospitalizations":-0.1533771593289231,"totalVaccinationsInitiated":262405769,"totalPopulation":331486822}}
