{"usa":{"lastDate":1667347200000,"totalCases":93948805,"totalDeaths":1068097,"twoWeekPercentChangeInCases":0.009009009009008981,"twoWeekPercentChangeInDeaths":-0.11200428724544474,"twoWeekPercentChangeInHospitalizations":0.027480390078439706,"totalVaccinationsInitiated":252094180,"totalPopulation":331486822}}
