{"usa":{"lastDate":1674086400000,"totalCases":101576154,"totalDeaths":1116080,"twoWeekPercentChangeInCases":null,"twoWeekPercentChangeInDeaths":-0.1963998714239794,"twoWeekPercentChangeInHospitalizations":-0.20668638069278655,"totalVaccinationsInitiated":261351424,"totalPopulation":331486822}}
