{"usa":{"lastDate":1677715200000,"totalCases":100886602,"totalDeaths":1129886,"twoWeekPercentChangeInCases":-0.13333333333333333,"twoWeekPercentChangeInDeaths":-0.2635584548477871,"twoWeekPercentChangeInHospitalizations":-0.10886966690862157,"totalVaccinationsInitiated":261939710,"totalPopulation":331486822}}
