{"usa":{"lastDate":1669939200000,"totalCases":98531011,"totalDeaths":1093298,"twoWeekPercentChangeInCases":0.2857142857142858,"twoWeekPercentChangeInDeaths":0.4858411327093832,"twoWeekPercentChangeInHospitalizations":0.20984172308985954,"totalVaccinationsInitiated":253168286,"totalPopulation":331486822}}
