{"usa":{"lastDate":1672272000000,"totalCases":98774901,"totalDeaths":1103883,"twoWeekPercentChangeInCases":-0.16402116402116398,"twoWeekPercentChangeInDeaths":0.18692715870718754,"twoWeekPercentChangeInHospitalizations":0.12131363553969071,"totalVaccinationsInitiated":261041288,"totalPopulation":331486822}}
