{"usa":{"lastDate":1628121600000,"totalCases":35565532,"totalDeaths":615408,"twoWeekPercentChangeInCases":1.1903814624549132,"twoWeekPercentChangeInDeaths":0.8698358800226373,"totalVaccinationsInitiated":193199353,"totalPopulation":331486822}}
