{"usa":{"lastDate":1643846400000,"totalCases":75924742,"totalDeaths":896183,"twoWeekPercentChangeInCases":-0.5182446487827965,"twoWeekPercentChangeInDeaths":0.29234126425454043,"twoWeekPercentChangeInHospitalizations":-0.19621647462149894,"totalVaccinationsInitiated":250593665,"totalPopulation":331486822}}
