{"usa":{"lastDate":1637884800000,"totalCases":48144799,"totalDeaths":777090,"twoWeekPercentChangeInCases":-0.057247546174332135,"twoWeekPercentChangeInDeaths":-0.27962326587756137,"totalVaccinationsInitiated":231367686,"totalPopulation":331486822}}
