{"usa":{"lastDate":1675123200000,"totalCases":100229601,"totalDeaths":1103198,"twoWeekPercentChangeInCases":-0.2387096774193548,"twoWeekPercentChangeInDeaths":-0.19447123111539702,"twoWeekPercentChangeInHospitalizations":-0.1990270883353709,"totalVaccinationsInitiated":261478901,"totalPopulation":331486822}}
