{"usa":{"lastDate":1666051200000,"totalCases":93410756,"totalDeaths":1063519,"twoWeekPercentChangeInCases":-0.1503759398496239,"twoWeekPercentChangeInDeaths":-0.16781345565749237,"twoWeekPercentChangeInHospitalizations":0.002625289396718043,"totalVaccinationsInitiated":251397718,"totalPopulation":331486822}}
