{"usa":{"lastDate":1624147200000,"totalCases":33509003,"totalDeaths":601442,"twoWeekPercentChangeInCases":-0.17640596611315337,"twoWeekPercentChangeInDeaths":-0.20597127739984877,"totalVaccinationsInitiated":177088290,"totalPopulation":331486822}}
