{"usa":{"lastDate":1642550400000,"totalCases":68557114,"totalDeaths":857644,"twoWeekPercentChangeInCases":0.2978772689559085,"twoWeekPercentChangeInDeaths":0.4941621621621622,"totalVaccinationsInitiated":250028635,"totalPopulation":331486822}}
