{"usa":{"lastDate":1635638400000,"totalCases":45934095,"totalDeaths":745535,"twoWeekPercentChangeInCases":-0.12700949515840934,"twoWeekPercentChangeInDeaths":-0.1187692883194614,"totalVaccinationsInitiated":221520153,"totalPopulation":331486822}}
