{"usa":{"lastDate":1654646400000,"totalCases":81602203,"totalDeaths":1002865,"twoWeekPercentChangeInCases":0.012422360248447164,"twoWeekPercentChangeInDeaths":-0.08402366863905329,"twoWeekPercentChangeInHospitalizations":0.11022599265914612,"totalVaccinationsInitiated":252147631,"totalPopulation":331486822}}
