{"usa":{"lastDate":1661990400000,"totalCases":94293529,"totalDeaths":1044361,"twoWeekPercentChangeInCases":-0.10652920962199317,"twoWeekPercentChangeInDeaths":-0.14575411913814945,"twoWeekPercentChangeInHospitalizations":-0.10319872892422875,"totalVaccinationsInitiated":248926791,"totalPopulation":331486822}}
