{"usa":{"lastDate":1665014400000,"totalCases":94319333,"totalDeaths":1059245,"twoWeekPercentChangeInCases":-0.25595238095238093,"twoWeekPercentChangeInDeaths":0.01853772361939343,"twoWeekPercentChangeInHospitalizations":-0.06572649958153541,"totalVaccinationsInitiated":250458891,"totalPopulation":331486822}}
