{"usa":{"lastDate":1627257600000,"totalCases":34494650,"totalDeaths":610722,"twoWeekPercentChangeInCases":1.4419395372902655,"twoWeekPercentChangeInDeaths":0.06766500277315592,"totalVaccinationsInitiated":188472188,"totalPopulation":331486822}}
