{"usa":{"lastDate":1625097600000,"totalCases":33656144,"totalDeaths":604756,"twoWeekPercentChangeInCases":0.04909669568473284,"twoWeekPercentChangeInDeaths":-0.14703153988868273,"totalVaccinationsInitiated":181650678,"totalPopulation":331486822}}
