{"usa":{"lastDate":1653523200000,"totalCases":83769493,"totalDeaths":1002522,"twoWeekPercentChangeInCases":0.2546816479400749,"twoWeekPercentChangeInDeaths":0.17352666043030868,"twoWeekPercentChangeInHospitalizations":0.2682772172361892,"totalVaccinationsInitiated":258463968,"totalPopulation":331486822}}
