{"usa":{"lastDate":1633132800000,"totalCases":43628328,"totalDeaths":701077,"twoWeekPercentChangeInCases":-0.27077360584481636,"twoWeekPercentChangeInDeaths":-0.06249556139478733,"totalVaccinationsInitiated":214870696,"totalPopulation":331486822}}
