{"usa":{"lastDate":1664928000000,"totalCases":93529489,"totalDeaths":1057789,"twoWeekPercentChangeInCases":-0.22619047619047614,"twoWeekPercentChangeInDeaths":-0.12047377326565151,"twoWeekPercentChangeInHospitalizations":-0.1037028206289787,"totalVaccinationsInitiated":250458891,"totalPopulation":331486822}}
