{"usa":{"lastDate":1625616000000,"totalCases":33746442,"totalDeaths":605426,"twoWeekPercentChangeInCases":0.34906601664624826,"twoWeekPercentChangeInDeaths":-0.4024523586379256,"totalVaccinationsInitiated":182896080,"totalPopulation":331486822}}
