{"usa":{"lastDate":1631232000000,"totalCases":40914456,"totalDeaths":658865,"twoWeekPercentChangeInCases":-0.0653166696610923,"twoWeekPercentChangeInDeaths":0.29477359765713,"totalVaccinationsInitiated":208704230,"totalPopulation":331486822}}
