{"usa":{"lastDate":1667347200000,"totalCases":92324439,"totalDeaths":1067960,"twoWeekPercentChangeInCases":0.07207207207207204,"twoWeekPercentChangeInDeaths":-0.08433734939759036,"twoWeekPercentChangeInHospitalizations":0.020358561711225475,"totalVaccinationsInitiated":252094180,"totalPopulation":331486822}}
