{"usa":{"lastDate":1642809600000,"totalCases":70468038,"totalDeaths":865116,"twoWeekPercentChangeInCases":-0.001999781245807012,"twoWeekPercentChangeInDeaths":0.2815326847584912,"totalVaccinationsInitiated":250568431,"totalPopulation":331486822}}
