{"usa":{"lastDate":1663113600000,"totalCases":91088047,"totalDeaths":1048444,"twoWeekPercentChangeInCases":-0.2692307692307693,"twoWeekPercentChangeInDeaths":0.02526315789473684,"twoWeekPercentChangeInHospitalizations":-0.11330090798637062,"totalVaccinationsInitiated":249108488,"totalPopulation":331486822}}
