{"usa":{"lastDate":1658880000000,"totalCases":88893964,"totalDeaths":1025766,"twoWeekPercentChangeInCases":0.01856763925729431,"twoWeekPercentChangeInDeaths":0.013065326633165791,"twoWeekPercentChangeInHospitalizations":0.09655204454323879,"totalVaccinationsInitiated":254733781,"totalPopulation":331486822}}
