{"usa":{"lastDate":1677542400000,"totalCases":101282229,"totalDeaths":1128849,"twoWeekPercentChangeInCases":-0.10091743119266053,"twoWeekPercentChangeInDeaths":-0.48317832127684,"twoWeekPercentChangeInHospitalizations":-0.0826184268901196,"totalVaccinationsInitiated":261939710,"totalPopulation":331486822}}
