{"usa":{"lastDate":1662508800000,"totalCases":93589086,"totalDeaths":1045568,"twoWeekPercentChangeInCases":-0.21323529411764705,"twoWeekPercentChangeInDeaths":-0.185096870342772,"twoWeekPercentChangeInHospitalizations":-0.09132712327145479,"totalVaccinationsInitiated":249108488,"totalPopulation":331486822}}
