{"usa":{"lastDate":1648252800000,"totalCases":79845043,"totalDeaths":975465,"twoWeekPercentChangeInCases":-0.14412517293306729,"twoWeekPercentChangeInDeaths":-0.4000666592600822,"twoWeekPercentChangeInHospitalizations":-0.37142027912190184,"totalVaccinationsInitiated":255221135,"totalPopulation":331486822}}
