{"usa":{"lastDate":1639094400000,"totalCases":49792084,"totalDeaths":795287,"twoWeekPercentChangeInCases":0.5957729755402518,"twoWeekPercentChangeInDeaths":0.5777074542897328,"totalVaccinationsInitiated":238143066,"totalPopulation":331486822}}
