{"usa":{"lastDate":1647820800000,"totalCases":79670252,"totalDeaths":971968,"twoWeekPercentChangeInCases":-0.30520875972165373,"twoWeekPercentChangeInDeaths":-0.21617933723196883,"twoWeekPercentChangeInHospitalizations":-0.41483290669547446,"totalVaccinationsInitiated":255021542,"totalPopulation":331486822}}
