{"usa":{"lastDate":1664323200000,"totalCases":93233613,"totalDeaths":1055143,"twoWeekPercentChangeInCases":-0.2263157894736842,"twoWeekPercentChangeInDeaths":-0.13802345058626472,"twoWeekPercentChangeInHospitalizations":-0.12104894976160224,"totalVaccinationsInitiated":250092383,"totalPopulation":331486822}}
