{"usa":{"lastDate":1626220800000,"totalCases":33932150,"totalDeaths":607365,"twoWeekPercentChangeInCases":1.114274322169059,"twoWeekPercentChangeInDeaths":0.04636459430979972,"totalVaccinationsInitiated":184835149,"totalPopulation":331486822}}
