{"usa":{"lastDate":1641340800000,"totalCases":57745899,"totalDeaths":830549,"twoWeekPercentChangeInCases":2.4049079345830817,"twoWeekPercentChangeInDeaths":-0.02313543207268113,"totalVaccinationsInitiated":245278020,"totalPopulation":331486822}}
