{"usa":{"lastDate":1646611200000,"totalCases":79242750,"totalDeaths":959113,"twoWeekPercentChangeInCases":-0.49846289637464214,"twoWeekPercentChangeInDeaths":-0.2512408759124088,"twoWeekPercentChangeInHospitalizations":-0.4380519959435789,"totalVaccinationsInitiated":254071045,"totalPopulation":331486822}}
