{"usa":{"lastDate":1630368000000,"totalCases":39316629,"totalDeaths":640519,"twoWeekPercentChangeInCases":0.14663932190995232,"twoWeekPercentChangeInDeaths":0.9413212966762412,"totalVaccinationsInitiated":205026070,"totalPopulation":331486822}}
