{"usa":{"lastDate":1631836800000,"totalCases":41956165,"totalDeaths":672811,"twoWeekPercentChangeInCases":-0.0911915172791642,"twoWeekPercentChangeInDeaths":0.2840438265353097,"totalVaccinationsInitiated":211097597,"totalPopulation":331486822}}
