{"usa":{"lastDate":1645920000000,"totalCases":78834930,"totalDeaths":946883,"twoWeekPercentChangeInCases":-0.6225353950760351,"twoWeekPercentChangeInDeaths":-0.23450023573785947,"twoWeekPercentChangeInHospitalizations":-0.43640753274376093,"totalVaccinationsInitiated":253491557,"totalPopulation":331486822}}
