{"usa":{"lastDate":1626652800000,"totalCases":34097758,"totalDeaths":608811,"twoWeekPercentChangeInCases":1.981206846251094,"twoWeekPercentChangeInDeaths":0.745860608394301,"totalVaccinationsInitiated":186317651,"totalPopulation":331486822}}
