{"usa":{"lastDate":1662595200000,"totalCases":94771654,"totalDeaths":1047688,"twoWeekPercentChangeInCases":-0.21673003802281374,"twoWeekPercentChangeInDeaths":0.008029086502045127,"twoWeekPercentChangeInHospitalizations":-0.11330090798637062,"totalVaccinationsInitiated":249108488,"totalPopulation":331486822}}
