{"usa":{"lastDate":1645747200000,"totalCases":78800634,"totalDeaths":946121,"twoWeekPercentChangeInCases":-0.6175287447340914,"twoWeekPercentChangeInDeaths":-0.21482833755373643,"twoWeekPercentChangeInHospitalizations":-0.4393479233740447,"totalVaccinationsInitiated":253232298,"totalPopulation":331486822}}
