{"usa":{"lastDate":1664928000000,"totalCases":93529489,"totalDeaths":1057803,"twoWeekPercentChangeInCases":-0.22619047619047614,"twoWeekPercentChangeInDeaths":-0.11513714866237722,"twoWeekPercentChangeInHospitalizations":-0.1003249194932413,"totalVaccinationsInitiated":250458891,"totalVaccinationsAdditionalDose":106738756.684,"totalPopulation":331486822}}
