{"usa":{"lastDate":1681257600000,"totalCases":104208684,"totalDeaths":1128903,"twoWeekPercentChangeInCases":-0.38028169014084495,"twoWeekPercentChangeInDeaths":null,"twoWeekPercentChangeInHospitalizations":-0.14254290589140536,"totalVaccinationsInitiated":262581470,"totalPopulation":331486822}}
