{"usa":{"lastDate":1624492800000,"totalCases":33566512,"totalDeaths":602917,"twoWeekPercentChangeInCases":-0.19194326858408825,"twoWeekPercentChangeInDeaths":-0.12275807094459944,"totalVaccinationsInitiated":178331677,"totalPopulation":331486822}}
