{"usa":{"lastDate":1632528000000,"totalCases":42871356,"totalDeaths":687876,"twoWeekPercentChangeInCases":-0.1777140004262637,"twoWeekPercentChangeInDeaths":0.22118353344768432,"totalVaccinationsInitiated":213177462,"totalPopulation":331486822}}
