{"usa":{"lastDate":1655424000000,"totalCases":86097698,"totalDeaths":1009847,"twoWeekPercentChangeInCases":-0.0032679738562092116,"twoWeekPercentChangeInDeaths":0.18051733626857472,"twoWeekPercentChangeInHospitalizations":0.059455353145076606,"totalVaccinationsInitiated":259198178,"totalPopulation":331486822}}
