{"usa":{"lastDate":1628985600000,"totalCases":36727846,"totalDeaths":621228,"twoWeekPercentChangeInCases":0.6399549381743155,"twoWeekPercentChangeInDeaths":0.8294512435846824,"totalVaccinationsInitiated":198088722,"totalPopulation":331486822}}
