{"usa":{"lastDate":1669939200000,"totalCases":98531011,"totalDeaths":1093938,"twoWeekPercentChangeInCases":0.2857142857142858,"twoWeekPercentChangeInDeaths":0.38687392055267716,"twoWeekPercentChangeInHospitalizations":0.18359662246114072,"totalVaccinationsInitiated":253168286,"totalPopulation":331486822}}
