{"usa":{"lastDate":1640649600000,"totalCases":53168862,"totalDeaths":819201,"twoWeekPercentChangeInCases":1.2070027288584473,"twoWeekPercentChangeInDeaths":0.21640528037910414,"totalVaccinationsInitiated":242813374,"totalPopulation":331486822}}
