{"usa":{"lastDate":1631145600000,"totalCases":40738029,"totalDeaths":656447,"twoWeekPercentChangeInCases":-0.05472446375927161,"twoWeekPercentChangeInDeaths":0.2802223251505325,"totalVaccinationsInitiated":208305270,"totalPopulation":331486822}}
