{"usa":{"lastDate":1654905600000,"totalCases":85426267,"totalDeaths":1007826,"twoWeekPercentChangeInCases":0.018518518518518597,"twoWeekPercentChangeInDeaths":0.022407899734143453,"twoWeekPercentChangeInHospitalizations":0.10399563587354738,"totalVaccinationsInitiated":258984883,"totalPopulation":331486822}}
