{"usa":{"lastDate":1627430400000,"totalCases":34765945,"totalDeaths":611707,"twoWeekPercentChangeInCases":1.203197087912863,"twoWeekPercentChangeInDeaths":0.11261940673705378,"totalVaccinationsInitiated":189494180,"totalPopulation":331486822}}
