{"usa":{"lastDate":1658880000000,"totalCases":88893964,"totalDeaths":1026403,"twoWeekPercentChangeInCases":0.01856763925729431,"twoWeekPercentChangeInDeaths":0.039149510631117074,"twoWeekPercentChangeInHospitalizations":0.04213498584737136,"totalVaccinationsInitiated":254733781,"totalPopulation":331486822}}
