{"usa":{"lastDate":1671062400000,"totalCases":99379527,"totalDeaths":1096187,"twoWeekPercentChangeInCases":0.2599999999999999,"twoWeekPercentChangeInDeaths":null,"twoWeekPercentChangeInHospitalizations":0.0966324530042671,"totalVaccinationsInitiated":253395555,"totalPopulation":331486822}}
