{"usa":{"lastDate":1649462400000,"totalCases":80267553,"totalDeaths":983708,"twoWeekPercentChangeInCases":0.0440170818234561,"twoWeekPercentChangeInDeaths":-0.3129770992366413,"twoWeekPercentChangeInHospitalizations":-0.18300725261987186,"totalVaccinationsInitiated":256213167,"totalPopulation":331486822}}
