{"usa":{"lastDate":1667433600000,"totalCases":95751971,"totalDeaths":1069229,"twoWeekPercentChangeInCases":0.11538461538461545,"twoWeekPercentChangeInDeaths":null,"twoWeekPercentChangeInHospitalizations":0.026711351668869412,"totalVaccinationsInitiated":252094180,"totalPopulation":331486822}}
