{"usa":{"lastDate":1679443200000,"totalCases":103839655,"totalDeaths":1083779,"twoWeekPercentChangeInCases":-0.34313725490196073,"twoWeekPercentChangeInDeaths":null,"twoWeekPercentChangeInHospitalizations":-0.13803836956820487,"totalVaccinationsInitiated":262405769,"totalPopulation":331486822}}
