{"usa":{"lastDate":1636848000000,"totalCases":47036751,"totalDeaths":761980,"twoWeekPercentChangeInCases":0.15015761752785237,"twoWeekPercentChangeInDeaths":-0.15854823304680032,"totalVaccinationsInitiated":226157226,"totalPopulation":331486822}}
