{"usa":{"lastDate":1625875200000,"totalCases":33813392,"totalDeaths":606289,"twoWeekPercentChangeInCases":0.5850731191071771,"twoWeekPercentChangeInDeaths":-0.26688402421984164,"totalVaccinationsInitiated":183836917,"totalPopulation":331486822}}
