{"usa":{"lastDate":1651363200000,"totalCases":81276040,"totalDeaths":992033,"twoWeekPercentChangeInCases":0.5678757434743752,"twoWeekPercentChangeInDeaths":-0.31947291361639824,"twoWeekPercentChangeInHospitalizations":0.1662670177052646,"totalVaccinationsInitiated":257699646,"totalPopulation":331486822}}
