{"usa":{"lastDate":1639440000000,"totalCases":50201298,"totalDeaths":798945,"twoWeekPercentChangeInCases":0.4657895421548815,"twoWeekPercentChangeInDeaths":0.414007657945118,"totalVaccinationsInitiated":239553956,"totalPopulation":331486822}}
