{"usa":{"lastDate":1640822400000,"totalCases":54239931,"totalDeaths":822719,"twoWeekPercentChangeInCases":1.8079264660121623,"twoWeekPercentChangeInDeaths":-0.004459805998438942,"totalVaccinationsInitiated":243527564,"totalPopulation":331486822}}
