{"usa":{"lastDate":1666310400000,"totalCases":95399862,"totalDeaths":1065231,"twoWeekPercentChangeInCases":-0.13821138211382122,"twoWeekPercentChangeInDeaths":-0.3353701527614571,"twoWeekPercentChangeInHospitalizations":0.012284867423125819,"totalVaccinationsInitiated":251770855,"totalPopulation":331486822}}
