{"usa":{"lastDate":1641859200000,"totalCases":62368446,"totalDeaths":840581,"twoWeekPercentChangeInCases":1.8558359506440782,"twoWeekPercentChangeInDeaths":0.1266233766233766,"totalVaccinationsInitiated":247321023,"totalPopulation":331486822}}
