{"usa":{"lastDate":1671148800000,"totalCases":99453169,"totalDeaths":1086577,"twoWeekPercentChangeInCases":0.2046783625730994,"twoWeekPercentChangeInDeaths":0.8098653395784544,"twoWeekPercentChangeInHospitalizations":0.07146255305280733,"totalVaccinationsInitiated":260670756,"totalPopulation":331486822}}
