{"usa":{"lastDate":1627948800000,"totalCases":35322313,"totalDeaths":614097,"twoWeekPercentChangeInCases":1.3817773154512016,"twoWeekPercentChangeInDeaths":0.6624496837262795,"totalVaccinationsInitiated":192120576,"totalPopulation":331486822}}
