{"usa":{"lastDate":1660694400000,"totalCases":92920697,"totalDeaths":1036921,"twoWeekPercentChangeInCases":-0.15428571428571417,"twoWeekPercentChangeInDeaths":-0.08155118334759048,"twoWeekPercentChangeInHospitalizations":-0.08572905204894801,"totalVaccinationsInitiated":248384721,"totalPopulation":331486822}}
