{"usa":{"lastDate":1634601600000,"totalCases":45116836,"totalDeaths":728334,"twoWeekPercentChangeInCases":-0.22490612580897573,"twoWeekPercentChangeInDeaths":-0.1438394056745436,"totalVaccinationsInitiated":219161368,"totalPopulation":331486822}}
