{"usa":{"lastDate":1647216000000,"totalCases":79473611,"totalDeaths":966361,"twoWeekPercentChangeInCases":-0.5345106950453785,"twoWeekPercentChangeInDeaths":-0.31234121179459545,"twoWeekPercentChangeInHospitalizations":-0.4348326283280397,"totalVaccinationsInitiated":254071045,"totalPopulation":331486822}}
