{"usa":{"lastDate":1666310400000,"totalCases":96250066,"totalDeaths":1065467,"twoWeekPercentChangeInCases":-0.13821138211382122,"twoWeekPercentChangeInDeaths":-0.3535151747983096,"twoWeekPercentChangeInHospitalizations":0.027665758596280485,"totalVaccinationsInitiated":251770855,"totalPopulation":331486822}}
