{"usa":{"lastDate":1632182400000,"totalCases":42403943,"totalDeaths":678554,"twoWeekPercentChangeInCases":-0.12046110104419874,"twoWeekPercentChangeInDeaths":0.3643639828489758,"totalVaccinationsInitiated":212255202,"totalPopulation":331486822}}
