{"usa":{"lastDate":1641168000000,"totalCases":56154524,"totalDeaths":826065,"twoWeekPercentChangeInCases":2.2684700271659453,"twoWeekPercentChangeInDeaths":0.025871519403639603,"totalVaccinationsInitiated":243527564,"totalPopulation":331486822}}
