{"usa":{"lastDate":1646006400000,"totalCases":78942537,"totalDeaths":948855,"twoWeekPercentChangeInCases":-0.5238629389575786,"twoWeekPercentChangeInDeaths":-0.1554564377044306,"twoWeekPercentChangeInHospitalizations":-0.43613144917002833,"totalVaccinationsInitiated":253548597,"totalPopulation":331486822}}
