{"usa":{"lastDate":1653696000000,"totalCases":83922004,"totalDeaths":1003159,"twoWeekPercentChangeInCases":0.1868131868131868,"twoWeekPercentChangeInDeaths":0.2775351770984959,"twoWeekPercentChangeInHospitalizations":0.2334233343726573,"totalVaccinationsInitiated":258463968,"totalPopulation":331486822}}
