{"usa":{"lastDate":1674000000000,"totalCases":96723308,"totalDeaths":1110432,"twoWeekPercentChangeInCases":null,"twoWeekPercentChangeInDeaths":1.1388518024032044,"twoWeekPercentChangeInHospitalizations":-0.20387803513684105,"totalVaccinationsInitiated":261200336,"totalPopulation":331486822}}
