{"usa":{"lastDate":1634428800000,"totalCases":44914859,"totalDeaths":724499,"twoWeekPercentChangeInCases":-0.21858533672950115,"twoWeekPercentChangeInDeaths":-0.1867204137511408,"totalVaccinationsInitiated":218973123,"totalPopulation":331486822}}
