{"usa":{"lastDate":1635897600000,"totalCases":46220296,"totalDeaths":750077,"twoWeekPercentChangeInCases":-0.048840466054223666,"twoWeekPercentChangeInDeaths":-0.25278084401800116,"totalVaccinationsInitiated":222268786,"totalPopulation":331486822}}
