{"usa":{"lastDate":1632614400000,"totalCases":42905572,"totalDeaths":688178,"twoWeekPercentChangeInCases":-0.1794061450667563,"twoWeekPercentChangeInDeaths":0.2295138589068302,"totalVaccinationsInitiated":213456787,"totalPopulation":331486822}}
