{"usa":{"lastDate":1623196800000,"totalCases":33420700,"totalDeaths":598355,"twoWeekPercentChangeInCases":-0.3630600220940224,"twoWeekPercentChangeInDeaths":-0.2887100707144599,"totalVaccinationsInitiated":172054276,"totalPopulation":331486822}}
