{"usa":{"lastDate":1640908800000,"totalCases":54686438,"totalDeaths":823903,"twoWeekPercentChangeInCases":2.093976313827976,"twoWeekPercentChangeInDeaths":0.01764771584943602,"totalVaccinationsInitiated":243527564,"totalPopulation":331486822}}
