{"usa":{"lastDate":1644364800000,"totalCases":77188396,"totalDeaths":911072,"twoWeekPercentChangeInCases":-0.6368668122371367,"twoWeekPercentChangeInDeaths":0.04810111767803856,"twoWeekPercentChangeInHospitalizations":-0.30296395588513353,"totalVaccinationsInitiated":251467303,"totalPopulation":331486822}}
