{"usa":{"lastDate":1679443200000,"totalCases":103851670,"totalDeaths":1082088,"twoWeekPercentChangeInCases":-0.34313725490196073,"twoWeekPercentChangeInDeaths":-0.046689895470383234,"twoWeekPercentChangeInHospitalizations":-0.12427392132615887,"totalVaccinationsInitiated":262331019,"totalPopulation":331486822}}
