{"usa":{"lastDate":1643760000000,"totalCases":75611714,"totalDeaths":893147,"twoWeekPercentChangeInCases":-0.48838344442712706,"twoWeekPercentChangeInDeaths":0.3323203820273497,"twoWeekPercentChangeInHospitalizations":-0.17488289875911878,"totalVaccinationsInitiated":250378993,"totalPopulation":331486822}}
