{"usa":{"lastDate":1632441600000,"totalCases":42819781,"totalDeaths":687247,"twoWeekPercentChangeInCases":-0.15509370271099898,"twoWeekPercentChangeInDeaths":0.2556763810352327,"totalVaccinationsInitiated":212861380,"totalPopulation":331486822}}
