{"usa":{"lastDate":1646352000000,"totalCases":79150025,"totalDeaths":956908,"twoWeekPercentChangeInCases":-0.5490798100252955,"twoWeekPercentChangeInDeaths":-0.3108669264677698,"twoWeekPercentChangeInHospitalizations":-0.43044303272122203,"totalVaccinationsInitiated":253904022,"totalPopulation":331486822}}
