{"usa":{"lastDate":1655856000000,"totalCases":84730481,"totalDeaths":1011955,"twoWeekPercentChangeInCases":-0.11411411411411403,"twoWeekPercentChangeInDeaths":0.13188277087033753,"twoWeekPercentChangeInHospitalizations":0.05920445381498791,"totalVaccinationsInitiated":252646401,"totalPopulation":331486822}}
