{"usa":{"lastDate":1655856000000,"totalCases":84730481,"totalDeaths":996834,"twoWeekPercentChangeInCases":-0.11411411411411403,"twoWeekPercentChangeInDeaths":-0.030997876857749514,"twoWeekPercentChangeInHospitalizations":0.05280987177046568,"totalVaccinationsInitiated":252646401,"totalPopulation":331486822}}
