{"usa":{"lastDate":1654387200000,"totalCases":84678350,"totalDeaths":1005153,"twoWeekPercentChangeInCases":-0.033033033033032864,"twoWeekPercentChangeInDeaths":-0.10741573033707856,"twoWeekPercentChangeInHospitalizations":0.1570935929395102,"totalVaccinationsInitiated":258747147,"totalPopulation":331486822}}
