{"usa":{"lastDate":1642118400000,"totalCases":65049258,"totalDeaths":848542,"twoWeekPercentChangeInCases":1.0958165614556257,"twoWeekPercentChangeInDeaths":0.4666301369863013,"totalVaccinationsInitiated":248338448,"totalPopulation":331486822}}
