{"usa":{"lastDate":1645228800000,"totalCases":78352358,"totalDeaths":933485,"twoWeekPercentChangeInCases":-0.6451874541368503,"twoWeekPercentChangeInDeaths":-0.13456947759951143,"twoWeekPercentChangeInHospitalizations":-0.41268706723252185,"totalVaccinationsInitiated":252791817,"totalPopulation":331486822}}
