{"usa":{"lastDate":1648598400000,"totalCases":79969941,"totalDeaths":978387,"twoWeekPercentChangeInCases":-0.12185282189929021,"twoWeekPercentChangeInDeaths":-0.4302670623145401,"twoWeekPercentChangeInHospitalizations":-0.32469563472626306,"totalVaccinationsInitiated":255428475,"totalPopulation":331486822}}
