{"usa":{"lastDate":1663113600000,"totalCases":95124899,"totalDeaths":1041043,"twoWeekPercentChangeInCases":-0.2692307692307693,"twoWeekPercentChangeInDeaths":-0.40429547088425594,"twoWeekPercentChangeInHospitalizations":-0.13027563395810354,"totalVaccinationsInitiated":249380682,"totalPopulation":331486822}}
