{"usa":{"lastDate":1631059200000,"totalCases":40565383,"totalDeaths":653188,"twoWeekPercentChangeInCases":-0.027041951918335104,"twoWeekPercentChangeInDeaths":0.3159249724163295,"totalVaccinationsInitiated":208024209,"totalPopulation":331486822}}
