{"usa":{"lastDate":1628035200000,"totalCases":35438424,"totalDeaths":614834,"twoWeekPercentChangeInCases":1.3110451824935454,"twoWeekPercentChangeInDeaths":0.7974756167527252,"totalVaccinationsInitiated":192614017,"totalPopulation":331486822}}
