{"usa":{"lastDate":1671148800000,"totalCases":99453169,"totalDeaths":1088277,"twoWeekPercentChangeInCases":0.2046783625730994,"twoWeekPercentChangeInDeaths":-0.20464923204649235,"twoWeekPercentChangeInHospitalizations":0.033201420526392626,"totalVaccinationsInitiated":260670756,"totalPopulation":331486822}}
