{"usa":{"lastDate":1647734400000,"totalCases":79623532,"totalDeaths":970082,"twoWeekPercentChangeInCases":-0.3903604688669837,"twoWeekPercentChangeInDeaths":-0.31898350085340416,"twoWeekPercentChangeInHospitalizations":-0.41483290669547446,"totalVaccinationsInitiated":255021542,"totalPopulation":331486822}}
