{"usa":{"lastDate":1650672000000,"totalCases":80855787,"totalDeaths":989851,"twoWeekPercentChangeInCases":0.5152313053777646,"twoWeekPercentChangeInDeaths":-0.262317643820534,"twoWeekPercentChangeInHospitalizations":0.033868144408661385,"totalVaccinationsInitiated":257188688,"totalPopulation":331486822}}
