{"usa":{"lastDate":1640304000000,"totalCases":51996634,"totalDeaths":814792,"twoWeekPercentChangeInCases":0.5840676109613583,"twoWeekPercentChangeInDeaths":0.1693145206088213,"totalVaccinationsInitiated":241520561,"totalPopulation":331486822}}
