{"usa":{"lastDate":1657670400000,"totalCases":85179210,"totalDeaths":1019712,"twoWeekPercentChangeInCases":0.11904761904761907,"twoWeekPercentChangeInDeaths":0.17700875099443114,"twoWeekPercentChangeInHospitalizations":0.20251039980283933,"totalVaccinationsInitiated":253855333,"totalPopulation":331486822}}
