{"usa":{"lastDate":1670976000000,"totalCases":94895527,"totalDeaths":1094503,"twoWeekPercentChangeInCases":0.5772357723577233,"twoWeekPercentChangeInDeaths":0.3656410256410258,"twoWeekPercentChangeInHospitalizations":0.14340491415945616,"totalVaccinationsInitiated":253395555,"totalPopulation":331486822}}
