{"usa":{"lastDate":1626998400000,"totalCases":34365450,"totalDeaths":610309,"twoWeekPercentChangeInCases":1.7048948093419325,"twoWeekPercentChangeInDeaths":0.17322335025380722,"totalVaccinationsInitiated":187579557,"totalPopulation":331486822}}
