{"usa":{"lastDate":1647129600000,"totalCases":79418131,"totalDeaths":966361,"twoWeekPercentChangeInCases":-0.4648811868189576,"twoWeekPercentChangeInDeaths":-0.31234121179459545,"twoWeekPercentChangeInHospitalizations":-0.43075379094345795,"totalVaccinationsInitiated":254071045,"totalPopulation":331486822}}
