{"usa":{"lastDate":1625443200000,"totalCases":33690446,"totalDeaths":604793,"twoWeekPercentChangeInCases":0.04961041272100982,"twoWeekPercentChangeInDeaths":-0.3781345565749236,"totalVaccinationsInitiated":182412776,"totalPopulation":331486822}}
