{"usa":{"lastDate":1683676800000,"totalCases":104572791,"totalDeaths":1133104,"twoWeekPercentChangeInCases":-0.26190476190476186,"twoWeekPercentChangeInDeaths":0.7897153351698806,"twoWeekPercentChangeInHospitalizations":-0.1437800605664746,"totalVaccinationsInitiated":262821027,"totalPopulation":331486822}}
