{"usa":{"lastDate":1660780800000,"totalCases":93046972,"totalDeaths":1037847,"twoWeekPercentChangeInCases":-0.18487394957983194,"twoWeekPercentChangeInDeaths":-0.0502557929581704,"twoWeekPercentChangeInHospitalizations":-0.09225119402785387,"totalVaccinationsInitiated":248682365,"totalPopulation":331486822}}
