{"usa":{"lastDate":1624060800000,"totalCases":33504937,"totalDeaths":601352,"twoWeekPercentChangeInCases":-0.16106259097525474,"twoWeekPercentChangeInDeaths":-0.16594059405940603,"totalVaccinationsInitiated":176737141,"totalPopulation":331486822}}
