{"usa":{"lastDate":1630022400000,"totalCases":38745199,"totalDeaths":636491,"twoWeekPercentChangeInCases":0.20753284042622896,"twoWeekPercentChangeInDeaths":0.9463971880492091,"totalVaccinationsInitiated":203475192,"totalPopulation":331486822}}
