{"usa":{"lastDate":1653350400000,"totalCases":83457379,"totalDeaths":1001375,"twoWeekPercentChangeInCases":0.3888888888888891,"twoWeekPercentChangeInDeaths":-0.38662486938349006,"twoWeekPercentChangeInHospitalizations":0.29698104031420164,"totalVaccinationsInitiated":258256059,"totalPopulation":331486822}}
