{"usa":{"lastDate":1665014400000,"totalCases":94319333,"totalDeaths":1059233,"twoWeekPercentChangeInCases":-0.25595238095238093,"twoWeekPercentChangeInDeaths":0.01814882032667882,"twoWeekPercentChangeInHospitalizations":-0.06572649958153541,"totalVaccinationsInitiated":250458891,"totalPopulation":331486822}}
