{"usa":{"lastDate":1673481600000,"totalCases":100856109,"totalDeaths":1108691,"twoWeekPercentChangeInCases":0.25949367088607567,"twoWeekPercentChangeInDeaths":null,"twoWeekPercentChangeInHospitalizations":-0.15164198913864066,"totalVaccinationsInitiated":261012851,"totalPopulation":331486822}}
