{"usa":{"lastDate":1623628800000,"totalCases":33441949,"totalDeaths":599486,"twoWeekPercentChangeInCases":-0.1832438953367445,"twoWeekPercentChangeInDeaths":-0.45873233014135884,"totalVaccinationsInitiated":174234573,"totalPopulation":331486822}}
