{"usa":{"lastDate":1676592000000,"totalCases":102327170,"totalDeaths":1124823,"twoWeekPercentChangeInCases":-0.11194029850746266,"twoWeekPercentChangeInDeaths":-0.34512325830653806,"twoWeekPercentChangeInHospitalizations":-0.0550018025391444,"totalVaccinationsInitiated":261850257,"totalPopulation":331486822}}
