{"usa":{"lastDate":1632614400000,"totalCases":42905556,"totalDeaths":688157,"twoWeekPercentChangeInCases":-0.179421790326145,"twoWeekPercentChangeInDeaths":0.22770054399447376,"totalVaccinationsInitiated":213456787,"totalPopulation":331486822}}
