{"usa":{"lastDate":1625961600000,"totalCases":33819518,"totalDeaths":606319,"twoWeekPercentChangeInCases":0.6163677022217949,"twoWeekPercentChangeInDeaths":-0.27217835578262883,"totalVaccinationsInitiated":184132768,"totalPopulation":331486822}}
