{"usa":{"lastDate":1649289600000,"totalCases":80209904,"totalDeaths":982972,"twoWeekPercentChangeInCases":-0.03453664855123474,"twoWeekPercentChangeInDeaths":-0.35037384802643023,"twoWeekPercentChangeInHospitalizations":-0.22187260568461611,"totalVaccinationsInitiated":255975678,"totalPopulation":331486822}}
