{"usa":{"lastDate":1629331200000,"totalCases":37455645,"totalDeaths":626099,"twoWeekPercentChangeInCases":0.4360877695727772,"twoWeekPercentChangeInDeaths":0.9297820823244553,"totalVaccinationsInitiated":199887548,"totalPopulation":331486822}}
