{"usa":{"lastDate":1665619200000,"totalCases":92367031,"totalDeaths":1062267,"twoWeekPercentChangeInCases":-0.18881118881118883,"twoWeekPercentChangeInDeaths":-0.07846153846153853,"twoWeekPercentChangeInHospitalizations":-0.01960784313725492,"totalVaccinationsInitiated":250956639,"totalPopulation":331486822}}
