{"usa":{"lastDate":1659484800000,"totalCases":91469142,"totalDeaths":1030393,"twoWeekPercentChangeInCases":-0.08854166666666662,"twoWeekPercentChangeInDeaths":0.15819022457067375,"twoWeekPercentChangeInHospitalizations":-0.021282169674463548,"totalVaccinationsInitiated":254733781,"totalPopulation":331486822}}
