{"usa":{"lastDate":1659484800000,"totalCases":91310540,"totalDeaths":1029232,"twoWeekPercentChangeInCases":-0.08854166666666662,"twoWeekPercentChangeInDeaths":0.11596091205211734,"twoWeekPercentChangeInHospitalizations":0.019657175104046652,"totalVaccinationsInitiated":254733781,"totalPopulation":331486822}}
