{"usa":{"lastDate":1639008000000,"totalCases":49628788,"totalDeaths":793227,"twoWeekPercentChangeInCases":0.3960080605822056,"twoWeekPercentChangeInDeaths":0.269327731092437,"totalVaccinationsInitiated":237468725,"totalPopulation":331486822}}
