{"usa":{"lastDate":1661904000000,"totalCases":91422745,"totalDeaths":1042908,"twoWeekPercentChangeInCases":-0.12162162162162167,"twoWeekPercentChangeInDeaths":-0.21185022487187535,"twoWeekPercentChangeInHospitalizations":-0.12195174610028606,"totalVaccinationsInitiated":248926791,"totalPopulation":331486822}}
