{"usa":{"lastDate":1677801600000,"totalCases":101286903,"totalDeaths":1131384,"twoWeekPercentChangeInCases":-0.025210084033613366,"twoWeekPercentChangeInDeaths":0.4910228509249185,"twoWeekPercentChangeInHospitalizations":-0.125333840085463,"totalVaccinationsInitiated":262030363,"totalPopulation":331486822}}
