{"usa":{"lastDate":1683072000000,"totalCases":103477400,"totalDeaths":1131149,"twoWeekPercentChangeInCases":-0.23255813953488363,"twoWeekPercentChangeInDeaths":-0.17905675459632292,"twoWeekPercentChangeInHospitalizations":-0.1741241827595329,"totalVaccinationsInitiated":262728580,"totalPopulation":331486822}}
