{"usa":{"lastDate":1671235200000,"totalCases":99458097,"totalDeaths":1099264,"twoWeekPercentChangeInCases":0.19767441860465132,"twoWeekPercentChangeInDeaths":-0.13668794592564776,"twoWeekPercentChangeInHospitalizations":0.06183384537864529,"totalVaccinationsInitiated":260872513,"totalPopulation":331486822}}
