{"usa":{"lastDate":1660176000000,"totalCases":89277711,"totalDeaths":1033691,"twoWeekPercentChangeInCases":-0.17187499999999992,"twoWeekPercentChangeInDeaths":0.09890109890109894,"twoWeekPercentChangeInHospitalizations":-0.058159744995671364,"totalVaccinationsInitiated":248068126,"totalPopulation":331486822}}
