{"usa":{"lastDate":1659484800000,"totalCases":91310583,"totalDeaths":1028571,"twoWeekPercentChangeInCases":-0.08854166666666662,"twoWeekPercentChangeInDeaths":0.11945731303772332,"twoWeekPercentChangeInHospitalizations":0.028626896565719376,"totalVaccinationsInitiated":254733781,"totalPopulation":331486822}}
