{"usa":{"lastDate":1665532800000,"totalCases":93792411,"totalDeaths":1050520,"twoWeekPercentChangeInCases":-0.21088435374149653,"twoWeekPercentChangeInDeaths":0.23324514991181652,"twoWeekPercentChangeInHospitalizations":-0.04033040267826421,"totalVaccinationsInitiated":250956639,"totalPopulation":331486822}}
