{"usa":{"lastDate":1631491200000,"totalCases":41289068,"totalDeaths":661579,"twoWeekPercentChangeInCases":0.08466554319739351,"twoWeekPercentChangeInDeaths":0.3554095581222846,"totalVaccinationsInitiated":209437152,"totalPopulation":331486822}}
