{"usa":{"lastDate":1678924800000,"totalCases":103614471,"totalDeaths":1134333,"twoWeekPercentChangeInCases":-0.45054945054945056,"twoWeekPercentChangeInDeaths":0.12814465408805026,"twoWeekPercentChangeInHospitalizations":-0.1606624813018449,"totalVaccinationsInitiated":262117909,"totalPopulation":331486822}}
