{"usa":{"lastDate":1645142400000,"totalCases":78298365,"totalDeaths":932668,"twoWeekPercentChangeInCases":-0.6594217526660985,"twoWeekPercentChangeInDeaths":-0.15814860983144538,"twoWeekPercentChangeInHospitalizations":-0.4047008590894724,"totalVaccinationsInitiated":252650507,"totalPopulation":331486822}}
