{"usa":{"lastDate":1665619200000,"totalCases":92367031,"totalDeaths":1062267,"twoWeekPercentChangeInCases":-0.18881118881118883,"twoWeekPercentChangeInDeaths":-0.07846153846153853,"twoWeekPercentChangeInHospitalizations":-0.014466069101594873,"totalVaccinationsInitiated":251397718,"totalPopulation":331486822}}
