{"usa":{"lastDate":1631664000000,"totalCases":41635803,"totalDeaths":666816,"twoWeekPercentChangeInCases":-0.08127633334107374,"twoWeekPercentChangeInDeaths":0.369311316955296,"totalVaccinationsInitiated":210700361,"totalPopulation":331486822}}
