{"usa":{"lastDate":1648425600000,"totalCases":79894810,"totalDeaths":976422,"twoWeekPercentChangeInCases":-0.1090319447816585,"twoWeekPercentChangeInDeaths":null,"twoWeekPercentChangeInHospitalizations":-0.36220077179699023,"totalVaccinationsInitiated":255303233,"totalPopulation":331486822}}
