{"usa":{"lastDate":1675123200000,"totalCases":101921691,"totalDeaths":1117458,"twoWeekPercentChangeInCases":-0.2387096774193548,"twoWeekPercentChangeInDeaths":-0.3180607573866,"twoWeekPercentChangeInHospitalizations":-0.18001026379545612,"totalVaccinationsInitiated":261478901,"totalPopulation":331486822}}
