{"usa":{"lastDate":1660176000000,"totalCases":92372159,"totalDeaths":1025689,"twoWeekPercentChangeInCases":-0.17187499999999992,"twoWeekPercentChangeInDeaths":0.05526397036122256,"twoWeekPercentChangeInHospitalizations":-0.058159744995671364,"totalVaccinationsInitiated":248068126,"totalPopulation":331486822}}
