{"usa":{"lastDate":1652313600000,"totalCases":82260752,"totalDeaths":997853,"twoWeekPercentChangeInCases":0.5971268810554525,"twoWeekPercentChangeInDeaths":-0.11212624584717604,"twoWeekPercentChangeInHospitalizations":0.2014888637482404,"totalVaccinationsInitiated":257738565,"totalPopulation":331486822}}
