{"usa":{"lastDate":1653091200000,"totalCases":83169681,"totalDeaths":1000526,"twoWeekPercentChangeInCases":0.5216904224673103,"twoWeekPercentChangeInDeaths":-0.4826046074283027,"twoWeekPercentChangeInHospitalizations":0.3149632341630002,"totalVaccinationsInitiated":258106038,"totalPopulation":331486822}}
