{"usa":{"lastDate":1648684800000,"totalCases":80008214,"totalDeaths":979262,"twoWeekPercentChangeInCases":-0.11134137553142047,"twoWeekPercentChangeInDeaths":-0.4149390182237415,"twoWeekPercentChangeInHospitalizations":-0.32470743754831777,"totalVaccinationsInitiated":255534750,"totalPopulation":331486822}}
