{"usa":{"lastDate":1649894400000,"totalCases":80466094,"totalDeaths":986448,"twoWeekPercentChangeInCases":0.2535413190587797,"twoWeekPercentChangeInDeaths":-0.2748696558915537,"twoWeekPercentChangeInHospitalizations":-0.134866755353388,"totalVaccinationsInitiated":256590734,"totalPopulation":331486822}}
