{"usa":{"lastDate":1630195200000,"totalCases":38875807,"totalDeaths":637356,"twoWeekPercentChangeInCases":0.19878396891152117,"twoWeekPercentChangeInDeaths":0.9574881312041433,"totalVaccinationsInitiated":204435968,"totalPopulation":331486822}}
