{"usa":{"lastDate":1629158400000,"totalCases":37133674,"totalDeaths":623237,"twoWeekPercentChangeInCases":0.5179844403583244,"twoWeekPercentChangeInDeaths":0.6789528074405788,"totalVaccinationsInitiated":198929642,"totalPopulation":331486822}}
