{"usa":{"lastDate":1645056000000,"totalCases":78196541,"totalDeaths":930302,"twoWeekPercentChangeInCases":-0.6657102789857726,"twoWeekPercentChangeInDeaths":-0.13018138242823687,"twoWeekPercentChangeInHospitalizations":-0.3976686220421391,"totalVaccinationsInitiated":252539755,"totalPopulation":331486822}}
