{"usa":{"lastDate":1657065600000,"totalCases":87802867,"totalDeaths":1016720,"twoWeekPercentChangeInCases":0.088135593220339,"twoWeekPercentChangeInDeaths":-0.11476694085389746,"twoWeekPercentChangeInHospitalizations":0.17897396925387069,"totalVaccinationsInitiated":253479688,"totalPopulation":331486822}}
