{"usa":{"lastDate":1623628800000,"totalCases":33441920,"totalDeaths":599486,"twoWeekPercentChangeInCases":-0.18348516993219355,"twoWeekPercentChangeInDeaths":-0.45873233014135884,"totalVaccinationsInitiated":174234573,"totalPopulation":331486822}}
