{"usa":{"lastDate":1656460800000,"totalCases":85505740,"totalDeaths":1014452,"twoWeekPercentChangeInCases":0.06666666666666667,"twoWeekPercentChangeInDeaths":0.23534883720930228,"twoWeekPercentChangeInHospitalizations":0.10565408879895251,"totalVaccinationsInitiated":253136993,"totalPopulation":331486822}}
