{"usa":{"lastDate":1671148800000,"totalCases":99453169,"totalDeaths":1088305,"twoWeekPercentChangeInCases":0.2046783625730994,"twoWeekPercentChangeInDeaths":-0.19302615193026154,"twoWeekPercentChangeInHospitalizations":0.033201420526392626,"totalVaccinationsInitiated":260872513,"totalPopulation":331486822}}
