{"usa":{"lastDate":1666310400000,"totalCases":96250066,"totalDeaths":1065489,"twoWeekPercentChangeInCases":-0.13821138211382122,"twoWeekPercentChangeInDeaths":-0.3416826738378793,"twoWeekPercentChangeInHospitalizations":0.027665758596280485,"totalVaccinationsInitiated":251770855,"totalPopulation":331486822}}
