{"usa":{"lastDate":1641427200000,"totalCases":58473822,"totalDeaths":832392,"twoWeekPercentChangeInCases":2.206386351855613,"twoWeekPercentChangeInDeaths":-0.16594790408832158,"totalVaccinationsInitiated":245653518,"totalPopulation":331486822}}
