{"usa":{"lastDate":1659484800000,"totalCases":91297820,"totalDeaths":1029271,"twoWeekPercentChangeInCases":-0.08854166666666662,"twoWeekPercentChangeInDeaths":0.11240686750890828,"twoWeekPercentChangeInHospitalizations":-0.01108069782013653,"totalVaccinationsInitiated":254733781,"totalPopulation":331486822}}
