{"usa":{"lastDate":1654300800000,"totalCases":84661832,"totalDeaths":1005131,"twoWeekPercentChangeInCases":-0.0391566265060243,"twoWeekPercentChangeInDeaths":-0.10404361653793733,"twoWeekPercentChangeInHospitalizations":0.16227745563681925,"totalVaccinationsInitiated":258747147,"totalPopulation":331486822}}
