{"usa":{"lastDate":1677801600000,"totalCases":101286903,"totalDeaths":1131725,"twoWeekPercentChangeInCases":-0.025210084033613366,"twoWeekPercentChangeInDeaths":null,"twoWeekPercentChangeInHospitalizations":-0.15067622907785042,"totalVaccinationsInitiated":262030363,"totalPopulation":331486822}}
