{"usa":{"lastDate":1643068800000,"totalCases":72210635,"totalDeaths":870837,"twoWeekPercentChangeInCases":-0.1545576111686169,"twoWeekPercentChangeInDeaths":0.35378707410736177,"twoWeekPercentChangeInHospitalizations":0.08913585732607572,"totalVaccinationsInitiated":null,"totalPopulation":331486822}}
