{"usa":{"lastDate":1623715200000,"totalCases":33452993,"totalDeaths":599875,"twoWeekPercentChangeInCases":-0.19799141559361588,"twoWeekPercentChangeInDeaths":-0.4322396576319543,"totalVaccinationsInitiated":174674144,"totalPopulation":331486822}}
