{"usa":{"lastDate":1653177600000,"totalCases":83191668,"totalDeaths":1000571,"twoWeekPercentChangeInCases":0.5375855392629945,"twoWeekPercentChangeInDeaths":-0.4778823529411764,"twoWeekPercentChangeInHospitalizations":0.2980244277352475,"totalVaccinationsInitiated":258149591,"totalPopulation":331486822}}
