{"usa":{"lastDate":1649635200000,"totalCases":80325723,"totalDeaths":984169,"twoWeekPercentChangeInCases":0.12480342477721486,"twoWeekPercentChangeInDeaths":-0.34479518977827883,"twoWeekPercentChangeInHospitalizations":-0.15504022638653522,"totalVaccinationsInitiated":256266662,"totalPopulation":331486822}}
