{"usa":{"lastDate":1649116800000,"totalCases":80128432,"totalDeaths":981112,"twoWeekPercentChangeInCases":0.021446075422218148,"twoWeekPercentChangeInDeaths":-0.40901577761081886,"twoWeekPercentChangeInHospitalizations":-0.2578300719748088,"totalVaccinationsInitiated":255838817,"totalPopulation":331486822}}
