{"usa":{"lastDate":1676332800000,"totalCases":100773438,"totalDeaths":1122997,"twoWeekPercentChangeInCases":-0.07627118644067792,"twoWeekPercentChangeInDeaths":0.0680242900079739,"twoWeekPercentChangeInHospitalizations":-0.07648910985949547,"totalVaccinationsInitiated":261728937,"totalPopulation":331486822}}
