{"usa":{"lastDate":1625616000000,"totalCases":33746470,"totalDeaths":605426,"twoWeekPercentChangeInCases":0.3494196546977026,"twoWeekPercentChangeInDeaths":-0.4024523586379256,"totalVaccinationsInitiated":183237046,"totalPopulation":331486822}}
