{"usa":{"lastDate":1679011200000,"totalCases":101579078,"totalDeaths":1122945,"twoWeekPercentChangeInCases":-0.5258620689655172,"twoWeekPercentChangeInDeaths":-0.8183361629881155,"twoWeekPercentChangeInHospitalizations":-0.13325428227372152,"totalVaccinationsInitiated":262206434,"totalPopulation":331486822}}
