{"usa":{"lastDate":1660780800000,"totalCases":93046972,"totalDeaths":1037847,"twoWeekPercentChangeInCases":-0.18487394957983194,"twoWeekPercentChangeInDeaths":-0.0502557929581704,"twoWeekPercentChangeInHospitalizations":-0.08572905204894801,"totalVaccinationsInitiated":248384721,"totalPopulation":331486822}}
