{"usa":{"lastDate":1655769600000,"totalCases":82474454,"totalDeaths":1010804,"twoWeekPercentChangeInCases":-0.15714285714285708,"twoWeekPercentChangeInDeaths":-0.11330255979857334,"twoWeekPercentChangeInHospitalizations":0.03032652540459898,"totalVaccinationsInitiated":252434423,"totalPopulation":331486822}}
