{"usa":{"lastDate":1637452800000,"totalCases":47692614,"totalDeaths":769769,"twoWeekPercentChangeInCases":0.2728594275244743,"twoWeekPercentChangeInDeaths":-0.08536871770784407,"totalVaccinationsInitiated":230298744,"totalPopulation":331486822}}
