{"usa":{"lastDate":1642032000000,"totalCases":64120554,"totalDeaths":845577,"twoWeekPercentChangeInCases":1.3105143357480669,"twoWeekPercentChangeInDeaths":0.46316614420062696,"totalVaccinationsInitiated":247987225,"totalPopulation":331486822}}
