{"usa":{"lastDate":1637712000000,"totalCases":48064155,"totalDeaths":776197,"twoWeekPercentChangeInCases":0.2540413598545537,"twoWeekPercentChangeInDeaths":0.17389260956409344,"totalVaccinationsInitiated":231367686,"totalPopulation":331486822}}
