{"usa":{"lastDate":1626134400000,"totalCases":33893767,"totalDeaths":607369,"twoWeekPercentChangeInCases":1.0927021926043294,"twoWeekPercentChangeInDeaths":0.169792194627471,"totalVaccinationsInitiated":184365333,"totalPopulation":331486822}}
