{"usa":{"lastDate":1627344000000,"totalCases":34597930,"totalDeaths":611108,"twoWeekPercentChangeInCases":1.4240878623740805,"twoWeekPercentChangeInDeaths":0.04848800834202291,"totalVaccinationsInitiated":188996475,"totalPopulation":331486822}}
