{"usa":{"lastDate":1621987200000,"totalCases":33208895,"totalDeaths":591593,"twoWeekPercentChangeInCases":-0.3698643979525606,"twoWeekPercentChangeInDeaths":-0.07060158910329173,"totalVaccinationsInitiated":165074907,"totalPopulation":331486822}}
