{"usa":{"lastDate":1656460800000,"totalCases":85505740,"totalDeaths":1014540,"twoWeekPercentChangeInCases":0.06666666666666667,"twoWeekPercentChangeInDeaths":0.23308270676691728,"twoWeekPercentChangeInHospitalizations":0.11833415335705105,"totalVaccinationsInitiated":253136993,"totalPopulation":331486822}}
