{"usa":{"lastDate":1632182400000,"totalCases":42404380,"totalDeaths":678557,"twoWeekPercentChangeInCases":-0.12005144593255596,"twoWeekPercentChangeInDeaths":0.3646498332539305,"totalVaccinationsInitiated":212545360,"totalPopulation":331486822}}
