{"usa":{"lastDate":1626307200000,"totalCases":33967870,"totalDeaths":607704,"twoWeekPercentChangeInCases":1.2122910016295736,"twoWeekPercentChangeInDeaths":0.09385474860335195,"totalVaccinationsInitiated":185135757,"totalPopulation":331486822}}
