{"usa":{"lastDate":1653264000000,"totalCases":83325014,"totalDeaths":1000826,"twoWeekPercentChangeInCases":0.45610525342924696,"twoWeekPercentChangeInDeaths":-0.485912129894938,"twoWeekPercentChangeInHospitalizations":0.28257666968285194,"totalVaccinationsInitiated":258149591,"totalPopulation":331486822}}
