{"usa":{"lastDate":1638403200000,"totalCases":48798827,"totalDeaths":784163,"twoWeekPercentChangeInCases":0.03790466246667141,"twoWeekPercentChangeInDeaths":-0.25039510075069144,"totalVaccinationsInitiated":234269053,"totalPopulation":331486822}}
