{"usa":{"lastDate":1661299200000,"totalCases":88612214,"totalDeaths":1038472,"twoWeekPercentChangeInCases":-0.17575757575757586,"twoWeekPercentChangeInDeaths":-0.06458271896195811,"twoWeekPercentChangeInHospitalizations":-0.10645762342000571,"totalVaccinationsInitiated":248682365,"totalPopulation":331486822}}
