{"usa":{"lastDate":1647043200000,"totalCases":79411749,"totalDeaths":966218,"twoWeekPercentChangeInCases":-0.4833484848165265,"twoWeekPercentChangeInDeaths":-0.3184158715735272,"twoWeekPercentChangeInHospitalizations":-0.43342172618482155,"totalVaccinationsInitiated":254071045,"totalPopulation":331486822}}
