{"usa":{"lastDate":1675382400000,"totalCases":102163260,"totalDeaths":1107861,"twoWeekPercentChangeInCases":null,"twoWeekPercentChangeInDeaths":-0.2311678463094034,"twoWeekPercentChangeInHospitalizations":-0.14300222418062025,"totalVaccinationsInitiated":261612030,"totalPopulation":331486822}}
