{"usa":{"lastDate":1645833600000,"totalCases":78825844,"totalDeaths":946686,"twoWeekPercentChangeInCases":-0.6160660198577884,"twoWeekPercentChangeInDeaths":-0.2173758444944885,"twoWeekPercentChangeInHospitalizations":-0.43640753274376093,"totalVaccinationsInitiated":253395029,"totalPopulation":331486822}}
