{"usa":{"lastDate":1674000000000,"totalCases":98403409,"totalDeaths":1110711,"twoWeekPercentChangeInCases":null,"twoWeekPercentChangeInDeaths":1.019327731092437,"twoWeekPercentChangeInHospitalizations":-0.2318303071766573,"totalVaccinationsInitiated":261200336,"totalPopulation":331486822}}
