{"usa":{"lastDate":1639526400000,"totalCases":50345670,"totalDeaths":801003,"twoWeekPercentChangeInCases":0.4100810443478697,"twoWeekPercentChangeInDeaths":0.37071180293184225,"totalVaccinationsInitiated":239975167,"totalPopulation":331486822}}
