{"usa":{"lastDate":1627344000000,"totalCases":34603425,"totalDeaths":611128,"twoWeekPercentChangeInCases":1.4545525106307486,"twoWeekPercentChangeInDeaths":0.058915537017726886,"totalVaccinationsInitiated":188996475,"totalPopulation":331486822}}
