{"usa":{"lastDate":1651968000000,"totalCases":81777794,"totalDeaths":996283,"twoWeekPercentChangeInCases":0.5074548014204195,"twoWeekPercentChangeInDeaths":0.7130189439742037,"twoWeekPercentChangeInHospitalizations":0.19596366573199392,"totalVaccinationsInitiated":258132925,"totalPopulation":331486822}}
