{"usa":{"lastDate":1641513600000,"totalCases":59399667,"totalDeaths":835150,"twoWeekPercentChangeInCases":2.532253879599314,"twoWeekPercentChangeInDeaths":0.06726840855106886,"totalVaccinationsInitiated":246050320,"totalPopulation":331486822}}
