{"usa":{"lastDate":1640822400000,"totalCases":54242900,"totalDeaths":822722,"twoWeekPercentChangeInCases":1.8113609363414156,"twoWeekPercentChangeInDeaths":-0.004125320548556088,"totalVaccinationsInitiated":243527564,"totalPopulation":331486822}}
