{"usa":{"lastDate":1653782400000,"totalCases":83931049,"totalDeaths":1003167,"twoWeekPercentChangeInCases":0.1516245487364621,"twoWeekPercentChangeInDeaths":0.2518124697921702,"twoWeekPercentChangeInHospitalizations":0.2334233343726573,"totalVaccinationsInitiated":258463968,"totalPopulation":331486822}}
