{"usa":{"lastDate":1625356800000,"totalCases":33685075,"totalDeaths":604752,"twoWeekPercentChangeInCases":0.19042547731471973,"twoWeekPercentChangeInDeaths":-0.28845543926419287,"totalVaccinationsInitiated":182412776,"totalPopulation":331486822}}
