{"usa":{"lastDate":1636329600000,"totalCases":46575792,"totalDeaths":755273,"twoWeekPercentChangeInCases":0.050998508233170724,"twoWeekPercentChangeInDeaths":-0.22914608961120594,"totalVaccinationsInitiated":223944369,"totalPopulation":331486822}}
