{"usa":{"lastDate":1655856000000,"totalCases":84730481,"totalDeaths":1011794,"twoWeekPercentChangeInCases":-0.11411411411411403,"twoWeekPercentChangeInDeaths":0.03875968992248054,"twoWeekPercentChangeInHospitalizations":0.05280987177046568,"totalVaccinationsInitiated":252646401,"totalPopulation":331486822}}
