{"usa":{"lastDate":1625529600000,"totalCases":33713995,"totalDeaths":605507,"twoWeekPercentChangeInCases":0.13614026267831342,"twoWeekPercentChangeInDeaths":-0.19143518518518515,"totalVaccinationsInitiated":182714064,"totalPopulation":331486822}}
