{"usa":{"lastDate":1669680000000,"totalCases":98247251,"totalDeaths":1088613,"twoWeekPercentChangeInCases":0.01652892561983484,"twoWeekPercentChangeInDeaths":-0.13336326897171086,"twoWeekPercentChangeInHospitalizations":0.26383724256292906,"totalVaccinationsInitiated":252898654,"totalPopulation":331486822}}
