{"usa":{"lastDate":1680048000000,"totalCases":103982919,"totalDeaths":1127734,"twoWeekPercentChangeInCases":null,"twoWeekPercentChangeInDeaths":-0.2536557930258717,"twoWeekPercentChangeInHospitalizations":-0.17240867870158486,"totalVaccinationsInitiated":262405769,"totalPopulation":331486822}}
