{"usa":{"lastDate":1644710400000,"totalCases":77629672,"totalDeaths":918373,"twoWeekPercentChangeInCases":-0.6692870754424227,"twoWeekPercentChangeInDeaths":-0.04043431544421203,"twoWeekPercentChangeInHospitalizations":-0.35212743428203797,"totalVaccinationsInitiated":252054215,"totalPopulation":331486822}}
