{"usa":{"lastDate":1629676800000,"totalCases":38043754,"totalDeaths":629644,"twoWeekPercentChangeInCases":0.2939490852326558,"twoWeekPercentChangeInDeaths":0.9101703665462053,"totalVaccinationsInitiated":201718587,"totalPopulation":331486822}}
