{"usa":{"lastDate":1628208000000,"totalCases":35733875,"totalDeaths":616257,"twoWeekPercentChangeInCases":1.1280604353188834,"twoWeekPercentChangeInDeaths":0.8791149487317863,"totalVaccinationsInitiated":193764457,"totalPopulation":331486822}}
