{"usa":{"lastDate":1658880000000,"totalCases":88893964,"totalDeaths":1025776,"twoWeekPercentChangeInCases":0.01856763925729431,"twoWeekPercentChangeInDeaths":-0.004346372450685332,"twoWeekPercentChangeInHospitalizations":0.08883384348626135,"totalVaccinationsInitiated":254733781,"totalPopulation":331486822}}
