{"usa":{"lastDate":1677542400000,"totalCases":102994949,"totalDeaths":1128911,"twoWeekPercentChangeInCases":-0.10091743119266053,"twoWeekPercentChangeInDeaths":-0.550692924872356,"twoWeekPercentChangeInHospitalizations":-0.1000891149582962,"totalVaccinationsInitiated":261939710,"totalPopulation":331486822}}
