{"usa":{"lastDate":1633219200000,"totalCases":43654161,"totalDeaths":701326,"twoWeekPercentChangeInCases":-0.2791160133740101,"twoWeekPercentChangeInDeaths":-0.06652467163649274,"totalVaccinationsInitiated":215233625,"totalPopulation":331486822}}
