{"usa":{"lastDate":1641600000000,"totalCases":59851464,"totalDeaths":835837,"twoWeekPercentChangeInCases":2.80010394907711,"twoWeekPercentChangeInDeaths":0.14941280963189574,"totalVaccinationsInitiated":246447823,"totalPopulation":331486822}}
