{"usa":{"lastDate":1649721600000,"totalCases":80354720,"totalDeaths":984838,"twoWeekPercentChangeInCases":0.11582284318913327,"twoWeekPercentChangeInDeaths":-0.2687660922955041,"twoWeekPercentChangeInHospitalizations":-0.1338876219168398,"totalVaccinationsInitiated":256489187,"totalPopulation":331486822}}
