{"usa":{"lastDate":1654560000000,"totalCases":84958107,"totalDeaths":1005942,"twoWeekPercentChangeInCases":0.07692307692307689,"twoWeekPercentChangeInDeaths":0.009795570698466755,"twoWeekPercentChangeInHospitalizations":0.12003233790899981,"totalVaccinationsInitiated":258865995,"totalPopulation":331486822}}
