{"usa":{"lastDate":1675382400000,"totalCases":102163260,"totalDeaths":1120712,"twoWeekPercentChangeInCases":null,"twoWeekPercentChangeInDeaths":-0.1428571428571429,"twoWeekPercentChangeInHospitalizations":-0.11418920420453797,"totalVaccinationsInitiated":261612030,"totalPopulation":331486822}}
