{"usa":{"lastDate":1642204800000,"totalCases":65476992,"totalDeaths":849566,"twoWeekPercentChangeInCases":1.0121986814092439,"twoWeekPercentChangeInDeaths":0.4763953113237983,"totalVaccinationsInitiated":248707432,"totalPopulation":331486822}}
