{"usa":{"lastDate":1624320000000,"totalCases":33537152,"totalDeaths":602155,"twoWeekPercentChangeInCases":-0.2181965463253357,"twoWeekPercentChangeInDeaths":-0.1994789728321548,"totalVaccinationsInitiated":177635067,"totalPopulation":331486822}}
