{"usa":{"lastDate":1649548800000,"totalCases":80275738,"totalDeaths":983734,"twoWeekPercentChangeInCases":0.061302262214960476,"twoWeekPercentChangeInDeaths":-0.31116523042337946,"twoWeekPercentChangeInHospitalizations":-0.1684153023024148,"totalVaccinationsInitiated":256266662,"totalPopulation":331486822}}
