{"usa":{"lastDate":1663113600000,"totalCases":92505595,"totalDeaths":1048888,"twoWeekPercentChangeInCases":-0.2692307692307693,"twoWeekPercentChangeInDeaths":0.04226542688081147,"twoWeekPercentChangeInHospitalizations":-0.11787388418756474,"totalVaccinationsInitiated":249380682,"totalPopulation":331486822}}
