{"usa":{"lastDate":1628640000000,"totalCases":36308196,"totalDeaths":618701,"twoWeekPercentChangeInCases":0.855445130511592,"twoWeekPercentChangeInDeaths":0.7521522428636158,"totalVaccinationsInitiated":196077952,"totalPopulation":331486822}}
