{"usa":{"lastDate":1623024000000,"totalCases":33383096,"totalDeaths":597533,"twoWeekPercentChangeInCases":-0.3907571991302793,"twoWeekPercentChangeInDeaths":-0.19210460145838568,"totalVaccinationsInitiated":171310738,"totalPopulation":331486822}}
