{"usa":{"lastDate":1636588800000,"totalCases":46822434,"totalDeaths":759310,"twoWeekPercentChangeInCases":0.021577564058393357,"twoWeekPercentChangeInDeaths":-0.16120020693222975,"totalVaccinationsInitiated":224660453,"totalPopulation":331486822}}
