{"usa":{"lastDate":1624924800000,"totalCases":33618505,"totalDeaths":604069,"twoWeekPercentChangeInCases":-0.15334193331865034,"twoWeekPercentChangeInDeaths":-0.23061389337641353,"totalVaccinationsInitiated":179940202,"totalPopulation":331486822}}
