{"usa":{"lastDate":1642550400000,"totalCases":68557114,"totalDeaths":857644,"twoWeekPercentChangeInCases":0.2978772689559085,"twoWeekPercentChangeInDeaths":0.5265888456549935,"totalVaccinationsInitiated":249702939,"totalPopulation":331486822}}
