{"usa":{"lastDate":1657065600000,"totalCases":87802867,"totalDeaths":1005710,"twoWeekPercentChangeInCases":0.088135593220339,"twoWeekPercentChangeInDeaths":-0.09538825384312191,"twoWeekPercentChangeInHospitalizations":0.17966285778934277,"totalVaccinationsInitiated":253479688,"totalPopulation":331486822}}
