{"usa":{"lastDate":1677801600000,"totalCases":101286903,"totalDeaths":1131485,"twoWeekPercentChangeInCases":-0.025210084033613366,"twoWeekPercentChangeInDeaths":null,"twoWeekPercentChangeInHospitalizations":-0.14702633991831293,"totalVaccinationsInitiated":262030363,"totalPopulation":331486822}}
