{"usa":{"lastDate":1634169600000,"totalCases":44760532,"totalDeaths":721766,"twoWeekPercentChangeInCases":-0.22432733007314862,"twoWeekPercentChangeInDeaths":-0.15581912527798367,"totalVaccinationsInitiated":217953275,"totalPopulation":331486822}}
