{"usa":{"lastDate":1625011200000,"totalCases":33639627,"totalDeaths":604460,"twoWeekPercentChangeInCases":-0.01402902324328577,"twoWeekPercentChangeInDeaths":-0.18470790378006863,"totalVaccinationsInitiated":181339416,"totalPopulation":331486822}}
