{"usa":{"lastDate":1665532800000,"totalCases":95507845,"totalDeaths":1061025,"twoWeekPercentChangeInCases":-0.21088435374149653,"twoWeekPercentChangeInDeaths":0.119144013880856,"twoWeekPercentChangeInHospitalizations":-0.04033040267826421,"totalVaccinationsInitiated":250956639,"totalPopulation":331486822}}
