{"usa":{"lastDate":1625529600000,"totalCases":33713995,"totalDeaths":605109,"twoWeekPercentChangeInCases":0.13614026267831342,"twoWeekPercentChangeInDeaths":-0.40640432098765433,"totalVaccinationsInitiated":182896080,"totalPopulation":331486822}}
