{"usa":{"lastDate":1672272000000,"totalCases":95776454,"totalDeaths":1102960,"twoWeekPercentChangeInCases":-0.16402116402116398,"twoWeekPercentChangeInDeaths":-0.2918856988812509,"twoWeekPercentChangeInHospitalizations":0.15800208220073697,"totalVaccinationsInitiated":261041288,"totalPopulation":331486822}}
