{"usa":{"lastDate":1644883200000,"totalCases":77951498,"totalDeaths":923809,"twoWeekPercentChangeInCases":-0.6781866586561516,"twoWeekPercentChangeInDeaths":-0.12736126719109542,"twoWeekPercentChangeInHospitalizations":-0.37923957783031503,"totalVaccinationsInitiated":252277758,"totalPopulation":331486822}}
