{"usa":{"lastDate":1626825600000,"totalCases":34221528,"totalDeaths":609508,"twoWeekPercentChangeInCases":1.7109790281905373,"twoWeekPercentChangeInDeaths":0.324468085106383,"totalVaccinationsInitiated":186819440,"totalPopulation":331486822}}
