{"usa":{"lastDate":1657670400000,"totalCases":88857457,"totalDeaths":1008229,"twoWeekPercentChangeInCases":0.1220238095238096,"twoWeekPercentChangeInDeaths":0.37322329206785876,"twoWeekPercentChangeInHospitalizations":0.19529540481400437,"totalVaccinationsInitiated":253855333,"totalPopulation":331486822}}
