{"usa":{"lastDate":1651449600000,"totalCases":81371894,"totalDeaths":992424,"twoWeekPercentChangeInCases":0.5879755119900031,"twoWeekPercentChangeInDeaths":-0.28380836870830806,"twoWeekPercentChangeInHospitalizations":0.166377408442418,"totalVaccinationsInitiated":257747817,"totalPopulation":331486822}}
