{"usa":{"lastDate":1649203200000,"totalCases":80174781,"totalDeaths":982264,"twoWeekPercentChangeInCases":-0.014106701748076307,"twoWeekPercentChangeInDeaths":-0.346996821147733,"twoWeekPercentChangeInHospitalizations":-0.24012050199509014,"totalVaccinationsInitiated":255873739,"totalPopulation":331486822}}
