{"usa":{"lastDate":1657065600000,"totalCases":87802867,"totalDeaths":1017313,"twoWeekPercentChangeInCases":0.088135593220339,"twoWeekPercentChangeInDeaths":0.019061583577712652,"twoWeekPercentChangeInHospitalizations":0.18597925013930533,"totalVaccinationsInitiated":253479688,"totalPopulation":331486822}}
