{"usa":{"lastDate":1634601600000,"totalCases":45120516,"totalDeaths":728400,"twoWeekPercentChangeInCases":-0.21973654821122784,"twoWeekPercentChangeInDeaths":-0.1386232514028294,"totalVaccinationsInitiated":219161368,"totalPopulation":331486822}}
