{"usa":{"lastDate":1649635200000,"totalCases":80325129,"totalDeaths":984167,"twoWeekPercentChangeInCases":0.12192032150969775,"twoWeekPercentChangeInDeaths":-0.34517098835024435,"twoWeekPercentChangeInHospitalizations":-0.1684153023024148,"totalVaccinationsInitiated":256266662,"totalPopulation":331486822}}
