{"usa":{"lastDate":1628467200000,"totalCases":36043433,"totalDeaths":617314,"twoWeekPercentChangeInCases":1.1745895659890653,"twoWeekPercentChangeInDeaths":1.0124675324675325,"totalVaccinationsInitiated":195222906,"totalPopulation":331486822}}
