{"usa":{"lastDate":1634515200000,"totalCases":45036892,"totalDeaths":726389,"twoWeekPercentChangeInCases":-0.19709329131084027,"twoWeekPercentChangeInDeaths":-0.1080215574474733,"totalVaccinationsInitiated":218973123,"totalPopulation":331486822}}
