{"usa":{"lastDate":1626825600000,"totalCases":34221354,"totalDeaths":609508,"twoWeekPercentChangeInCases":1.7093477832881774,"twoWeekPercentChangeInDeaths":0.324468085106383,"totalVaccinationsInitiated":186819440,"totalPopulation":331486822}}
