{"usa":{"lastDate":1629417600000,"totalCases":37657643,"totalDeaths":627631,"twoWeekPercentChangeInCases":0.36780405495888807,"twoWeekPercentChangeInDeaths":0.9592188397472716,"totalVaccinationsInitiated":200421787,"totalPopulation":331486822}}
