{"usa":{"lastDate":1652745600000,"totalCases":82702870,"totalDeaths":999027,"twoWeekPercentChangeInCases":0.6254297084984032,"twoWeekPercentChangeInDeaths":-0.22389705882352942,"twoWeekPercentChangeInHospitalizations":0.27569455727051173,"totalVaccinationsInitiated":257942199,"totalPopulation":331486822}}
