{"usa":{"lastDate":1657065600000,"totalCases":87968486,"totalDeaths":1012989,"twoWeekPercentChangeInCases":0.088135593220339,"twoWeekPercentChangeInDeaths":0.06555555555555553,"twoWeekPercentChangeInHospitalizations":0.1874433849560427,"totalVaccinationsInitiated":253479688,"totalPopulation":331486822}}
