{"usa":{"lastDate":1662508800000,"totalCases":93589086,"totalDeaths":1045564,"twoWeekPercentChangeInCases":-0.21323529411764705,"twoWeekPercentChangeInDeaths":-0.1862891207153502,"twoWeekPercentChangeInHospitalizations":-0.09278145768434376,"totalVaccinationsInitiated":249108488,"totalPopulation":331486822}}
