{"usa":{"lastDate":1631059200000,"totalCases":40567387,"totalDeaths":653216,"twoWeekPercentChangeInCases":-0.025163088012210823,"twoWeekPercentChangeInDeaths":0.31935760696334436,"totalVaccinationsInitiated":208024209,"totalPopulation":331486822}}
