{"usa":{"lastDate":1671148800000,"totalCases":99453169,"totalDeaths":1096966,"twoWeekPercentChangeInCases":0.2046783625730994,"twoWeekPercentChangeInDeaths":0.8098653395784544,"twoWeekPercentChangeInHospitalizations":0.05433962264150943,"totalVaccinationsInitiated":260670756,"totalPopulation":331486822}}
