{"usa":{"lastDate":1629072000000,"totalCases":36980215,"totalDeaths":622244,"twoWeekPercentChangeInCases":0.6449043368407057,"twoWeekPercentChangeInDeaths":0.8138337012509199,"totalVaccinationsInitiated":198595349,"totalPopulation":331486822}}
