{"usa":{"lastDate":1643241600000,"totalCases":73423879,"totalDeaths":877815,"twoWeekPercentChangeInCases":-0.2683189741527626,"twoWeekPercentChangeInDeaths":0.3300144409819866,"twoWeekPercentChangeInHospitalizations":0.009272092728606037,"totalVaccinationsInitiated":249267851,"totalPopulation":331486822}}
