{"usa":{"lastDate":1624492800000,"totalCases":33566004,"totalDeaths":602916,"twoWeekPercentChangeInCases":-0.19696759900304625,"twoWeekPercentChangeInDeaths":-0.12315663611000405,"totalVaccinationsInitiated":178331677,"totalPopulation":331486822}}
