{"usa":{"lastDate":1638057600000,"totalCases":48195182,"totalDeaths":777417,"twoWeekPercentChangeInCases":-0.14450686004153485,"twoWeekPercentChangeInDeaths":-0.3005423130281246,"totalVaccinationsInitiated":231367686,"totalPopulation":331486822}}
