{"usa":{"lastDate":1663113600000,"totalCases":91088047,"totalDeaths":1048448,"twoWeekPercentChangeInCases":-0.2692307692307693,"twoWeekPercentChangeInDeaths":0.0264661654135338,"twoWeekPercentChangeInHospitalizations":-0.11787388418756474,"totalVaccinationsInitiated":249380682,"totalPopulation":331486822}}
