{"usa":{"lastDate":1645747200000,"totalCases":78800501,"totalDeaths":946109,"twoWeekPercentChangeInCases":-0.6176314941699352,"twoWeekPercentChangeInDeaths":-0.21553500971674217,"twoWeekPercentChangeInHospitalizations":-0.43734207020895843,"totalVaccinationsInitiated":253179401,"totalPopulation":331486822}}
