{"usa":{"lastDate":1623110400000,"totalCases":33398257,"totalDeaths":597906,"twoWeekPercentChangeInCases":-0.4165780578937051,"twoWeekPercentChangeInDeaths":-0.19527559055118118,"totalVaccinationsInitiated":171731584,"totalPopulation":331486822}}
