{"usa":{"lastDate":1669680000000,"totalCases":96608533,"totalDeaths":1088410,"twoWeekPercentChangeInCases":0.01652892561983484,"twoWeekPercentChangeInDeaths":-0.13246519982038624,"twoWeekPercentChangeInHospitalizations":0.26383724256292906,"totalVaccinationsInitiated":252898654,"totalPopulation":331486822}}
