{"usa":{"lastDate":1655164800000,"totalCases":85703699,"totalDeaths":1008554,"twoWeekPercentChangeInCases":0.08417508417508428,"twoWeekPercentChangeInDeaths":0.18897996357012747,"twoWeekPercentChangeInHospitalizations":0.08915869447325614,"totalVaccinationsInitiated":259048060,"totalPopulation":331486822}}
