{"usa":{"lastDate":1671148800000,"totalCases":99453169,"totalDeaths":1096975,"twoWeekPercentChangeInCases":0.2046783625730994,"twoWeekPercentChangeInDeaths":0.6522883462494515,"twoWeekPercentChangeInHospitalizations":0.02657885279686689,"totalVaccinationsInitiated":260670756,"totalPopulation":331486822}}
