{"usa":{"lastDate":1628294400000,"totalCases":35776096,"totalDeaths":616463,"twoWeekPercentChangeInCases":1.1088151516665834,"twoWeekPercentChangeInDeaths":0.8941742383752005,"totalVaccinationsInitiated":194346486,"totalPopulation":331486822}}
