{"usa":{"lastDate":1633996800000,"totalCases":44565236,"totalDeaths":717501,"twoWeekPercentChangeInCases":-0.20933870989667466,"twoWeekPercentChangeInDeaths":-0.14649277405710248,"totalVaccinationsInitiated":217403897,"totalPopulation":331486822}}
