{"usa":{"lastDate":1671062400000,"totalCases":99378619,"totalDeaths":1096187,"twoWeekPercentChangeInCases":0.2599999999999999,"twoWeekPercentChangeInDeaths":null,"twoWeekPercentChangeInHospitalizations":0.09207623938526939,"totalVaccinationsInitiated":253395555,"totalPopulation":331486822}}
