{"usa":{"lastDate":1676332800000,"totalCases":102477651,"totalDeaths":1123061,"twoWeekPercentChangeInCases":-0.07627118644067792,"twoWeekPercentChangeInDeaths":0.003966558857631021,"twoWeekPercentChangeInHospitalizations":-0.07797703766960812,"totalVaccinationsInitiated":261728937,"totalPopulation":331486822}}
