{"usa":{"lastDate":1645488000000,"totalCases":78556778,"totalDeaths":937380,"twoWeekPercentChangeInCases":-0.6381089078513379,"twoWeekPercentChangeInDeaths":-0.24460271533496558,"twoWeekPercentChangeInHospitalizations":-0.43638110197379093,"totalVaccinationsInitiated":253055679,"totalPopulation":331486822}}
