{"usa":{"lastDate":1630800000000,"totalCases":40004444,"totalDeaths":648264,"twoWeekPercentChangeInCases":0.07706712556658582,"twoWeekPercentChangeInDeaths":0.5456993056539606,"totalVaccinationsInitiated":206908710,"totalPopulation":331486822}}
