{"usa":{"lastDate":1669939200000,"totalCases":98531011,"totalDeaths":1091823,"twoWeekPercentChangeInCases":0.2857142857142858,"twoWeekPercentChangeInDeaths":-0.3035605289928789,"twoWeekPercentChangeInHospitalizations":0.2857950254573802,"totalVaccinationsInitiated":253168286,"totalPopulation":331486822}}
