{"usa":{"lastDate":1677801600000,"totalCases":103215816,"totalDeaths":1115807,"twoWeekPercentChangeInCases":-0.025210084033613366,"twoWeekPercentChangeInDeaths":null,"twoWeekPercentChangeInHospitalizations":-0.14594254338868115,"totalVaccinationsInitiated":262030363,"totalPopulation":331486822}}
