{"usa":{"lastDate":1652745600000,"totalCases":82698671,"totalDeaths":999015,"twoWeekPercentChangeInCases":0.6159456297346988,"twoWeekPercentChangeInDeaths":-0.2283088235294118,"twoWeekPercentChangeInHospitalizations":0.27569455727051173,"totalVaccinationsInitiated":257942199,"totalPopulation":331486822}}
