{"usa":{"lastDate":1679184000000,"totalCases":103635813,"totalDeaths":1124698,"twoWeekPercentChangeInCases":-0.5258620689655172,"twoWeekPercentChangeInDeaths":null,"twoWeekPercentChangeInHospitalizations":-0.10882762027323896,"totalVaccinationsInitiated":262331019,"totalPopulation":331486822}}
