{"usa":{"lastDate":1630627200000,"totalCases":39894230,"totalDeaths":647361,"twoWeekPercentChangeInCases":0.12167390840361302,"twoWeekPercentChangeInDeaths":0.5907358545880973,"totalVaccinationsInitiated":206461869,"totalPopulation":331486822}}
