{"usa":{"lastDate":1666051200000,"totalCases":93410756,"totalDeaths":1063139,"twoWeekPercentChangeInCases":-0.1503759398496239,"twoWeekPercentChangeInDeaths":-0.12780448717948714,"twoWeekPercentChangeInHospitalizations":-0.008437022890611382,"totalVaccinationsInitiated":251397718,"totalPopulation":331486822}}
