{"usa":{"lastDate":1628726400000,"totalCases":36441125,"totalDeaths":619710,"twoWeekPercentChangeInCases":0.7465889778104029,"twoWeekPercentChangeInDeaths":0.9137010676156582,"totalVaccinationsInitiated":196077952,"totalPopulation":331486822}}
