{"usa":{"lastDate":1657756800000,"totalCases":88998238,"totalDeaths":1012633,"twoWeekPercentChangeInCases":0.1282798833819243,"twoWeekPercentChangeInDeaths":0.3236889692585895,"twoWeekPercentChangeInHospitalizations":0.18473893970468416,"totalVaccinationsInitiated":254305796,"totalPopulation":331486822}}
