{"usa":{"lastDate":1645401600000,"totalCases":78433596,"totalDeaths":934654,"twoWeekPercentChangeInCases":-0.6631688657428914,"twoWeekPercentChangeInDeaths":-0.24708727192789628,"twoWeekPercentChangeInHospitalizations":-0.43638110197379093,"totalVaccinationsInitiated":253055679,"totalPopulation":331486822}}
