{"usa":{"lastDate":1679443200000,"totalCases":101518417,"totalDeaths":1124698,"twoWeekPercentChangeInCases":-0.34313725490196073,"twoWeekPercentChangeInDeaths":null,"twoWeekPercentChangeInHospitalizations":-0.10750392303140997,"totalVaccinationsInitiated":262331019,"totalPopulation":331486822}}
