{"usa":{"lastDate":1633132800000,"totalCases":43627419,"totalDeaths":701047,"twoWeekPercentChangeInCases":-0.2716492878942014,"twoWeekPercentChangeInDeaths":-0.06462609189688232,"totalVaccinationsInitiated":214870696,"totalPopulation":331486822}}
