{"usa":{"lastDate":1629590400000,"totalCases":37776405,"totalDeaths":628278,"twoWeekPercentChangeInCases":0.3550161782966112,"twoWeekPercentChangeInDeaths":0.9518272425249169,"totalVaccinationsInitiated":201425785,"totalPopulation":331486822}}
