{"usa":{"lastDate":1671667200000,"totalCases":99913565,"totalDeaths":1101702,"twoWeekPercentChangeInCases":0.10047846889952175,"twoWeekPercentChangeInDeaths":-0.12746925083861343,"twoWeekPercentChangeInHospitalizations":0.1089784903618485,"totalVaccinationsInitiated":260872513,"totalPopulation":331486822}}
