{"usa":{"lastDate":1650240000000,"totalCases":80595074,"totalDeaths":987545,"twoWeekPercentChangeInCases":0.35606411469765004,"twoWeekPercentChangeInDeaths":-0.23051796546896874,"twoWeekPercentChangeInHospitalizations":-0.06593203416780684,"totalVaccinationsInitiated":256814643,"totalPopulation":331486822}}
