{"usa":{"lastDate":1663718400000,"totalCases":92311220,"totalDeaths":1051144,"twoWeekPercentChangeInCases":-0.21495327102803732,"twoWeekPercentChangeInDeaths":-0.033086053412463026,"twoWeekPercentChangeInHospitalizations":-0.14119525084182602,"totalVaccinationsInitiated":249732841,"totalPopulation":331486822}}
