{"usa":{"lastDate":1631059200000,"totalCases":40567568,"totalDeaths":653216,"twoWeekPercentChangeInCases":-0.02499339022428232,"twoWeekPercentChangeInDeaths":0.31935760696334436,"totalVaccinationsInitiated":208024209,"totalPopulation":331486822}}
