{"usa":{"lastDate":1627689600000,"totalCases":35016505,"totalDeaths":612919,"twoWeekPercentChangeInCases":1.484388575152042,"twoWeekPercentChangeInDeaths":0.32161594963273865,"totalVaccinationsInitiated":190982149,"totalPopulation":331486822}}
