{"usa":{"lastDate":1636156800000,"totalCases":46427246,"totalDeaths":753919,"twoWeekPercentChangeInCases":-0.002963649533838484,"twoWeekPercentChangeInDeaths":-0.26667811453593204,"totalVaccinationsInitiated":223629671,"totalPopulation":331486822}}
