{"usa":{"lastDate":1652832000000,"totalCases":82874061,"totalDeaths":999607,"twoWeekPercentChangeInCases":0.5735112311672174,"twoWeekPercentChangeInDeaths":-0.4660974384731291,"twoWeekPercentChangeInHospitalizations":0.2928147511624732,"totalVaccinationsInitiated":258008907,"totalPopulation":331486822}}
