{"usa":{"lastDate":1653955200000,"totalCases":84145569,"totalDeaths":1003571,"twoWeekPercentChangeInCases":-0.04193548387096768,"twoWeekPercentChangeInDeaths":0.040265277119848494,"twoWeekPercentChangeInHospitalizations":0.16038515658028396,"totalVaccinationsInitiated":258586526,"totalPopulation":331486822}}
