{"usa":{"lastDate":1633910400000,"totalCases":44453529,"totalDeaths":714960,"twoWeekPercentChangeInCases":-0.24114581315147052,"twoWeekPercentChangeInDeaths":-0.19278953229398657,"totalVaccinationsInitiated":217403897,"totalPopulation":331486822}}
