{"usa":{"lastDate":1634860800000,"totalCases":45375100,"totalDeaths":735516,"twoWeekPercentChangeInCases":-0.24751802322783137,"twoWeekPercentChangeInDeaths":-0.06519809569918497,"totalVaccinationsInitiated":219900525,"totalPopulation":331486822}}
