{"usa":{"lastDate":1664928000000,"totalCases":93529489,"totalDeaths":1057863,"twoWeekPercentChangeInCases":-0.22619047619047614,"twoWeekPercentChangeInDeaths":-0.03816793893129776,"twoWeekPercentChangeInHospitalizations":-0.08348039818114784,"totalVaccinationsInitiated":250458891,"totalPopulation":331486822}}
