{"usa":{"lastDate":1632096000000,"totalCases":42273722,"totalDeaths":676190,"twoWeekPercentChangeInCases":0.03765243885974478,"twoWeekPercentChangeInDeaths":0.5052024312351909,"totalVaccinationsInitiated":212035328,"totalPopulation":331486822}}
