{"usa":{"lastDate":1652400000000,"totalCases":82367762,"totalDeaths":998279,"twoWeekPercentChangeInCases":0.5796419485913347,"twoWeekPercentChangeInDeaths":-0.09670517757809155,"twoWeekPercentChangeInHospitalizations":0.23074003474975105,"totalVaccinationsInitiated":257738565,"totalPopulation":331486822}}
