{"usa":{"lastDate":1674000000000,"totalCases":96723308,"totalDeaths":1105530,"twoWeekPercentChangeInCases":null,"twoWeekPercentChangeInDeaths":1.1502956322716005,"twoWeekPercentChangeInHospitalizations":-0.19046448906203184,"totalVaccinationsInitiated":261200336,"totalPopulation":331486822}}
