{"usa":{"lastDate":1647561600000,"totalCases":79604510,"totalDeaths":969706,"twoWeekPercentChangeInCases":-0.41742160079407536,"twoWeekPercentChangeInDeaths":-0.3084777705687892,"twoWeekPercentChangeInHospitalizations":-0.43500348640302816,"totalVaccinationsInitiated":254870034,"totalPopulation":331486822}}
