{"usa":{"lastDate":1655856000000,"totalCases":84730481,"totalDeaths":1011959,"twoWeekPercentChangeInCases":-0.11411411411411403,"twoWeekPercentChangeInDeaths":0.1336589698046181,"twoWeekPercentChangeInHospitalizations":0.06524727269207321,"totalVaccinationsInitiated":252646401,"totalPopulation":331486822}}
