{"usa":{"lastDate":1657152000000,"totalCases":88093102,"totalDeaths":1018714,"twoWeekPercentChangeInCases":0.07407407407407399,"twoWeekPercentChangeInDeaths":0.15769377625047726,"twoWeekPercentChangeInHospitalizations":0.1874433849560427,"totalVaccinationsInitiated":253479688,"totalPopulation":331486822}}
