{"usa":{"lastDate":1632873600000,"totalCases":43341542,"totalDeaths":695232,"twoWeekPercentChangeInCases":-0.2609087164894414,"twoWeekPercentChangeInDeaths":0.021249999999999967,"totalVaccinationsInitiated":214332261,"totalPopulation":331486822}}
