{"usa":{"lastDate":1674086400000,"totalCases":100681261,"totalDeaths":1101517,"twoWeekPercentChangeInCases":null,"twoWeekPercentChangeInDeaths":0.04546656093047843,"twoWeekPercentChangeInHospitalizations":-0.24123542646758026,"totalVaccinationsInitiated":261200336,"totalPopulation":331486822}}
