{"usa":{"lastDate":1624233600000,"totalCases":33524991,"totalDeaths":601732,"twoWeekPercentChangeInCases":-0.29021901364946096,"twoWeekPercentChangeInDeaths":-0.2302259887005649,"totalVaccinationsInitiated":177342954,"totalPopulation":331486822}}
