{"usa":{"lastDate":1654128000000,"totalCases":84476159,"totalDeaths":1004534,"twoWeekPercentChangeInCases":-0.034810126582278576,"twoWeekPercentChangeInDeaths":-0.06851851851851842,"twoWeekPercentChangeInHospitalizations":0.16950624506214915,"totalVaccinationsInitiated":258685370,"totalPopulation":331486822}}
