{"usa":{"lastDate":1647216000000,"totalCases":79467173,"totalDeaths":966361,"twoWeekPercentChangeInCases":-0.5471550256205797,"twoWeekPercentChangeInDeaths":-0.31234121179459545,"twoWeekPercentChangeInHospitalizations":-0.44368763689462154,"totalVaccinationsInitiated":254071045,"totalPopulation":331486822}}
