{"usa":{"lastDate":1654732800000,"totalCases":85254895,"totalDeaths":1007331,"twoWeekPercentChangeInCases":0.0029850746268655966,"twoWeekPercentChangeInDeaths":0.11478676763650847,"twoWeekPercentChangeInHospitalizations":0.11662302661130394,"totalVaccinationsInitiated":258853549,"totalPopulation":331486822}}
