{"usa":{"lastDate":1622160000000,"totalCases":33256347,"totalDeaths":593582,"twoWeekPercentChangeInCases":-0.3631261098302503,"twoWeekPercentChangeInDeaths":0.10765270301895616,"totalVaccinationsInitiated":166388129,"totalPopulation":331486822}}
