{"usa":{"lastDate":1631404800000,"totalCases":41027727,"totalDeaths":659849,"twoWeekPercentChangeInCases":-0.06910974362896259,"twoWeekPercentChangeInDeaths":0.27615477896593543,"totalVaccinationsInitiated":209437152,"totalPopulation":331486822}}
