{"usa":{"lastDate":1652054400000,"totalCases":81888182,"totalDeaths":996612,"twoWeekPercentChangeInCases":0.48626167390997976,"twoWeekPercentChangeInDeaths":0.6638855780691302,"twoWeekPercentChangeInHospitalizations":0.19596366573199392,"totalVaccinationsInitiated":258165428,"totalPopulation":331486822}}
