{"usa":{"lastDate":1626307200000,"totalCases":33967872,"totalDeaths":607704,"twoWeekPercentChangeInCases":1.2123133245529836,"twoWeekPercentChangeInDeaths":0.09385474860335195,"totalVaccinationsInitiated":185135757,"totalPopulation":331486822}}
