{"usa":{"lastDate":1623456000000,"totalCases":33423918,"totalDeaths":599678,"twoWeekPercentChangeInCases":-0.3127764094329609,"twoWeekPercentChangeInDeaths":-0.4289959668860115,"totalVaccinationsInitiated":173391711,"totalPopulation":331486822}}
