{"usa":{"lastDate":1641686400000,"totalCases":60166922,"totalDeaths":836238,"twoWeekPercentChangeInCases":2.5093799886134027,"twoWeekPercentChangeInDeaths":0.1752536303958624,"totalVaccinationsInitiated":246812939,"totalPopulation":331486822}}
