{"usa":{"lastDate":1636416000000,"totalCases":46659443,"totalDeaths":756951,"twoWeekPercentChangeInCases":0.05660038646641419,"twoWeekPercentChangeInDeaths":-0.19332841872465895,"totalVaccinationsInitiated":224257467,"totalPopulation":331486822}}
