{"usa":{"lastDate":1655510400000,"totalCases":86111910,"totalDeaths":1009866,"twoWeekPercentChangeInCases":-0.07210031347962367,"twoWeekPercentChangeInDeaths":0.03291139240506326,"twoWeekPercentChangeInHospitalizations":0.059455353145076606,"totalVaccinationsInitiated":259198178,"totalPopulation":331486822}}
