{"usa":{"lastDate":1650672000000,"totalCases":80856216,"totalDeaths":989678,"twoWeekPercentChangeInCases":0.5132815525134957,"twoWeekPercentChangeInDeaths":-0.345276008492569,"twoWeekPercentChangeInHospitalizations":0.04737701413049811,"totalVaccinationsInitiated":257255601,"totalPopulation":331486822}}
