{"usa":{"lastDate":1622678400000,"totalCases":33340032,"totalDeaths":595935,"twoWeekPercentChangeInCases":-0.4797483306891252,"twoWeekPercentChangeInDeaths":-0.2808071102570261,"totalVaccinationsInitiated":169090262,"totalPopulation":331486822}}
