{"usa":{"lastDate":1683676800000,"totalCases":104578763,"totalDeaths":1133137,"twoWeekPercentChangeInCases":-0.21428571428571427,"twoWeekPercentChangeInDeaths":0.751547303271441,"twoWeekPercentChangeInHospitalizations":0.047202929662836214,"totalVaccinationsInitiated":262821027,"totalPopulation":331486822}}
