{"usa":{"lastDate":1637020800000,"totalCases":47275212,"totalDeaths":764592,"twoWeekPercentChangeInCases":0.1871551576380958,"twoWeekPercentChangeInDeaths":-0.14511076303423578,"totalVaccinationsInitiated":227691941,"totalPopulation":331486822}}
