{"usa":{"lastDate":1649808000000,"totalCases":80408631,"totalDeaths":985832,"twoWeekPercentChangeInCases":0.14725802820761275,"twoWeekPercentChangeInDeaths":-0.2719298245614036,"twoWeekPercentChangeInHospitalizations":-0.134866755353388,"totalVaccinationsInitiated":256489187,"totalPopulation":331486822}}
