{"usa":{"lastDate":1671148800000,"totalCases":99453169,"totalDeaths":1092988,"twoWeekPercentChangeInCases":0.2046783625730994,"twoWeekPercentChangeInDeaths":null,"twoWeekPercentChangeInHospitalizations":0.09207623938526939,"totalVaccinationsInitiated":260670756,"totalPopulation":331486822}}
