{"usa":{"lastDate":1676592000000,"totalCases":102697153,"totalDeaths":1127505,"twoWeekPercentChangeInCases":-0.11194029850746266,"twoWeekPercentChangeInDeaths":-0.3493248045486852,"twoWeekPercentChangeInHospitalizations":-0.07042323445451164,"totalVaccinationsInitiated":261850257,"totalPopulation":331486822}}
