{"usa":{"lastDate":1626652800000,"totalCases":34095765,"totalDeaths":608806,"twoWeekPercentChangeInCases":1.9569799669357193,"twoWeekPercentChangeInDeaths":0.7420100115517907,"totalVaccinationsInitiated":186317651,"totalPopulation":331486822}}
