{"usa":{"lastDate":1641600000000,"totalCases":59848908,"totalDeaths":835835,"twoWeekPercentChangeInCases":2.79816174263637,"twoWeekPercentChangeInDeaths":0.1492154347182473,"totalVaccinationsInitiated":246447823,"totalPopulation":331486822}}
