{"usa":{"lastDate":1639353600000,"totalCases":50084406,"totalDeaths":797214,"twoWeekPercentChangeInCases":0.503860838384091,"twoWeekPercentChangeInDeaths":0.4383384515920477,"totalVaccinationsInitiated":239274656,"totalPopulation":331486822}}
