{"usa":{"lastDate":1626739200000,"totalCases":34159770,"totalDeaths":608719,"twoWeekPercentChangeInCases":1.9462775567205701,"twoWeekPercentChangeInDeaths":0.4236734693877551,"totalVaccinationsInitiated":186474836,"totalPopulation":331486822}}
