{"usa":{"lastDate":1643932800000,"totalCases":76234897,"totalDeaths":900141,"twoWeekPercentChangeInCases":-0.5554044841996497,"twoWeekPercentChangeInDeaths":0.22531662356607635,"twoWeekPercentChangeInHospitalizations":-0.21584091602116842,"totalVaccinationsInitiated":250731754,"totalPopulation":331486822}}
