{"usa":{"lastDate":1662508800000,"totalCases":93589086,"totalDeaths":1046181,"twoWeekPercentChangeInCases":-0.21323529411764705,"twoWeekPercentChangeInDeaths":-0.022394744699910436,"twoWeekPercentChangeInHospitalizations":-0.09660970490276696,"totalVaccinationsInitiated":249108488,"totalPopulation":331486822}}
