{"usa":{"lastDate":1627430400000,"totalCases":34764671,"totalDeaths":611704,"twoWeekPercentChangeInCases":1.1972054874406837,"twoWeekPercentChangeInDeaths":0.11111111111111105,"totalVaccinationsInitiated":189494180,"totalPopulation":331486822}}
