{"usa":{"lastDate":1644796800000,"totalCases":77835989,"totalDeaths":920959,"twoWeekPercentChangeInCases":-0.6751743685853011,"twoWeekPercentChangeInDeaths":-0.0698124688831111,"twoWeekPercentChangeInHospitalizations":-0.37923957783031503,"totalVaccinationsInitiated":252144326,"totalPopulation":331486822}}
