{"usa":{"lastDate":1674086400000,"totalCases":101562759,"totalDeaths":1113645,"twoWeekPercentChangeInCases":null,"twoWeekPercentChangeInDeaths":-0.08433048433048432,"twoWeekPercentChangeInHospitalizations":-0.2326681342260804,"totalVaccinationsInitiated":261351424,"totalPopulation":331486822}}
