{"usa":{"lastDate":1651104000000,"totalCases":81154053,"totalDeaths":991469,"twoWeekPercentChangeInCases":0.5061787183550478,"twoWeekPercentChangeInDeaths":-0.31693989071038253,"twoWeekPercentChangeInHospitalizations":0.12230328704793288,"totalVaccinationsInitiated":257496852,"totalPopulation":331486822}}
