{"usa":{"lastDate":1638057600000,"totalCases":48190676,"totalDeaths":777390,"twoWeekPercentChangeInCases":-0.15217716950941337,"twoWeekPercentChangeInDeaths":-0.3039475343675117,"totalVaccinationsInitiated":231367686,"totalPopulation":331486822}}
