{"usa":{"lastDate":1655856000000,"totalCases":82691475,"totalDeaths":1012785,"twoWeekPercentChangeInCases":-0.11411411411411403,"twoWeekPercentChangeInDeaths":0.23910050481872425,"twoWeekPercentChangeInHospitalizations":0.07363963297818707,"totalVaccinationsInitiated":252646401,"totalPopulation":331486822}}
