{"usa":{"lastDate":1668729600000,"totalCases":94160351,"totalDeaths":1070653,"twoWeekPercentChangeInCases":0.09917355371900832,"twoWeekPercentChangeInDeaths":0.1644298065047344,"twoWeekPercentChangeInHospitalizations":0.02040962365124235,"totalVaccinationsInitiated":253081720,"totalPopulation":331486822}}
