{"usa":{"lastDate":1627603200000,"totalCases":34986813,"totalDeaths":612775,"twoWeekPercentChangeInCases":1.5007651233212358,"twoWeekPercentChangeInDeaths":0.2956567242281528,"totalVaccinationsInitiated":190509183,"totalPopulation":331486822}}
