{"usa":{"lastDate":1639699200000,"totalCases":50663217,"totalDeaths":804266,"twoWeekPercentChangeInCases":0.0791813356240908,"twoWeekPercentChangeInDeaths":-0.026427406199021255,"totalVaccinationsInitiated":240775382,"totalPopulation":331486822}}
