{"usa":{"lastDate":1650931200000,"totalCases":80998091,"totalDeaths":990367,"twoWeekPercentChangeInCases":0.531752074097599,"twoWeekPercentChangeInDeaths":-0.35861321776814736,"twoWeekPercentChangeInHospitalizations":0.07064095071108513,"totalVaccinationsInitiated":257354769,"totalPopulation":331486822}}
