{"usa":{"lastDate":1629331200000,"totalCases":37452875,"totalDeaths":626081,"twoWeekPercentChangeInCases":0.43213662680814713,"twoWeekPercentChangeInDeaths":0.9243341404358355,"totalVaccinationsInitiated":199887548,"totalPopulation":331486822}}
