{"usa":{"lastDate":1660694400000,"totalCases":91096462,"totalDeaths":1027451,"twoWeekPercentChangeInCases":-0.15428571428571417,"twoWeekPercentChangeInDeaths":-0.059604603127766366,"twoWeekPercentChangeInHospitalizations":-0.08280267478496692,"totalVaccinationsInitiated":248384721,"totalPopulation":331486822}}
