{"usa":{"lastDate":1655337600000,"totalCases":85981213,"totalDeaths":1009543,"twoWeekPercentChangeInCases":0.026229508196721374,"twoWeekPercentChangeInDeaths":0.09940357852882697,"twoWeekPercentChangeInHospitalizations":0.06658639312695919,"totalVaccinationsInitiated":259198178,"totalPopulation":331486822}}
