{"usa":{"lastDate":1624838400000,"totalCases":33607895,"totalDeaths":603758,"twoWeekPercentChangeInCases":-0.15097045117017466,"twoWeekPercentChangeInDeaths":-0.15548145060441848,"totalVaccinationsInitiated":179615165,"totalPopulation":331486822}}
