{"usa":{"lastDate":1648166400000,"totalCases":79833020,"totalDeaths":975302,"twoWeekPercentChangeInCases":-0.16317552745981737,"twoWeekPercentChangeInDeaths":-0.3697374377546401,"twoWeekPercentChangeInHospitalizations":-0.3846307654392173,"totalVaccinationsInitiated":255146100,"totalPopulation":331486822}}
