{"usa":{"lastDate":1672963200000,"totalCases":100808906,"totalDeaths":1109505,"twoWeekPercentChangeInCases":0.5613207547169814,"twoWeekPercentChangeInDeaths":0.8276706158817195,"twoWeekPercentChangeInHospitalizations":-0.19046448906203184,"totalVaccinationsInitiated":261200336,"totalPopulation":331486822}}
