{"usa":{"lastDate":1646006400000,"totalCases":78942666,"totalDeaths":948855,"twoWeekPercentChangeInCases":-0.5237422536897884,"twoWeekPercentChangeInDeaths":-0.1554564377044306,"twoWeekPercentChangeInHospitalizations":-0.4399409652620217,"totalVaccinationsInitiated":253548597,"totalPopulation":331486822}}
