{"usa":{"lastDate":1641772800000,"totalCases":61600899,"totalDeaths":837927,"twoWeekPercentChangeInCases":2.2528190070523717,"twoWeekPercentChangeInDeaths":0.14328415774756528,"totalVaccinationsInitiated":247051363,"totalPopulation":331486822}}
