{"usa":{"lastDate":1677801600000,"totalCases":103215816,"totalDeaths":1132442,"twoWeekPercentChangeInCases":-0.025210084033613366,"twoWeekPercentChangeInDeaths":null,"twoWeekPercentChangeInHospitalizations":-0.1494524154060562,"totalVaccinationsInitiated":262030363,"totalPopulation":331486822}}
