{"usa":{"lastDate":1649548800000,"totalCases":80275738,"totalDeaths":983735,"twoWeekPercentChangeInCases":0.061302262214960476,"twoWeekPercentChangeInDeaths":-0.3109778943424503,"twoWeekPercentChangeInHospitalizations":-0.18300725261987186,"totalVaccinationsInitiated":256213167,"totalPopulation":331486822}}
