{"usa":{"lastDate":1661299200000,"totalCases":91352352,"totalDeaths":1039752,"twoWeekPercentChangeInCases":-0.17575757575757586,"twoWeekPercentChangeInDeaths":-0.012094395280235938,"twoWeekPercentChangeInHospitalizations":-0.09753499225067266,"totalVaccinationsInitiated":248682365,"totalPopulation":331486822}}
