{"usa":{"lastDate":1643328000000,"totalCases":73961907,"totalDeaths":881584,"twoWeekPercentChangeInCases":-0.3217673026177769,"twoWeekPercentChangeInDeaths":0.292483660130719,"twoWeekPercentChangeInHospitalizations":-0.0218497777166733,"totalVaccinationsInitiated":249473925,"totalPopulation":331486822}}
