{"usa":{"lastDate":1663718400000,"totalCases":92886808,"totalDeaths":1051636,"twoWeekPercentChangeInCases":-0.21495327102803732,"twoWeekPercentChangeInDeaths":-0.00741821719567059,"twoWeekPercentChangeInHospitalizations":-0.14012996056681604,"totalVaccinationsInitiated":249732841,"totalPopulation":331486822}}
