{"usa":{"lastDate":1650067200000,"totalCases":80524337,"totalDeaths":987211,"twoWeekPercentChangeInCases":0.26874033525845925,"twoWeekPercentChangeInDeaths":-0.25250982103884767,"twoWeekPercentChangeInHospitalizations":-0.08191634492782059,"totalVaccinationsInitiated":256721753,"totalPopulation":331486822}}
