{"usa":{"lastDate":1628467200000,"totalCases":36047263,"totalDeaths":617314,"twoWeekPercentChangeInCases":1.1841908013647293,"twoWeekPercentChangeInDeaths":1.0124675324675325,"totalVaccinationsInitiated":195222906,"totalPopulation":331486822}}
