{"usa":{"lastDate":1632009600000,"totalCases":42065351,"totalDeaths":673929,"twoWeekPercentChangeInCases":-0.08135996953838265,"twoWeekPercentChangeInDeaths":0.28927360996610785,"totalVaccinationsInitiated":211776515,"totalPopulation":331486822}}
