{"usa":{"lastDate":1641081600000,"totalCases":55137148,"totalDeaths":824422,"twoWeekPercentChangeInCases":2.1103005616376636,"twoWeekPercentChangeInDeaths":0.05092283744718694,"totalVaccinationsInitiated":243527564,"totalPopulation":331486822}}
