{"usa":{"lastDate":1652486400000,"totalCases":82378620,"totalDeaths":998301,"twoWeekPercentChangeInCases":0.5179805488447005,"twoWeekPercentChangeInDeaths":-0.12537569772434523,"twoWeekPercentChangeInHospitalizations":0.245467875233271,"totalVaccinationsInitiated":257846006,"totalPopulation":331486822}}
