{"usa":{"lastDate":1647907200000,"totalCases":79695122,"totalDeaths":972010,"twoWeekPercentChangeInCases":-0.2749570122725047,"twoWeekPercentChangeInDeaths":-0.33629569783882046,"twoWeekPercentChangeInHospitalizations":-0.40290064520542684,"totalVaccinationsInitiated":254925941,"totalPopulation":331486822}}
