{"usa":{"lastDate":1623542400000,"totalCases":33428953,"totalDeaths":599781,"twoWeekPercentChangeInCases":-0.28783882052671356,"twoWeekPercentChangeInDeaths":-0.45411562432839025,"totalVaccinationsInitiated":173840483,"totalPopulation":331486822}}
