{"usa":{"lastDate":1657670400000,"totalCases":85179210,"totalDeaths":1019723,"twoWeekPercentChangeInCases":0.11904761904761907,"twoWeekPercentChangeInDeaths":0.17921146953405015,"twoWeekPercentChangeInHospitalizations":0.20153604262476124,"totalVaccinationsInitiated":253855333,"totalPopulation":331486822}}
