{"usa":{"lastDate":1667520000000,"totalCases":97332939,"totalDeaths":1069810,"twoWeekPercentChangeInCases":0.14150943396226412,"twoWeekPercentChangeInDeaths":0.192931793179318,"twoWeekPercentChangeInHospitalizations":0.021872527848453064,"totalVaccinationsInitiated":252675050,"totalPopulation":331486822}}
