{"usa":{"lastDate":1683676800000,"totalCases":104572791,"totalDeaths":1133104,"twoWeekPercentChangeInCases":-0.26190476190476186,"twoWeekPercentChangeInDeaths":0.7897153351698806,"twoWeekPercentChangeInHospitalizations":-0.12170107872181647,"totalVaccinationsInitiated":null,"totalPopulation":331486822}}
