{"usa":{"lastDate":1658275200000,"totalCases":87989490,"totalDeaths":1022798,"twoWeekPercentChangeInCases":0.1962616822429905,"twoWeekPercentChangeInDeaths":0.34731323722149404,"twoWeekPercentChangeInHospitalizations":0.14928808314759925,"totalVaccinationsInitiated":254305796,"totalPopulation":331486822}}
