{"usa":{"lastDate":1668556800000,"totalCases":96807855,"totalDeaths":1085187,"twoWeekPercentChangeInCases":0.04424778761061932,"twoWeekPercentChangeInDeaths":0.33258490036486116,"twoWeekPercentChangeInHospitalizations":0.009438928040310861,"totalVaccinationsInitiated":253081720,"totalPopulation":331486822}}
