{"usa":{"lastDate":1678752000000,"totalCases":101701661,"totalDeaths":1133246,"twoWeekPercentChangeInCases":-0.2755102040816328,"twoWeekPercentChangeInDeaths":0.10981308411214953,"twoWeekPercentChangeInHospitalizations":-0.15309606941422163,"totalVaccinationsInitiated":262117909,"totalPopulation":331486822}}
