{"usa":{"lastDate":1663718400000,"totalCases":92886808,"totalDeaths":1051599,"twoWeekPercentChangeInCases":-0.21495327102803732,"twoWeekPercentChangeInDeaths":-0.0112777371372835,"twoWeekPercentChangeInHospitalizations":-0.1378415652764648,"totalVaccinationsInitiated":249732841,"totalPopulation":331486822}}
