{"usa":{"lastDate":1658880000000,"totalCases":88893964,"totalDeaths":1025797,"twoWeekPercentChangeInCases":0.01856763925729431,"twoWeekPercentChangeInDeaths":-0.002672903441363105,"twoWeekPercentChangeInHospitalizations":0.07284190616298014,"totalVaccinationsInitiated":254733781,"totalPopulation":331486822}}
