{"usa":{"lastDate":1654732800000,"totalCases":85254912,"totalDeaths":1007329,"twoWeekPercentChangeInCases":0.0029850746268655966,"twoWeekPercentChangeInDeaths":0.11398963730569941,"twoWeekPercentChangeInHospitalizations":0.11662302661130394,"totalVaccinationsInitiated":258853549,"totalPopulation":331486822}}
