{"usa":{"lastDate":1644624000000,"totalCases":77594205,"totalDeaths":917902,"twoWeekPercentChangeInCases":-0.6715626934314829,"twoWeekPercentChangeInDeaths":-0.05689375733527082,"twoWeekPercentChangeInHospitalizations":-0.339696820553204,"totalVaccinationsInitiated":251926344,"totalPopulation":331486822}}
