{"usa":{"lastDate":1632787200000,"totalCases":43213681,"totalDeaths":692741,"twoWeekPercentChangeInCases":-0.25235098132334977,"twoWeekPercentChangeInDeaths":0.07291430300279848,"totalVaccinationsInitiated":213752856,"totalPopulation":331486822}}
