{"usa":{"lastDate":1672272000000,"totalCases":95776454,"totalDeaths":1102957,"twoWeekPercentChangeInCases":-0.16402116402116398,"twoWeekPercentChangeInDeaths":-0.29330098396010246,"twoWeekPercentChangeInHospitalizations":0.15315146279985287,"totalVaccinationsInitiated":261041288,"totalPopulation":331486822}}
