{"usa":{"lastDate":1656460800000,"totalCases":85505740,"totalDeaths":1014466,"twoWeekPercentChangeInCases":0.06666666666666667,"twoWeekPercentChangeInDeaths":0.22292682926829288,"twoWeekPercentChangeInHospitalizations":0.11714060481726307,"totalVaccinationsInitiated":253136993,"totalPopulation":331486822}}
