{"usa":{"lastDate":1633651200000,"totalCases":44269659,"totalDeaths":712822,"twoWeekPercentChangeInCases":-0.20427199431700793,"twoWeekPercentChangeInDeaths":-0.1414022447000139,"totalVaccinationsInitiated":216573911,"totalPopulation":331486822}}
