{"usa":{"lastDate":1674086400000,"totalCases":101562759,"totalDeaths":1113834,"twoWeekPercentChangeInCases":null,"twoWeekPercentChangeInDeaths":-0.05903614457831326,"twoWeekPercentChangeInHospitalizations":-0.2275421080137587,"totalVaccinationsInitiated":261351424,"totalPopulation":331486822}}
