{"usa":{"lastDate":1624579200000,"totalCases":33581475,"totalDeaths":603375,"twoWeekPercentChangeInCases":-0.1887031310398145,"twoWeekPercentChangeInDeaths":-0.2414270869414618,"totalVaccinationsInitiated":178491147,"totalPopulation":331486822}}
