{"usa":{"lastDate":1677801600000,"totalCases":100956110,"totalDeaths":1131327,"twoWeekPercentChangeInCases":-0.025210084033613366,"twoWeekPercentChangeInDeaths":0.10736856259244316,"twoWeekPercentChangeInHospitalizations":-0.11565253541263189,"totalVaccinationsInitiated":261939710,"totalPopulation":331486822}}
