{"usa":{"lastDate":1647993600000,"totalCases":79762066,"totalDeaths":973459,"twoWeekPercentChangeInCases":-0.21584794757427103,"twoWeekPercentChangeInDeaths":-0.3619088288673001,"twoWeekPercentChangeInHospitalizations":-0.40290064520542684,"totalVaccinationsInitiated":255001325,"totalPopulation":331486822}}
