{"usa":{"lastDate":1630886400000,"totalCases":40081326,"totalDeaths":648779,"twoWeekPercentChangeInCases":-0.1227549538732351,"twoWeekPercentChangeInDeaths":0.3105405405405405,"totalVaccinationsInitiated":206908710,"totalPopulation":331486822}}
