{"usa":{"lastDate":1678752000000,"totalCases":98340218,"totalDeaths":1133384,"twoWeekPercentChangeInCases":-0.2755102040816328,"twoWeekPercentChangeInDeaths":0.31887985546522135,"twoWeekPercentChangeInHospitalizations":-0.16205175263544858,"totalVaccinationsInitiated":262117909,"totalPopulation":331486822}}
