{"usa":{"lastDate":1621814400000,"totalCases":33163533,"totalDeaths":589933,"twoWeekPercentChangeInCases":-0.3654710241626786,"twoWeekPercentChangeInDeaths":-0.12557730371673628,"totalVaccinationsInitiated":163907827,"totalPopulation":331486822}}
