{"usa":{"lastDate":1630713600000,"totalCases":39960123,"totalDeaths":647887,"twoWeekPercentChangeInCases":0.07168343850621528,"twoWeekPercentChangeInDeaths":0.5336927223719675,"totalVaccinationsInitiated":206908710,"totalPopulation":331486822}}
