{"usa":{"lastDate":1644537600000,"totalCases":77531295,"totalDeaths":917140,"twoWeekPercentChangeInCases":-0.6639311572848224,"twoWeekPercentChangeInDeaths":-0.030820158666742845,"twoWeekPercentChangeInHospitalizations":-0.3299243042865247,"totalVaccinationsInitiated":251755851,"totalPopulation":331486822}}
