{"usa":{"lastDate":1647302400000,"totalCases":79492911,"totalDeaths":965438,"twoWeekPercentChangeInCases":-0.48716546822337414,"twoWeekPercentChangeInDeaths":-0.3749875696101829,"twoWeekPercentChangeInHospitalizations":-0.44166835148727535,"totalVaccinationsInitiated":254071045,"totalPopulation":331486822}}
