{"usa":{"lastDate":1624752000000,"totalCases":33592325,"totalDeaths":603597,"twoWeekPercentChangeInCases":-0.1845155217382778,"twoWeekPercentChangeInDeaths":-0.1473267326732674,"totalVaccinationsInitiated":179261269,"totalPopulation":331486822}}
