{"usa":{"lastDate":1677715200000,"totalCases":100886602,"totalDeaths":1131270,"twoWeekPercentChangeInCases":-0.13333333333333333,"twoWeekPercentChangeInDeaths":0.08054322979696112,"twoWeekPercentChangeInHospitalizations":-0.11565253541263189,"totalVaccinationsInitiated":261939710,"totalPopulation":331486822}}
