{"usa":{"lastDate":1646611200000,"totalCases":79236257,"totalDeaths":959113,"twoWeekPercentChangeInCases":-0.5093170712951959,"twoWeekPercentChangeInDeaths":-0.2512408759124088,"twoWeekPercentChangeInHospitalizations":-0.43438508343320736,"totalVaccinationsInitiated":254071045,"totalPopulation":331486822}}
