{"usa":{"lastDate":1623369600000,"totalCases":33415845,"totalDeaths":599510,"twoWeekPercentChangeInCases":-0.32748001742987404,"twoWeekPercentChangeInDeaths":-0.4038342609771181,"totalVaccinationsInitiated":172758350,"totalPopulation":331486822}}
