{"usa":{"lastDate":1628035200000,"totalCases":35435502,"totalDeaths":614833,"twoWeekPercentChangeInCases":1.3010000446908936,"twoWeekPercentChangeInDeaths":0.7969018932874355,"totalVaccinationsInitiated":192614017,"totalPopulation":331486822}}
