{"usa":{"lastDate":1664928000000,"totalCases":91749489,"totalDeaths":1057436,"twoWeekPercentChangeInCases":-0.22619047619047614,"twoWeekPercentChangeInDeaths":-0.10099965529127894,"twoWeekPercentChangeInHospitalizations":-0.11034864468074135,"totalVaccinationsInitiated":250458891,"totalPopulation":331486822}}
