{"usa":{"lastDate":1666051200000,"totalCases":91796625,"totalDeaths":1062895,"twoWeekPercentChangeInCases":-0.1503759398496239,"twoWeekPercentChangeInDeaths":-0.10536103629601122,"twoWeekPercentChangeInHospitalizations":-0.0071593741235984,"totalVaccinationsInitiated":251397718,"totalPopulation":331486822}}
