{"usa":{"lastDate":1657670400000,"totalCases":88854192,"totalDeaths":1008245,"twoWeekPercentChangeInCases":0.1220238095238096,"twoWeekPercentChangeInDeaths":0.3805593764328291,"twoWeekPercentChangeInHospitalizations":0.18862642026903484,"totalVaccinationsInitiated":253855333,"totalPopulation":331486822}}
