{"usa":{"lastDate":1666310400000,"totalCases":96790411,"totalDeaths":1066889,"twoWeekPercentChangeInCases":-0.13821138211382122,"twoWeekPercentChangeInDeaths":-0.1315178213856628,"twoWeekPercentChangeInHospitalizations":0.0201564573434357,"totalVaccinationsInitiated":252094180,"totalPopulation":331486822}}
