{"usa":{"lastDate":1633737600000,"totalCases":44306983,"totalDeaths":713325,"twoWeekPercentChangeInCases":-0.19678764767565443,"twoWeekPercentChangeInDeaths":-0.13982723505864172,"totalVaccinationsInitiated":216889814,"totalPopulation":331486822}}
