{"usa":{"lastDate":1669939200000,"totalCases":98531011,"totalDeaths":1092014,"twoWeekPercentChangeInCases":0.2857142857142858,"twoWeekPercentChangeInDeaths":-0.3224448897795592,"twoWeekPercentChangeInHospitalizations":0.2273125750836066,"totalVaccinationsInitiated":253168286,"totalPopulation":331486822}}
