{"usa":{"lastDate":1626566400000,"totalCases":34041930,"totalDeaths":608189,"twoWeekPercentChangeInCases":1.399568057880244,"twoWeekPercentChangeInDeaths":0.3305526590198124,"totalVaccinationsInitiated":186038501,"totalPopulation":331486822}}
