{"usa":{"lastDate":1650499200000,"totalCases":80767519,"totalDeaths":989094,"twoWeekPercentChangeInCases":0.46515878455563153,"twoWeekPercentChangeInDeaths":-0.29156626506024097,"twoWeekPercentChangeInHospitalizations":0.013681663690304794,"totalVaccinationsInitiated":256935026,"totalPopulation":331486822}}
