{"usa":{"lastDate":1646092800000,"totalCases":78984601,"totalDeaths":950785,"twoWeekPercentChangeInCases":-0.5678171393012713,"twoWeekPercentChangeInDeaths":-0.17796038511068862,"twoWeekPercentChangeInHospitalizations":-0.4399409652620217,"totalVaccinationsInitiated":253629644,"totalPopulation":331486822}}
