{"usa":{"lastDate":1653609600000,"totalCases":83908242,"totalDeaths":1003124,"twoWeekPercentChangeInCases":0.21014492753623185,"twoWeekPercentChangeInDeaths":0.2851729038370441,"twoWeekPercentChangeInHospitalizations":0.2682772172361892,"totalVaccinationsInitiated":258463968,"totalPopulation":331486822}}
