{"usa":{"lastDate":1636761600000,"totalCases":47011340,"totalDeaths":761818,"twoWeekPercentChangeInCases":0.1476474067146217,"twoWeekPercentChangeInDeaths":-0.16093052899936275,"totalVaccinationsInitiated":226157226,"totalPopulation":331486822}}
