{"usa":{"lastDate":1630281600000,"totalCases":39140644,"totalDeaths":639045,"twoWeekPercentChangeInCases":0.10030424406934722,"twoWeekPercentChangeInDeaths":0.9068965517241377,"totalVaccinationsInitiated":204742648,"totalPopulation":331486822}}
