{"usa":{"lastDate":1633824000000,"totalCases":44330001,"totalDeaths":713806,"twoWeekPercentChangeInCases":-0.1946615824594852,"twoWeekPercentChangeInDeaths":-0.12353395603623847,"totalVaccinationsInitiated":216889814,"totalPopulation":331486822}}
