{"usa":{"lastDate":1626480000000,"totalCases":34032403,"totalDeaths":608152,"twoWeekPercentChangeInCases":1.349416851750518,"twoWeekPercentChangeInDeaths":0.2651481645289695,"totalVaccinationsInitiated":185765452,"totalPopulation":331486822}}
