{"usa":{"lastDate":1667347200000,"totalCases":92324439,"totalDeaths":1067445,"twoWeekPercentChangeInCases":0.07207207207207204,"twoWeekPercentChangeInDeaths":-0.11302170283806336,"twoWeekPercentChangeInHospitalizations":0.024347612276969476,"totalVaccinationsInitiated":252094180,"totalPopulation":331486822}}
