{"usa":{"lastDate":1644192000000,"totalCases":76767122,"totalDeaths":904144,"twoWeekPercentChangeInCases":-0.6565639733926669,"twoWeekPercentChangeInDeaths":0.09756980039799804,"twoWeekPercentChangeInHospitalizations":-0.26661462141662035,"totalVaccinationsInitiated":251176199,"totalPopulation":331486822}}
