{"usa":{"lastDate":1656028800000,"totalCases":82893910,"totalDeaths":1013478,"twoWeekPercentChangeInCases":-0.04863221884498478,"twoWeekPercentChangeInDeaths":0.1744394618834082,"twoWeekPercentChangeInHospitalizations":0.08932512987479345,"totalVaccinationsInitiated":252646401,"totalPopulation":331486822}}
