{"usa":{"lastDate":1630972800000,"totalCases":40382181,"totalDeaths":650998,"twoWeekPercentChangeInCases":0.004975114993534653,"twoWeekPercentChangeInDeaths":0.3400255754475704,"totalVaccinationsInitiated":207589611,"totalPopulation":331486822}}
