{"usa":{"lastDate":1637193600000,"totalCases":47500530,"totalDeaths":767419,"twoWeekPercentChangeInCases":0.33889085240521966,"twoWeekPercentChangeInDeaths":-0.005396786458972297,"totalVaccinationsInitiated":228570531,"totalPopulation":331486822}}
