{"usa":{"lastDate":1624838400000,"totalCases":33607553,"totalDeaths":603756,"twoWeekPercentChangeInCases":-0.1544732933886414,"twoWeekPercentChangeInDeaths":-0.15631513130471025,"totalVaccinationsInitiated":179615165,"totalPopulation":331486822}}
