{"usa":{"lastDate":1636243200000,"totalCases":46449331,"totalDeaths":754051,"twoWeekPercentChangeInCases":0.013234848753013643,"twoWeekPercentChangeInDeaths":-0.2666838887453715,"totalVaccinationsInitiated":223629671,"totalPopulation":331486822}}
