{"usa":{"lastDate":1651881600000,"totalCases":81766001,"totalDeaths":996256,"twoWeekPercentChangeInCases":0.52327055769225,"twoWeekPercentChangeInDeaths":0.7190283400809717,"twoWeekPercentChangeInHospitalizations":0.20837287292359558,"totalVaccinationsInitiated":258132925,"totalPopulation":331486822}}
