{"usa":{"lastDate":1661904000000,"totalCases":92510622,"totalDeaths":1030151,"twoWeekPercentChangeInCases":-0.12162162162162167,"twoWeekPercentChangeInDeaths":-0.13629307668425955,"twoWeekPercentChangeInHospitalizations":-0.12195174610028606,"totalVaccinationsInitiated":248926791,"totalPopulation":331486822}}
