{"usa":{"lastDate":1674086400000,"totalCases":100509382,"totalDeaths":1112655,"twoWeekPercentChangeInCases":null,"twoWeekPercentChangeInDeaths":0.05424008810572681,"twoWeekPercentChangeInHospitalizations":-0.24104186276173872,"totalVaccinationsInitiated":261200336,"totalPopulation":331486822}}
