{"usa":{"lastDate":1628985600000,"totalCases":36727421,"totalDeaths":621212,"twoWeekPercentChangeInCases":0.6391937586864014,"twoWeekPercentChangeInDeaths":0.8231346229767075,"totalVaccinationsInitiated":198088722,"totalPopulation":331486822}}
