{"usa":{"lastDate":1679443200000,"totalCases":103839655,"totalDeaths":1083779,"twoWeekPercentChangeInCases":-0.34313725490196073,"twoWeekPercentChangeInDeaths":4.917890520694259,"twoWeekPercentChangeInHospitalizations":-0.17549719566336835,"totalVaccinationsInitiated":262405769,"totalPopulation":331486822}}
