{"usa":{"lastDate":1679011200000,"totalCases":101579078,"totalDeaths":1122945,"twoWeekPercentChangeInCases":-0.5258620689655172,"twoWeekPercentChangeInDeaths":null,"twoWeekPercentChangeInHospitalizations":-0.12757942191060911,"totalVaccinationsInitiated":262206434,"totalPopulation":331486822}}
