{"usa":{"lastDate":1677801600000,"totalCases":101286903,"totalDeaths":1131327,"twoWeekPercentChangeInCases":-0.025210084033613366,"twoWeekPercentChangeInDeaths":0.10736856259244316,"twoWeekPercentChangeInHospitalizations":-0.117755740541313,"totalVaccinationsInitiated":262030363,"totalPopulation":331486822}}
