{"usa":{"lastDate":1641686400000,"totalCases":60164525,"totalDeaths":836236,"twoWeekPercentChangeInCases":2.5077075821342056,"twoWeekPercentChangeInDeaths":0.1750547045951861,"totalVaccinationsInitiated":246812939,"totalPopulation":331486822}}
