{"usa":{"lastDate":1667520000000,"totalCases":97325037,"totalDeaths":1071720,"twoWeekPercentChangeInCases":0.14150943396226412,"twoWeekPercentChangeInDeaths":-0.10126105778279706,"twoWeekPercentChangeInHospitalizations":0.02161595860682904,"totalVaccinationsInitiated":252675050,"totalPopulation":331486822}}
