{"usa":{"lastDate":1646092800000,"totalCases":78984931,"totalDeaths":950788,"twoWeekPercentChangeInCases":-0.5674837763356743,"twoWeekPercentChangeInDeaths":-0.1777764150364874,"twoWeekPercentChangeInHospitalizations":-0.4387392965819829,"totalVaccinationsInitiated":253629644,"totalPopulation":331486822}}
