{"usa":{"lastDate":1660089600000,"totalCases":90425167,"totalDeaths":1032636,"twoWeekPercentChangeInCases":-0.14062499999999992,"twoWeekPercentChangeInDeaths":0.12599206349206352,"twoWeekPercentChangeInHospitalizations":-0.03219833417548206,"totalVaccinationsInitiated":248068126,"totalPopulation":331486822}}
