{"usa":{"lastDate":1646265600000,"totalCases":79099886,"totalDeaths":955016,"twoWeekPercentChangeInCases":-0.538666960460042,"twoWeekPercentChangeInDeaths":-0.267079967436909,"twoWeekPercentChangeInHospitalizations":-0.4350291256394335,"totalVaccinationsInitiated":253804278,"totalPopulation":331486822}}
