{"usa":{"lastDate":1642464000000,"totalCases":67705330,"totalDeaths":853740,"twoWeekPercentChangeInCases":0.3772771727119319,"twoWeekPercentChangeInDeaths":0.42317271250676786,"totalVaccinationsInitiated":249393487,"totalPopulation":331486822}}
