{"usa":{"lastDate":1664323200000,"totalCases":95869152,"totalDeaths":1055620,"twoWeekPercentChangeInCases":-0.2263157894736842,"twoWeekPercentChangeInDeaths":-0.10357880247763247,"twoWeekPercentChangeInHospitalizations":-0.11585547369204445,"totalVaccinationsInitiated":250092383,"totalPopulation":331486822}}
