{"usa":{"lastDate":1634083200000,"totalCases":44671658,"totalDeaths":719725,"twoWeekPercentChangeInCases":-0.21504924584197538,"twoWeekPercentChangeInDeaths":-0.15106826846989424,"totalVaccinationsInitiated":217627490,"totalPopulation":331486822}}
