{"usa":{"lastDate":1666051200000,"totalCases":91796625,"totalDeaths":1062895,"twoWeekPercentChangeInCases":-0.1503759398496239,"twoWeekPercentChangeInDeaths":-0.07846153846153853,"twoWeekPercentChangeInHospitalizations":-0.014466069101594873,"totalVaccinationsInitiated":251397718,"totalPopulation":331486822}}
