{"usa":{"lastDate":1655769600000,"totalCases":86391004,"totalDeaths":1010552,"twoWeekPercentChangeInCases":-0.15428571428571417,"twoWeekPercentChangeInDeaths":-0.15767284991568287,"twoWeekPercentChangeInHospitalizations":0.023678655257084687,"totalVaccinationsInitiated":259198178,"totalPopulation":331486822}}
