{"usa":{"lastDate":1640995200000,"totalCases":54850527,"totalDeaths":824190,"twoWeekPercentChangeInCases":2.127557076578325,"twoWeekPercentChangeInDeaths":0.029675561953272013,"totalVaccinationsInitiated":243527564,"totalPopulation":331486822}}
