{"usa":{"lastDate":1664323200000,"totalCases":91641368,"totalDeaths":1054837,"twoWeekPercentChangeInCases":-0.2263157894736842,"twoWeekPercentChangeInDeaths":-0.11336164652074482,"twoWeekPercentChangeInHospitalizations":-0.12031591629110705,"totalVaccinationsInitiated":250092383,"totalPopulation":331486822}}
