{"usa":{"lastDate":1667520000000,"totalCases":97332939,"totalDeaths":1069840,"twoWeekPercentChangeInCases":0.14150943396226412,"twoWeekPercentChangeInDeaths":null,"twoWeekPercentChangeInHospitalizations":0.021872527848453064,"totalVaccinationsInitiated":252675050,"totalPopulation":331486822}}
