{"usa":{"lastDate":1637971200000,"totalCases":48171232,"totalDeaths":777310,"twoWeekPercentChangeInCases":-0.1296148384806531,"twoWeekPercentChangeInDeaths":-0.29725975501957314,"totalVaccinationsInitiated":231367686,"totalPopulation":331486822}}
