{"usa":{"lastDate":1676332800000,"totalCases":100773438,"totalDeaths":1122990,"twoWeekPercentChangeInCases":-0.07627118644067792,"twoWeekPercentChangeInDeaths":null,"twoWeekPercentChangeInHospitalizations":-0.0859542933419254,"totalVaccinationsInitiated":261728937,"totalPopulation":331486822}}
