{"usa":{"lastDate":1661904000000,"totalCases":91422745,"totalDeaths":1042854,"twoWeekPercentChangeInCases":-0.12162162162162167,"twoWeekPercentChangeInDeaths":-0.0029091293769174767,"twoWeekPercentChangeInHospitalizations":-0.09671133282785696,"totalVaccinationsInitiated":248926791,"totalPopulation":331486822}}
