{"usa":{"lastDate":1677542400000,"totalCases":102994949,"totalDeaths":1128945,"twoWeekPercentChangeInCases":-0.10091743119266053,"twoWeekPercentChangeInDeaths":-0.5289934354485777,"twoWeekPercentChangeInHospitalizations":-0.10485929655801923,"totalVaccinationsInitiated":261939710,"totalPopulation":331486822}}
