{"usa":{"lastDate":1627603200000,"totalCases":34986747,"totalDeaths":612775,"twoWeekPercentChangeInCases":1.5004599986130693,"twoWeekPercentChangeInDeaths":0.2956567242281528,"totalVaccinationsInitiated":190509183,"totalPopulation":331486822}}
