{"usa":{"lastDate":1669939200000,"totalCases":98531011,"totalDeaths":1092493,"twoWeekPercentChangeInCases":0.2857142857142858,"twoWeekPercentChangeInDeaths":-0.2771290840921264,"twoWeekPercentChangeInHospitalizations":0.2048665089557283,"totalVaccinationsInitiated":253168286,"totalPopulation":331486822}}
