{"usa":{"lastDate":1649462400000,"totalCases":80267553,"totalDeaths":983708,"twoWeekPercentChangeInCases":0.0440170818234561,"twoWeekPercentChangeInDeaths":-0.3129770992366413,"twoWeekPercentChangeInHospitalizations":-0.20204915533329273,"totalVaccinationsInitiated":256151498,"totalPopulation":331486822}}
