{"usa":{"lastDate":1671148800000,"totalCases":99453169,"totalDeaths":1096964,"twoWeekPercentChangeInCases":0.2046783625730994,"twoWeekPercentChangeInDeaths":0.8120070113935146,"twoWeekPercentChangeInHospitalizations":0.07920519304072153,"totalVaccinationsInitiated":260670756,"totalPopulation":331486822}}
