{"usa":{"lastDate":1640217600000,"totalCases":51812560,"totalDeaths":813790,"twoWeekPercentChangeInCases":0.5896024310073934,"twoWeekPercentChangeInDeaths":0.2792673507668541,"totalVaccinationsInitiated":241520561,"totalPopulation":331486822}}
