{"usa":{"lastDate":1650672000000,"totalCases":80856216,"totalDeaths":989678,"twoWeekPercentChangeInCases":0.5146892011935403,"twoWeekPercentChangeInDeaths":-0.345276008492569,"twoWeekPercentChangeInHospitalizations":0.04737701413049811,"totalVaccinationsInitiated":257188688,"totalPopulation":331486822}}
