{"usa":{"lastDate":1658966400000,"totalCases":89213008,"totalDeaths":1018911,"twoWeekPercentChangeInCases":-0.007751937984496269,"twoWeekPercentChangeInDeaths":0.10621584699453555,"twoWeekPercentChangeInHospitalizations":0.032675266137625704,"totalVaccinationsInitiated":254733781,"totalPopulation":331486822}}
