{"usa":{"lastDate":1639958400000,"totalCases":51110283,"totalDeaths":806335,"twoWeekPercentChangeInCases":0.2348403963999966,"twoWeekPercentChangeInDeaths":0.010973176679228527,"totalVaccinationsInitiated":241881712,"totalPopulation":331486822}}
