{"usa":{"lastDate":1626307200000,"totalCases":33965502,"totalDeaths":607697,"twoWeekPercentChangeInCases":1.1858606603120747,"twoWeekPercentChangeInDeaths":0.08994413407821229,"totalVaccinationsInitiated":185135757,"totalPopulation":331486822}}
