{"usa":{"lastDate":1650672000000,"totalCases":80855787,"totalDeaths":989678,"twoWeekPercentChangeInCases":0.5127348928319251,"twoWeekPercentChangeInDeaths":-0.345276008492569,"twoWeekPercentChangeInHospitalizations":0.033868144408661385,"totalVaccinationsInitiated":257188688,"totalPopulation":331486822}}
