{"usa":{"lastDate":1622246400000,"totalCases":33267937,"totalDeaths":593920,"twoWeekPercentChangeInCases":-0.3792128429990631,"twoWeekPercentChangeInDeaths":0.08609271523178808,"totalVaccinationsInitiated":167157043,"totalPopulation":331486822}}
