{"usa":{"lastDate":1643414400000,"totalCases":74211771,"totalDeaths":882964,"twoWeekPercentChangeInCases":-0.3345505327365726,"twoWeekPercentChangeInDeaths":0.2959628231193727,"twoWeekPercentChangeInHospitalizations":-0.052131799850412976,"totalVaccinationsInitiated":249695301,"totalPopulation":331486822}}
