{"usa":{"lastDate":1642723200000,"totalCases":70130650,"totalDeaths":864182,"twoWeekPercentChangeInCases":0.07655389772442692,"twoWeekPercentChangeInDeaths":0.3344836740111496,"totalVaccinationsInitiated":250262153,"totalPopulation":331486822}}
