{"usa":{"lastDate":1645747200000,"totalCases":78800634,"totalDeaths":946121,"twoWeekPercentChangeInCases":-0.6175287447340914,"twoWeekPercentChangeInDeaths":-0.21482833755373643,"twoWeekPercentChangeInHospitalizations":-0.43851594938154537,"totalVaccinationsInitiated":253395029,"totalPopulation":331486822}}
