{"usa":{"lastDate":1631318400000,"totalCases":40988382,"totalDeaths":659556,"twoWeekPercentChangeInCases":-0.06314005310070168,"twoWeekPercentChangeInDeaths":0.29901960784313736,"totalVaccinationsInitiated":209099300,"totalPopulation":331486822}}
