{"usa":{"lastDate":1659484800000,"totalCases":91297820,"totalDeaths":1029832,"twoWeekPercentChangeInCases":-0.08854166666666662,"twoWeekPercentChangeInDeaths":0.10032467532467539,"twoWeekPercentChangeInHospitalizations":-0.01108069782013653,"totalVaccinationsInitiated":254733781,"totalPopulation":331486822}}
