{"usa":{"lastDate":1623801600000,"totalCases":33465562,"totalDeaths":600244,"twoWeekPercentChangeInCases":-0.20916950900293482,"twoWeekPercentChangeInDeaths":-0.39462702138758476,"totalVaccinationsInitiated":175053401,"totalPopulation":331486822}}
