{"usa":{"lastDate":1640131200000,"totalCases":51546646,"totalDeaths":810475,"twoWeekPercentChangeInCases":0.4194477015567484,"twoWeekPercentChangeInDeaths":0.034981905910735724,"totalVaccinationsInitiated":241583543,"totalPopulation":331486822}}
