{"usa":{"lastDate":1647475200000,"totalCases":79568137,"totalDeaths":968663,"twoWeekPercentChangeInCases":-0.4507998702562439,"twoWeekPercentChangeInDeaths":-0.29876416652428944,"twoWeekPercentChangeInHospitalizations":-0.43500348640302816,"totalVaccinationsInitiated":254870034,"totalPopulation":331486822}}
