{"usa":{"lastDate":1624579200000,"totalCases":33581217,"totalDeaths":603351,"twoWeekPercentChangeInCases":-0.1911963664476228,"twoWeekPercentChangeInDeaths":-0.24974021475580185,"totalVaccinationsInitiated":178491147,"totalPopulation":331486822}}
