{"usa":{"lastDate":1668556800000,"totalCases":96807855,"totalDeaths":1085187,"twoWeekPercentChangeInCases":0.04424778761061932,"twoWeekPercentChangeInDeaths":0.33258490036486116,"twoWeekPercentChangeInHospitalizations":0.00035323388178433836,"totalVaccinationsInitiated":253081720,"totalPopulation":331486822}}
