{"usa":{"lastDate":1630972800000,"totalCases":40379602,"totalDeaths":650978,"twoWeekPercentChangeInCases":0.0025427317578329846,"twoWeekPercentChangeInDeaths":0.3374680306905371,"totalVaccinationsInitiated":207589611,"totalPopulation":331486822}}
