{"usa":{"lastDate":1666224000000,"totalCases":94160424,"totalDeaths":1064643,"twoWeekPercentChangeInCases":-0.16799999999999998,"twoWeekPercentChangeInDeaths":-0.16781345565749237,"twoWeekPercentChangeInHospitalizations":0.012284867423125819,"totalVaccinationsInitiated":251397718,"totalPopulation":331486822}}
