{"usa":{"lastDate":1628553600000,"totalCases":36152620,"totalDeaths":618363,"twoWeekPercentChangeInCases":0.8634076171751699,"twoWeekPercentChangeInDeaths":1.0170697012802274,"totalVaccinationsInitiated":195646711,"totalPopulation":331486822}}
