{"usa":{"lastDate":1674086400000,"totalCases":101562759,"totalDeaths":1101518,"twoWeekPercentChangeInCases":null,"twoWeekPercentChangeInDeaths":0.0457309014010044,"twoWeekPercentChangeInHospitalizations":-0.23735790893327333,"totalVaccinationsInitiated":261351424,"totalPopulation":331486822}}
