{"usa":{"lastDate":1648944000000,"totalCases":80056903,"totalDeaths":980027,"twoWeekPercentChangeInCases":-0.1098021084586966,"twoWeekPercentChangeInDeaths":-0.3784267805482849,"twoWeekPercentChangeInHospitalizations":-0.2739593154578198,"totalVaccinationsInitiated":255765972,"totalPopulation":331486822}}
