{"usa":{"lastDate":1627689600000,"totalCases":35015976,"totalDeaths":612918,"twoWeekPercentChangeInCases":1.4819948233420215,"twoWeekPercentChangeInDeaths":0.3210912906610704,"totalVaccinationsInitiated":190982149,"totalPopulation":331486822}}
