{"usa":{"lastDate":1670976000000,"totalCases":94895527,"totalDeaths":1094491,"twoWeekPercentChangeInCases":0.5772357723577233,"twoWeekPercentChangeInDeaths":0.38095238095238104,"twoWeekPercentChangeInHospitalizations":0.15570996854634783,"totalVaccinationsInitiated":253395555,"totalPopulation":331486822}}
