{"usa":{"lastDate":1627516800000,"totalCases":34864172,"totalDeaths":612104,"twoWeekPercentChangeInCases":1.5140861315039915,"twoWeekPercentChangeInDeaths":0.1463539010708822,"totalVaccinationsInitiated":189945907,"totalPopulation":331486822}}
