{"usa":{"lastDate":1630368000000,"totalCases":39314238,"totalDeaths":640478,"twoWeekPercentChangeInCases":0.14419729078554563,"twoWeekPercentChangeInDeaths":0.9329093147312268,"totalVaccinationsInitiated":205026070,"totalPopulation":331486822}}
