{"usa":{"lastDate":1626220800000,"totalCases":33932019,"totalDeaths":607365,"twoWeekPercentChangeInCases":1.112781954887218,"twoWeekPercentChangeInDeaths":0.04636459430979972,"totalVaccinationsInitiated":184835149,"totalPopulation":331486822}}
