{"usa":{"lastDate":1667520000000,"totalCases":97332939,"totalDeaths":1069842,"twoWeekPercentChangeInCases":0.14150943396226412,"twoWeekPercentChangeInDeaths":0.018907563025209986,"twoWeekPercentChangeInHospitalizations":0.021599923029227495,"totalVaccinationsInitiated":252675050,"totalPopulation":331486822}}
