{"usa":{"lastDate":1667520000000,"totalCases":97332939,"totalDeaths":1070049,"twoWeekPercentChangeInCases":0.14150943396226412,"twoWeekPercentChangeInDeaths":null,"twoWeekPercentChangeInHospitalizations":0.021541125911355347,"totalVaccinationsInitiated":252675050,"totalPopulation":331486822}}
