{"usa":{"lastDate":1674086400000,"totalCases":101576154,"totalDeaths":1114421,"twoWeekPercentChangeInCases":null,"twoWeekPercentChangeInDeaths":-0.09663865546218488,"twoWeekPercentChangeInHospitalizations":-0.2140768921995944,"totalVaccinationsInitiated":261351424,"totalPopulation":331486822}}
