{"usa":{"lastDate":1637107200000,"totalCases":47390226,"totalDeaths":766206,"twoWeekPercentChangeInCases":0.24105942589572557,"twoWeekPercentChangeInDeaths":-0.13431818181818184,"totalVaccinationsInitiated":228175638,"totalPopulation":331486822}}
