{"usa":{"lastDate":1667520000000,"totalCases":97332939,"totalDeaths":1070405,"twoWeekPercentChangeInCases":0.14150943396226412,"twoWeekPercentChangeInDeaths":0.16918474195961117,"twoWeekPercentChangeInHospitalizations":0.021642684569498232,"totalVaccinationsInitiated":252675050,"totalPopulation":331486822}}
