{"usa":{"lastDate":1674086400000,"totalCases":101562759,"totalDeaths":1113638,"twoWeekPercentChangeInCases":null,"twoWeekPercentChangeInDeaths":-0.08066361556064071,"twoWeekPercentChangeInHospitalizations":-0.23735790893327333,"totalVaccinationsInitiated":261351424,"totalPopulation":331486822}}
