{"usa":{"lastDate":1649721600000,"totalCases":80354720,"totalDeaths":984838,"twoWeekPercentChangeInCases":0.11582284318913327,"twoWeekPercentChangeInDeaths":-0.2687660922955041,"twoWeekPercentChangeInHospitalizations":-0.15504022638653522,"totalVaccinationsInitiated":256363358,"totalPopulation":331486822}}
