{"usa":{"lastDate":1624665600000,"totalCases":33588160,"totalDeaths":603501,"twoWeekPercentChangeInCases":-0.18037219031831542,"twoWeekPercentChangeInDeaths":-0.19947800149142433,"totalVaccinationsInitiated":178873816,"totalPopulation":331486822}}
