{"usa":{"lastDate":1648339200000,"totalCases":79852810,"totalDeaths":975515,"twoWeekPercentChangeInCases":-0.14312983339600752,"twoWeekPercentChangeInDeaths":-0.3991267353336319,"twoWeekPercentChangeInHospitalizations":-0.37142027912190184,"totalVaccinationsInitiated":255271920,"totalPopulation":331486822}}
