{"usa":{"lastDate":1635724800000,"totalCases":46058641,"totalDeaths":746688,"twoWeekPercentChangeInCases":-0.09200223521909937,"twoWeekPercentChangeInDeaths":-0.19772329246935194,"totalVaccinationsInitiated":221961370,"totalPopulation":331486822}}
