{"usa":{"lastDate":1657065600000,"totalCases":87802867,"totalDeaths":1016720,"twoWeekPercentChangeInCases":0.088135593220339,"twoWeekPercentChangeInDeaths":-0.057995028997514506,"twoWeekPercentChangeInHospitalizations":0.16876631430845845,"totalVaccinationsInitiated":253479688,"totalPopulation":331486822}}
