{"usa":{"lastDate":1639180800000,"totalCases":49845209,"totalDeaths":795727,"twoWeekPercentChangeInCases":0.6372066118943508,"twoWeekPercentChangeInDeaths":0.6035938903863433,"totalVaccinationsInitiated":238679707,"totalPopulation":331486822}}
