{"usa":{"lastDate":1644105600000,"totalCases":76419014,"totalDeaths":901405,"twoWeekPercentChangeInCases":-0.5692301225122618,"twoWeekPercentChangeInDeaths":0.1882329687705891,"twoWeekPercentChangeInHospitalizations":-0.24413538004267168,"totalVaccinationsInitiated":251070439,"totalPopulation":331486822}}
