{"usa":{"lastDate":1642982400000,"totalCases":71697688,"totalDeaths":867868,"twoWeekPercentChangeInCases":-0.050349592555248825,"twoWeekPercentChangeInDeaths":0.3912423454408187,"totalVaccinationsInitiated":250964433,"totalPopulation":331486822}}
