{"usa":{"lastDate":1663113600000,"totalCases":92505595,"totalDeaths":1049213,"twoWeekPercentChangeInCases":-0.2692307692307693,"twoWeekPercentChangeInDeaths":-0.37003341997772,"twoWeekPercentChangeInHospitalizations":-0.12056067099254236,"totalVaccinationsInitiated":249380682,"totalPopulation":331486822}}
