{"usa":{"lastDate":1621900800000,"totalCases":33186212,"totalDeaths":590629,"twoWeekPercentChangeInCases":-0.36859220806499404,"twoWeekPercentChangeInDeaths":-0.12185552734825758,"totalVaccinationsInitiated":165074907,"totalPopulation":331486822}}
