{"usa":{"lastDate":1646438400000,"totalCases":79166521,"totalDeaths":957215,"twoWeekPercentChangeInCases":-0.5500172370751656,"twoWeekPercentChangeInDeaths":-0.32437114989733057,"twoWeekPercentChangeInHospitalizations":-0.43356213399453697,"totalVaccinationsInitiated":254002347,"totalPopulation":331486822}}
