{"usa":{"lastDate":1667347200000,"totalCases":92324439,"totalDeaths":1067955,"twoWeekPercentChangeInCases":0.07207207207207204,"twoWeekPercentChangeInDeaths":-0.09116325511732402,"twoWeekPercentChangeInHospitalizations":0.022063017393483025,"totalVaccinationsInitiated":252094180,"totalPopulation":331486822}}
