{"usa":{"lastDate":1673308800000,"totalCases":99964875,"totalDeaths":1095952,"twoWeekPercentChangeInCases":-0.3842364532019704,"twoWeekPercentChangeInDeaths":0.5267507612005219,"twoWeekPercentChangeInHospitalizations":0.007443573966206645,"totalVaccinationsInitiated":261012851,"totalPopulation":331486822}}
