{"usa":{"lastDate":1624406400000,"totalCases":33551819,"totalDeaths":602562,"twoWeekPercentChangeInCases":-0.24934812084970273,"twoWeekPercentChangeInDeaths":-0.1992495309568481,"totalVaccinationsInitiated":178331677,"totalPopulation":331486822}}
