{"usa":{"lastDate":1628812800000,"totalCases":36633631,"totalDeaths":620812,"twoWeekPercentChangeInCases":0.6633563061997163,"twoWeekPercentChangeInDeaths":0.839660743134087,"totalVaccinationsInitiated":197081471,"totalPopulation":331486822}}
