{"usa":{"lastDate":1643500800000,"totalCases":74328530,"totalDeaths":883370,"twoWeekPercentChangeInCases":-0.3518445794707252,"twoWeekPercentChangeInDeaths":0.28314345838473265,"twoWeekPercentChangeInHospitalizations":-0.0814708002883922,"totalVaccinationsInitiated":249892470,"totalPopulation":331486822}}
