{"usa":{"lastDate":1638921600000,"totalCases":49505304,"totalDeaths":791933,"twoWeekPercentChangeInCases":0.25409767953964724,"twoWeekPercentChangeInDeaths":-0.08727855069562597,"totalVaccinationsInitiated":237087380,"totalPopulation":331486822}}
