{"usa":{"lastDate":1635379200000,"totalCases":45797078,"totalDeaths":743050,"twoWeekPercentChangeInCases":-0.15908131525408012,"twoWeekPercentChangeInDeaths":-0.15129961362838074,"totalVaccinationsInitiated":220860887,"totalPopulation":331486822}}
