{"usa":{"lastDate":1648771200000,"totalCases":80040581,"totalDeaths":979851,"twoWeekPercentChangeInCases":-0.08523567233139309,"twoWeekPercentChangeInDeaths":-0.39284602037638466,"twoWeekPercentChangeInHospitalizations":-0.2956144651965436,"totalVaccinationsInitiated":255582575,"totalPopulation":331486822}}
