{"usa":{"lastDate":1628726400000,"totalCases":36446791,"totalDeaths":619723,"twoWeekPercentChangeInCases":0.7578912302818979,"twoWeekPercentChangeInDeaths":0.9194839857651245,"totalVaccinationsInitiated":196505543,"totalPopulation":331486822}}
