{"usa":{"lastDate":1623888000000,"totalCases":33475952,"totalDeaths":600524,"twoWeekPercentChangeInCases":-0.18210935495214647,"twoWeekPercentChangeInDeaths":-0.2968800257317466,"totalVaccinationsInitiated":175867860,"totalPopulation":331486822}}
