{"usa":{"lastDate":1627516800000,"totalCases":34861442,"totalDeaths":612098,"twoWeekPercentChangeInCases":1.500396156777791,"twoWeekPercentChangeInDeaths":0.14329423763386015,"totalVaccinationsInitiated":190509183,"totalPopulation":331486822}}
