{"usa":{"lastDate":1628380800000,"totalCases":35812164,"totalDeaths":616594,"twoWeekPercentChangeInCases":1.1164815535257342,"twoWeekPercentChangeInDeaths":0.9182156133828996,"totalVaccinationsInitiated":194866738,"totalPopulation":331486822}}
