{"usa":{"lastDate":1653868800000,"totalCases":83955246,"totalDeaths":1003187,"twoWeekPercentChangeInCases":-0.07167235494880561,"twoWeekPercentChangeInDeaths":0.1455604075691411,"twoWeekPercentChangeInHospitalizations":0.2002209602077802,"totalVaccinationsInitiated":258463968,"totalPopulation":331486822}}
