{"usa":{"lastDate":1628380800000,"totalCases":35796012,"totalDeaths":616556,"twoWeekPercentChangeInCases":1.0722297412068977,"twoWeekPercentChangeInDeaths":0.8980350504514073,"totalVaccinationsInitiated":194866738,"totalPopulation":331486822}}
