{"usa":{"lastDate":1658361600000,"totalCases":89899706,"totalDeaths":1024664,"twoWeekPercentChangeInCases":0.21003134796238254,"twoWeekPercentChangeInDeaths":0.006926121372031662,"twoWeekPercentChangeInHospitalizations":0.11283651085648662,"totalVaccinationsInitiated":254305796,"totalPopulation":331486822}}
