{"usa":{"lastDate":1639872000000,"totalCases":50811522,"totalDeaths":804916,"twoWeekPercentChangeInCases":0.09453297867332044,"twoWeekPercentChangeInDeaths":-0.057923955169163086,"totalVaccinationsInitiated":241571084,"totalPopulation":331486822}}
