{"usa":{"lastDate":1654646400000,"totalCases":85137247,"totalDeaths":1006986,"twoWeekPercentChangeInCases":0,"twoWeekPercentChangeInDeaths":0.09681181959564536,"twoWeekPercentChangeInHospitalizations":0.12003233790899981,"totalVaccinationsInitiated":258865995,"totalPopulation":331486822}}
