{"usa":{"lastDate":1655856000000,"totalCases":84730481,"totalDeaths":1011965,"twoWeekPercentChangeInCases":-0.11411411411411403,"twoWeekPercentChangeInDeaths":0.12605415002219278,"twoWeekPercentChangeInHospitalizations":0.06349435857395545,"totalVaccinationsInitiated":252646401,"totalPopulation":331486822}}
