{"usa":{"lastDate":1677024000000,"totalCases":102763421,"totalDeaths":1114967,"twoWeekPercentChangeInCases":-0.1475409836065573,"twoWeekPercentChangeInDeaths":-0.2924389526331274,"twoWeekPercentChangeInHospitalizations":-0.0550018025391444,"totalVaccinationsInitiated":261850257,"totalPopulation":331486822}}
