{"usa":{"lastDate":1660089600000,"totalCases":90425167,"totalDeaths":1032666,"twoWeekPercentChangeInCases":-0.14062499999999992,"twoWeekPercentChangeInDeaths":0.13768844221105528,"twoWeekPercentChangeInHospitalizations":-0.041486375004483655,"totalVaccinationsInitiated":248068126,"totalPopulation":331486822}}
