{"usa":{"lastDate":1679097600000,"totalCases":103634389,"totalDeaths":1124698,"twoWeekPercentChangeInCases":-0.5258620689655172,"twoWeekPercentChangeInDeaths":null,"twoWeekPercentChangeInHospitalizations":-0.10750392303140997,"totalVaccinationsInitiated":262331019,"totalPopulation":331486822}}
