{"usa":{"lastDate":1665619200000,"totalCases":92367031,"totalDeaths":1061729,"twoWeekPercentChangeInCases":-0.18881118881118883,"twoWeekPercentChangeInDeaths":0.12884267631103077,"twoWeekPercentChangeInHospitalizations":-0.024211629125196418,"totalVaccinationsInitiated":250956639,"totalPopulation":331486822}}
