{"usa":{"lastDate":1650931200000,"totalCases":80998193,"totalDeaths":990368,"twoWeekPercentChangeInCases":0.5321958243966952,"twoWeekPercentChangeInDeaths":-0.3583423618634886,"twoWeekPercentChangeInHospitalizations":0.10077337249143409,"totalVaccinationsInitiated":257423254,"totalPopulation":331486822}}
