{"usa":{"lastDate":1626998400000,"totalCases":34368072,"totalDeaths":610356,"twoWeekPercentChangeInCases":1.7254163796881852,"twoWeekPercentChangeInDeaths":0.20304568527918773,"totalVaccinationsInitiated":187579557,"totalPopulation":331486822}}
