{"usa":{"lastDate":1661904000000,"totalCases":91422745,"totalDeaths":1029522,"twoWeekPercentChangeInCases":-0.12162162162162167,"twoWeekPercentChangeInDeaths":-0.21477878882962032,"twoWeekPercentChangeInHospitalizations":-0.10589220326070935,"totalVaccinationsInitiated":248926791,"totalPopulation":331486822}}
