{"usa":{"lastDate":1676419200000,"totalCases":100757152,"totalDeaths":1123367,"twoWeekPercentChangeInCases":-0.10256410256410245,"twoWeekPercentChangeInDeaths":-0.0459440057430007,"twoWeekPercentChangeInHospitalizations":-0.06604328871746523,"totalVaccinationsInitiated":261728937,"totalPopulation":331486822}}
