{"usa":{"lastDate":1662508800000,"totalCases":94683250,"totalDeaths":1046703,"twoWeekPercentChangeInCases":-0.21323529411764705,"twoWeekPercentChangeInDeaths":null,"twoWeekPercentChangeInHospitalizations":-0.10924267534323649,"totalVaccinationsInitiated":249108488,"totalPopulation":331486822}}
