{"usa":{"lastDate":1648857600000,"totalCases":80051976,"totalDeaths":979988,"twoWeekPercentChangeInCases":-0.09279907288721884,"twoWeekPercentChangeInDeaths":-0.38286260062764366,"twoWeekPercentChangeInHospitalizations":-0.2956144651965436,"totalVaccinationsInitiated":255654273,"totalPopulation":331486822}}
