{"usa":{"lastDate":1627862400000,"totalCases":35175455,"totalDeaths":613436,"twoWeekPercentChangeInCases":1.4209663516920823,"twoWeekPercentChangeInDeaths":0.4505611972207377,"totalVaccinationsInitiated":191818585,"totalPopulation":331486822}}
