{"usa":{"lastDate":1669680000000,"totalCases":96608533,"totalDeaths":1088410,"twoWeekPercentChangeInCases":0.01652892561983484,"twoWeekPercentChangeInDeaths":-0.04804669959586903,"twoWeekPercentChangeInHospitalizations":0.2365128605472924,"totalVaccinationsInitiated":252898654,"totalPopulation":331486822}}
