{"usa":{"lastDate":1674086400000,"totalCases":101576154,"totalDeaths":1114397,"twoWeekPercentChangeInCases":null,"twoWeekPercentChangeInDeaths":-0.10384153661464589,"twoWeekPercentChangeInHospitalizations":-0.22297904974378638,"totalVaccinationsInitiated":261351424,"totalPopulation":331486822}}
