{"usa":{"lastDate":1674086400000,"totalCases":101576154,"totalDeaths":1103393,"twoWeekPercentChangeInCases":null,"twoWeekPercentChangeInDeaths":-0.13905418102098344,"twoWeekPercentChangeInHospitalizations":-0.2140768921995944,"totalVaccinationsInitiated":261351424,"totalPopulation":331486822}}
