{"10":{"level":3,"metrics":{"0":{"value":0.956942057314,"level":1},"1":{"value":0.0830314447181568,"level":1},"2":{"value":0.835,"level":2},"5":{"value":65.40159041175714,"level":3},"6":{"value":0.04302890638799545,"level":4}}},"11":{"level":3,"metrics":{"0":{"value":0.975305953775,"level":1},"1":{"value":0.047584174940817826,"level":1},"2":{"value":0.7756410256410257,"level":1},"5":{"value":36.27351933902847,"level":3},"6":{"value":0.06146236126441554,"level":4}}},"12":{"level":3,"metrics":{"0":{"value":0.916593400167,"level":1},"1":{"value":0.12345093612434185,"level":2},"2":{"value":0.816875,"level":2},"5":{"value":55.00180422706013,"level":3},"6":{"value":0.052395557315931374,"level":4}}},"13":{"level":3,"metrics":{"0":{"value":0.965012732667,"level":1},"1":{"value":0.17243462892188705,"level":2},"2":{"value":0.8774459320288363,"level":3},"5":{"value":72.11327483676057,"level":3},"6":{"value":0.038333218898785514,"level":4}}},"15":{"level":1,"metrics":{"0":{"value":0.885227657665,"level":0},"1":{"value":0.02981787099743573,"level":0},"2":{"value":0.6194690265486725,"level":0},"5":{"value":8.434983630481529,"level":1},"6":{"value":0.04469471816661393,"level":4}}},"16":{"level":3,"metrics":{"0":{"value":0.9122566576260001,"level":1},"1":{"value":0.14862149609670938,"level":2},"2":{"value":0.6493506493506493,"level":0},"5":{"value":39.12240781073196,"level":3},"6":{"value":0.03420021096042953,"level":4}}},"17":{"level":3,"metrics":{"0":{"value":0.9008124050669999,"level":1},"1":{"value":0.07281415297674441,"level":1},"2":{"value":0.6189272676214547,"level":0},"5":{"value":37.72149243585432,"level":3},"6":{"value":0.035670484928724926,"level":4}}},"18":{"level":3,"metrics":{"0":{"value":0.866466625659,"level":0},"1":{"value":0.13757662116472602,"level":2},"2":{"value":0.6989935956084172,"level":0},"5":{"value":49.80315023704877,"level":3},"6":{"value":0.047572130377814506,"level":4}}},"19":{"level":3,"metrics":{"0":{"value":0.9173003479200001,"level":1},"1":{"value":0.11078171067420306,"level":2},"2":{"value":0.6403100775193798,"level":0},"5":{"value":35.68406225082622,"level":3},"6":{"value":0.04421454991489888,"level":4}}},"20":{"level":3,"metrics":{"0":{"value":0.892805960821,"level":0},"1":{"value":0.12275823919878887,"level":2},"2":{"value":0.7134292565947242,"level":1},"5":{"value":54.7682614565896,"level":3},"6":{"value":0.03841226863976901,"level":4}}},"21":{"level":3,"metrics":{"0":{"value":0.966598676952,"level":1},"1":{"value":0.16161707590020408,"level":2},"2":{"value":0.6610537751222162,"level":0},"5":{"value":66.75574894197878,"level":3},"6":{"value":0.048758492396377265,"level":4}}},"22":{"level":3,"metrics":{"0":{"value":0.9337510441410001,"level":1},"1":{"value":0.10822040593096743,"level":2},"2":{"value":0.7659462308908803,"level":1},"5":{"value":52.76330039268556,"level":3},"6":{"value":0.05179020623413298,"level":4}}},"23":{"level":3,"metrics":{"0":{"value":1.0192152059200001,"level":1},"1":{"value":0.05134183117508426,"level":1},"2":{"value":0.7537091988130564,"level":1},"5":{"value":39.109477204063474,"level":3},"6":{"value":0.0499422710108227,"level":4}}},"24":{"level":3,"metrics":{"0":{"value":0.945004853625,"level":1},"1":{"value":0.09603596240294238,"level":1},"2":{"value":0.7836853605243991,"level":1},"5":{"value":39.515819560413384,"level":3},"6":{"value":0.04026842307234257,"level":4}}},"25":{"level":3,"metrics":{"0":{"value":0.929326337086,"level":1},"1":{"value":0.06429834685027119,"level":1},"2":{"value":0.7736982643524699,"level":1},"5":{"value":65.86452389958023,"level":3},"6":{"value":0.04448978839762565,"level":4}}},"26":{"level":2,"metrics":{"0":{"value":0.891946051409,"level":0},"1":{"value":0.07035030643475941,"level":1},"2":{"value":0.7351371951219512,"level":1},"5":{"value":22.739887033528166,"level":2},"6":{"value":0.0464527528530748,"level":4}}},"27":{"level":2,"metrics":{"0":{"value":0.840362248132,"level":0},"1":{"value":0.05550547962073637,"level":1},"2":{"value":0.6886291179596175,"level":0},"5":{"value":22.35961495359981,"level":2},"6":{"value":0.03778650805584478,"level":4}}},"28":{"level":3,"metrics":{"0":{"value":0.9336823281100001,"level":1},"1":{"value":0.1399326865967135,"level":2},"2":{"value":0.8452914798206278,"level":2},"5":{"value":63.69688767982671,"level":3},"6":{"value":0.041977400997060293,"level":4}}},"29":{"level":3,"metrics":{"0":{"value":0.8426930318520001,"level":0},"1":{"value":0.13079817071797067,"level":2},"2":{"value":0.8209583991574513,"level":2},"5":{"value":32.45659256613683,"level":3},"6":{"value":0.033436970665888056,"level":4}}},"30":{"level":3,"metrics":{"0":{"value":0.919066097113,"level":1},"1":{"value":0.08961221619449466,"level":1},"2":{"value":0.6146788990825688,"level":0},"5":{"value":34.111052863310114,"level":3},"6":{"value":0.047168822711545336,"level":4}}},"31":{"level":3,"metrics":{"0":{"value":0.946390160853,"level":1},"1":{"value":0.144401522941389,"level":2},"2":{"value":0.6298932384341637,"level":0},"5":{"value":39.68729894180988,"level":3},"6":{"value":0.049033089193179516,"level":4}}},"32":{"level":3,"metrics":{"0":{"value":0.8572347430410001,"level":0},"1":{"value":0.17668245793138254,"level":2},"2":{"value":0.8050579557428873,"level":2},"5":{"value":47.214677252896095,"level":3},"6":{"value":0.031114333170138137,"level":4}}},"33":{"level":3,"metrics":{"0":{"value":1.01657140722,"level":1},"1":{"value":0.1250602304086907,"level":2},"2":{"value":0.5936395759717314,"level":0},"5":{"value":57.95349158755059,"level":3},"6":{"value":0.051688189622647755,"level":4}}},"34":{"level":3,"metrics":{"0":{"value":0.9912125169760001,"level":1},"1":{"value":0.10287072687159489,"level":2},"2":{"value":0.5371193978788915,"level":0},"5":{"value":58.65188009456484,"level":3},"6":{"value":0.04291272760434082,"level":4}}},"35":{"level":3,"metrics":{"0":{"value":0.8824793455609999,"level":0},"1":{"value":0.09075945894616894,"level":1},"2":{"value":0.7564870259481038,"level":1},"5":{"value":42.78569483457436,"level":3},"6":{"value":0.058639021112355846,"level":4}}},"36":{"level":3,"metrics":{"0":{"value":0.976338072288,"level":1},"1":{"value":0.09293494830787992,"level":1},"2":{"value":0.6949182977195187,"level":0},"5":{"value":73.63029465769422,"level":3},"6":{"value":0.050488596920635766,"level":4}}},"37":{"level":3,"metrics":{"0":{"value":0.9494764432439999,"level":1},"1":{"value":0.11671070032157477,"level":2},"2":{"value":0.8549800796812749,"level":3},"5":{"value":65.10926386282075,"level":3},"6":{"value":0.03873510166394548,"level":4}}},"38":{"level":2,"metrics":{"0":{"value":0.8404342723379999,"level":0},"1":{"value":0.03201002203118925,"level":1},"2":{"value":0.625,"level":0},"5":{"value":18.87735418602986,"level":2},"6":{"value":0.06428085903771609,"level":4}}},"39":{"level":3,"metrics":{"0":{"value":0.915825425078,"level":1},"1":{"value":0.12330603898814874,"level":2},"2":{"value":0.7141181988742964,"level":1},"5":{"value":51.83217087469767,"level":3},"6":{"value":0.039046975387326655,"level":4}}},"40":{"level":3,"metrics":{"0":{"value":0.892179541982,"level":0},"1":{"value":0.2050470511769859,"level":3},"2":{"value":0.8652482269503546,"level":3},"5":{"value":66.93431487295278,"level":3},"6":{"value":0.05835322017775718,"level":4}}},"41":{"level":2,"metrics":{"0":{"value":0.901291419498,"level":1},"1":{"value":0.07049183394758012,"level":1},"2":{"value":0.6328800988875154,"level":0},"5":{"value":19.39767361366669,"level":2},"6":{"value":0.045652443478576304,"level":4}}},"42":{"level":3,"metrics":{"0":{"value":0.896158365719,"level":0},"1":{"value":0.11861442754613281,"level":2},"2":{"value":0.7877161598091831,"level":1},"5":{"value":44.849057662613426,"level":3},"6":{"value":0.039711876021765055,"level":4}}},"44":{"level":3,"metrics":{"0":{"value":0.9131331963789999,"level":1},"1":{"value":0.057792768705524244,"level":1},"2":{"value":0.8959537572254336,"level":3},"5":{"value":72.82017852541027,"level":3},"6":{"value":0.045177234200617165,"level":4}}},