{"type":"Topology","transform":{"scale":[0.0017669797703825888,0.0012461673481723521],"translate":[-117.24334975974868,41.98880839915642]},"arcs":[[[2220,1801],[184,1]],[[2404,1802],[1,-210],[170,0]],[[2575,1592],[-2,-281]],[[2573,1311],[-1,-66],[-66,-4],[0,-69],[-68,0],[-6,-132],[-34,0]],[[2398,1040],[-201,0],[0,66],[-155,0],[1,105],[-38,70],[-55,-13]],[[1950,1268],[22,44],[131,77],[65,78],[29,-16],[-52,62],[-2,149],[23,0],[0,139],[54,0]],[[146,1519],[18,-36],[57,-35],[80,11]],[[301,1459],[113,0]],[[414,1459],[22,-139],[0,-140],[-23,0],[1,-136]],[[414,1044],[-38,13],[-25,52],[-89,85],[-34,93],[-38,6],[-67,64]],[[123,1357],[1,116],[22,46]],[[1220,970],[279,0]],[[1499,970],[0,-278]],[[1499,692],[-13,-9],[0,-153]],[[1486,530],[-110,13],[-22,68],[-44,12],[15,76],[-33,44],[-44,-3]],[[1248,740],[-28,3],[0,227]],[[1248,626],[0,114]],[[1486,530],[137,-41],[139,-83],[48,28],[25,-2]],[[1835,432],[-7,-6],[-30,-4],[-2,-78],[-122,0],[2,-340]],[[1676,4],[-179,1],[-171,4],[-78,-1]],[[1248,8],[0,618]],[[115,4315],[233,5],[24,34],[145,-1]],[[517,4353],[0,-314]],[[517,4039],[-73,12],[-213,-4],[-116,76]],[[115,4123],[0,22],[0,84],[0,86]],[[1835,432],[39,7]],[[1874,439],[86,17],[47,-30],[79,110],[48,10]],[[2134,546],[56,15],[39,-47],[39,-3]],[[2268,511],[34,-29],[98,-1],[1,-209]],[[2401,272],[0,-264]],[[2401,8],[-140,-2],[-140,-2],[-182,-4],[-127,4],[-136,0]],[[495,3593],[34,-43],[71,-9],[8,-24]],[[608,3517],[24,-58],[65,-59],[-68,-8],[-33,-49],[-134,39],[-30,-66],[-28,-96],[-62,28],[-35,-32]],[[307,3216],[-7,264],[127,0],[72,22],[-4,91]],[[1874,623],[95,0],[29,68],[-1,281]],[[1997,972],[171,-1],[0,-280],[-34,0],[0,-145]],[[1874,439],[0,184]],[[448,1736],[53,-1],[33,236]],[[534,1971],[50,48],[31,-4]],[[615,2015],[3,-140],[-34,-1],[0,-138]],[[584,1736],[-35,-1],[-4,-276]],[[545,1459],[-131,0]],[[301,1459],[0,140],[79,-1],[23,69],[45,0],[0,69]],[[517,4039],[0,-70]],[[517,3969],[1,-247],[-72,1]],[[446,3723],[-96,-1],[-53,-68],[-182,-1]],[[115,3653],[0,470]],[[252,3099],[28,16],[27,101]],[[608,3517],[66,-12],[31,-40],[116,-32],[21,14],[13,63],[46,46],[11,42],[589,144]],[[1501,3742],[25,-6],[53,3],[52,16],[14,-11],[9,-6],[-6,-56],[-12,-56],[-29,-7],[11,-70],[-22,-20],[-5,-60],[-5,-30],[-5,-29],[2,-51],[-39,-5],[-4,-34],[35,-23],[-11,-54],[22,-33],[22,-22],[-6,-40],[14,-23],[-20,-22],[-53,-16],[-26,-45],[33,-46],[3,-43],[-21,-14],[-1,-36],[8,-17]],[[1539,2886],[-79,-92],[-74,31],[0,-58],[108,-114],[-51,-79]],[[1443,2574],[-725,-1],[0,20],[-60,-54],[-23,5],[-13,-41]],[[622,2503],[-78,21],[-34,107],[-197,1]],[[313,2632],[9,37],[49,103],[48,99],[23,40],[-37,52],[-4,43],[-33,35],[-41,3],[-40,36],[-29,11],[-6,8]],[[1275,1501],[81,-34],[75,-2],[27,-61],[-9,-119],[54,-25],[-5,-22],[50,-41],[-22,-35],[7,-83],[79,-6],[11,-102]],[[1623,971],[-124,-1]],[[1220,970],[2,326],[42,75],[-19,39],[30,91]],[[2543,772],[41,56],[347,1]],[[2931,829],[-10,-58],[-39,-44],[17,-50],[-12,-55],[20,-51],[77,15],[30,-81],[24,-162]],[[3038,343],[-13,-128],[-49,23],[-80,0]],[[2896,238],[-37,53],[-77,-22],[17,105],[-70,39]],[[2729,413],[23,115],[-66,70],[-11,141],[-24,41],[-20,9],[-81,-54],[-7,37]],[[2404,1802],[103,-3],[-7,140]],[[2500,1939],[3,2],[-4,28],[53,46],[15,3],[60,-10],[72,-8],[49,-26],[16,65],[41,32],[37,-20],[54,-13],[52,8],[92,21],[36,-42],[59,39],[49,-3]],[[3184,2061],[0,-124],[-99,-1],[0,-67],[-34,0],[-3,-104],[-32,-35],[-68,0],[0,-70],[-69,0]],[[2879,1660],[-304,1],[0,-69]],[[1376,2262],[50,67],[17,245]],[[1539,2886],[10,-21],[28,-12],[50,-41],[50,-10],[16,46],[37,6],[58,47],[39,40],[0,34],[25,4],[13,-15],[28,-31],[21,-16],[31,-17],[2,-64],[24,-34],[-1,-42],[17,-35],[-2,-48],[49,-72],[42,-86],[37,-23],[33,-32],[8,-42],[-6,-43],[-15,-35],[30,-54],[25,-7],[43,-28],[31,19],[65,-47],[18,-45],[29,-64],[-7,-40],[31,-48],[0,-37],[32,-44],[39,-30],[31,20]],[[2220,1801],[-11,69],[-63,110],[-29,-27],[-177,58],[-117,126],[-35,83],[-29,-20],[-46,12],[15,63],[-18,44],[-69,-68],[-35,-60],[11,-39],[-52,-61],[-48,-15],[-57,69],[-44,-7],[-45,75],[5,49]],[[119,5626],[156,0],[193,0],[208,1],[0,-401]],[[676,5226],[-416,-1],[-1,279],[-140,-1]],[[119,5503],[0,123]],[[2398,900],[-1,-198],[109,0],[37,70]],[[2729,413],[-44,0],[0,-70],[-87,0],[0,-70],[-197,-1]],[[2268,511],[32,40],[0,70],[-32,0],[-4,279],[134,0]],[[117,3560],[-2,37],[0,56]],[[446,3723],[2,-111],[47,8],[0,-27]],[[252,3099],[-35,46],[-15,41],[-17,29],[-15,53],[-22,19],[26,47],[7,22],[-22,23],[-1,44],[-19,40],[-37,40],[16,44],[-1,13]],[[2879,1660],[0,-69],[101,0],[0,-35]],[[2980,1556],[-3,-139],[28,10],[174,-113]],[[3179,1314],[-506,0]],[[2673,1314],[-67,0],[-33,-3]],[[1623,971],[374,1]],[[1874,623],[-67,0],[0,35],[-167,1],[-11,33],[-130,0]],[[2931,829],[268,-2]],[[3199,827],[309,0]],[[3508,827],[0,-45],[1,-193],[-1,-168]],[[3508,421],[-71,-32],[-37,4],[-3,99],[-22,-39],[-50,30],[-134,0],[-17,-16],[20,-124]],[[3194,343],[-76,12],[-80,-12]],[[545,1459],[10,-11],[153,-159],[10,-3]],[[718,1286],[0,-182],[-2,-202],[-163,-1]],[[553,901],[-67,65],[-23,81],[-49,-3]],[[2398,900],[0,140]],[[2673,1314],[0,-162],[236,0],[33,-12],[0,-35],[126,0],[-1,-67],[134,-1],[-2,-210]],[[3184,2061],[31,-1],[24,22],[29,77],[7,13],[10,20],[30,27],[5,-3],[30,-21],[31,-45],[25,-36],[13,-38],[33,-32],[12,-34],[42,-15],[0,-80],[0,-209],[1,-105]],[[3507,1601],[-80,-41],[-120,-8]],[[3307,1552],[-57,5],[-33,-37],[-158,12],[-79,24]],[[718,1286],[56,0],[53,45],[48,14],[29,28],[30,79],[25,-4],[19,70],[129,44],[51,107],[-19,24],[33,-11],[19,-80],[40,-36],[44,8]],[[1275,1574],[11,-10]],[[1286,1564],[-15,-19],[4,-44]],[[1248,626],[-236,-1],[7,131],[-92,5],[-21,14],[-72,-13],[-88,50],[-23,-46],[-26,5],[-144,130]],[[196,1737],[252,-1]],[[146,1519],[5,11],[10,70],[12,38],[-22,45],[45,54]],[[2896,238],[31,-38],[-22,-55],[0,-138]],[[2905,7],[0,0],[-28,1],[-60,2],[-216,-1],[-200,-1],[0,0]],[[584,1736],[56,-3],[6,71],[329,-1],[67,19],[25,70],[36,-5]],[[1103,1887],[65,-35],[7,-75],[79,-36],[-11,-82],[32,-85]],[[261,2479],[16,29],[33,113],[3,11]],[[622,2503],[31,-36],[-54,-141],[-12,-97],[28,-51],[-15,-93],[15,-70]],[[534,1971],[-61,-1],[-67,38],[-1,100],[-54,37],[-1,142],[-150,1]],[[200,2288],[14,24],[18,47],[-14,40],[10,42],[32,37],[1,1]],[[3508,421],[-1,-131],[0,-280],[-185,0],[-56,-1],[-20,0]],[[3246,9],[-2,47],[-50,32],[-15,89],[42,114],[-27,52]],[[1950,1268],[-44,66],[-55,45],[-34,57],[-23,-32],[-114,74],[-10,45],[-126,7],[-26,-41],[-68,67],[-75,0],[0,52],[-34,0],[-55,-44]],[[1103,1887],[37,67],[-11,77],[-32,49],[14,26],[63,27],[9,65],[36,34],[76,-40],[81,70]],[[517,3969],[391,-1],[383,-1]],[[1291,3967],[19,-15],[-9,-37],[36,-45],[51,-27],[13,-32],[39,2],[12,-7],[29,-15],[3,-44],[17,-5]],[[3507,1601],[0,-61],[0,-177],[1,-150]],[[3508,1213],[-87,31],[-26,66],[-88,1]],[[3307,1311],[0,241]],[[3246,9],[-138,-1],[-203,-1]],[[517,4353],[4,383]],[[521,4736],[-3,102],[27,34],[91,-21],[46,-39]],[[682,4812],[5,-9],[40,-61],[33,-44],[32,-22],[5,-44],[63,-51],[-7,-34],[24,-25],[-15,-38],[2,-35],[46,-41],[-33,-20],[-9,-31],[74,-41],[26,-43],[35,-23],[56,-16],[25,-7],[20,-37],[20,-29],[38,-35],[39,-56],[28,-31],[22,-41],[40,-31]],[[1248,8],[-156,-2],[-177,1],[-137,-1],[-262,1],[-166,0],[-223,2],[-4,0],[0,304],[0,344],[0,174],[0,459],[0,67]],[[114,4861],[1,63],[3,239],[1,188],[0,152]],[[676,5226],[0,-16],[0,-138],[0,-75],[0,-73],[0,-100],[6,-12]],[[521,4736],[-103,0],[1,81],[-73,-11],[-232,0]],[[114,4806],[0,55]],[[3179,1314],[34,-3],[94,0]],[[3508,1213],[0,-148],[0,-196],[0,-42]],[[115,4315],[-1,297],[0,194]],[[196,1737],[1,1],[-4,20],[-36,12],[-3,33],[-50,2],[-35,32],[-28,-15],[-26,24],[3,6],[11,26],[-14,25],[-15,25],[16,29],[-6,42],[33,35],[14,28],[27,75],[19,60],[27,24],[46,24],[24,43]]],"objects":{"cb_2015_idaho_county_20m":{"type":"GeometryCollection","geometries":[{"arcs":[[0,1,2,3,4,5]],"type":"Polygon","properties":{"STATEFP":"16","COUNTYFP":"023","COUNTYNS":"00401703","AFFGEOID":"0500000US16023","GEOID":"16023","NAME":"Butte","LSAD":"06","ALAND":5791731101,"AWATER":5258025}},{"arcs":[[6,7,8,9,10]],"type":"Polygon","properties":{"STATEFP":"16","COUNTYFP":"027","COUNTYNS":"00399406",