{"type":"Topology","transform":{"scale":[0.0017666762458872192,0.0012461409442199435],"translate":[-79.486842079559,37.916735837461836]},"arcs":[[[2193,291],[140,9],[31,47],[-18,83]],[[2346,430],[89,-1],[77,0],[-21,-102],[-10,-10],[-22,-73],[-20,-73],[-9,-27],[-27,-55],[-217,-27]],[[2186,62],[-21,38],[68,39],[-2,71],[-38,81]],[[1148,1045],[98,64],[13,9],[53,35]],[[1312,1153],[-11,-12],[30,-50],[36,-18],[55,-74],[9,-22],[39,-3]],[[1470,974],[-10,-11],[-38,-82],[-16,-40]],[[1406,841],[-22,24],[-45,-49],[-15,24],[-31,3],[-27,15],[1,32],[0,1],[-35,20],[-11,3],[-16,5],[-59,11],[-10,24],[-22,12],[-1,32],[20,20],[15,27],[0,0]],[[1862,753],[53,21],[4,50],[83,-21]],[[2002,803],[30,-82],[-67,-71],[39,-42]],[[2004,608],[-46,-81],[-81,54]],[[1877,581],[-3,26],[-14,-1],[-22,33],[-20,0],[-27,-27],[-15,6],[5,35],[-29,22],[6,25],[40,7],[22,43],[29,-31],[16,13],[-3,21]],[[1284,1447],[124,0],[4,0],[116,1]],[[1528,1448],[-10,-36],[-50,-176],[3,-13],[8,-67],[-5,-6]],[[1474,1150],[-124,15],[-38,-12]],[[1312,1153],[35,111],[-52,67],[-61,35],[50,81]],[[2044,243],[60,53],[60,11],[29,-16]],[[2186,62],[-26,-35],[-29,17],[-35,1],[-44,-44],[-18,-1],[-3,46],[23,52],[-1,17],[-2,33],[-42,19],[-3,50],[44,11],[-6,15]],[[1947,87],[22,9],[16,-25],[-3,-54],[-35,13],[0,57]],[[1823,892],[31,-29],[31,82],[61,55],[22,61],[81,17],[62,-11]],[[2111,1067],[5,-83]],[[2116,984],[-49,-28],[-60,-106],[-5,-47]],[[1862,753],[-5,30],[1,28],[-27,0],[-38,-13],[-9,-41],[-24,-8],[9,71],[22,54],[12,27],[20,-9]],[[315,1449],[69,1],[48,0],[194,-1],[22,0]],[[648,1449],[17,-24],[-12,-51]],[[653,1374],[-28,-5],[-31,-48],[-13,-30],[-4,0],[-70,4],[-36,11],[-29,9],[-19,44],[-18,23],[-45,-68],[-52,-60],[-8,-32],[-44,27],[-19,0]],[[237,1249],[0,5],[8,21],[70,174]],[[6,1448],[47,0],[197,1],[65,0]],[[237,1249],[-13,-1],[-43,-57],[-54,-60],[-12,-13],[-40,-26],[-40,-40],[-35,-18],[1,111],[2,151],[3,152]],[[1939,1180],[45,-17],[121,9]],[[2105,1172],[0,0],[4,-65],[2,-40]],[[1823,892],[19,-8],[-1,58],[-7,23],[-18,21],[20,54],[18,46],[19,23],[10,30],[28,29],[28,12]],[[1385,698],[0,5],[34,36],[40,44],[-53,58]],[[1470,974],[28,-22]],[[1498,952],[5,-28],[23,-18],[22,-9],[46,-103],[-23,-72],[14,-54]],[[1585,668],[-9,-30],[15,-141]],[[1591,497],[-37,19],[-4,46],[-65,34],[-84,-6],[-21,-28],[-21,71]],[[1359,633],[3,4],[15,0],[7,22],[0,7],[1,32]],[[1333,577],[-1,31],[27,25]],[[1591,497],[1,-29]],[[1592,468],[-54,11],[-58,-99],[25,-106]],[[1505,274],[-21,9],[-33,34],[-30,29],[-15,60],[-8,19],[-34,-17],[-27,-11],[-49,-24],[-28,44],[8,82],[35,50],[31,11],[-1,17]],[[2004,608],[61,24],[74,-55]],[[2139,577],[0,0],[3,-60]],[[2142,517],[-69,-64],[-23,-104],[-36,-43],[3,-41]],[[2017,265],[-12,2],[-54,5],[4,-55],[12,-52],[3,-36],[-24,8],[-27,30],[4,55],[-26,31],[-47,59],[-22,16],[4,30],[-17,33],[-32,71],[33,40],[-7,22],[6,32],[28,4],[15,-3],[22,0],[-3,24]],[[1841,1448],[56,0],[183,1],[13,0],[12,-277]],[[1939,1180],[11,5],[20,17],[-4,31],[-14,-1]],[[1952,1232],[-2,34],[-30,59],[-67,95],[-12,28]],[[2116,984],[14,-252],[9,-155]],[[1528,1448],[40,0],[83,0]],[[1651,1448],[2,-47],[19,-95],[63,-53],[19,-15],[8,-31],[38,-89],[-11,-30]],[[1789,1088],[-14,-19],[-26,-14],[-16,-21],[-22,0],[-20,-1],[-3,-4]],[[1688,1029],[-14,15]],[[1674,1044],[0,63],[-1,61],[-54,0],[-38,0],[-10,-8],[0,-7],[0,-61],[15,-9],[14,-9],[9,-5]],[[1609,1069],[-30,-28]],[[1579,1041],[-12,9],[-43,32],[0,39],[-50,29]],[[1674,1044],[-29,-9],[-36,34]],[[1651,1448],[85,0],[102,0],[3,0],[0,0]],[[1952,1232],[-13,0],[-48,-38],[-44,-42],[-41,-41],[-17,-23]],[[1592,468],[37,-60],[60,-42],[28,-54],[30,12]],[[1747,324],[-2,-7],[16,-12],[-10,-46],[22,-49],[19,-32],[-6,-31],[5,-51],[-28,35],[-33,32],[-29,-3],[-34,30],[-28,49],[-47,16],[-38,1],[-37,13],[-12,5]],[[786,1449],[13,0],[174,-1],[169,-1],[1,0]],[[1143,1447],[-58,-80],[-48,-202],[-13,-41]],[[1024,1124],[-23,3],[-15,26],[3,38],[-33,60],[-7,20],[-7,20],[-4,50],[-54,16],[-46,-5],[-12,15],[-31,41],[-81,-10],[-49,-22],[-12,-2]],[[648,1449],[0,0],[138,0]],[[2142,517],[1,-14],[4,-67],[121,-5],[78,-1]],[[2044,243],[-7,18],[-20,4]],[[1498,952],[7,5],[8,10],[15,5],[3,14],[9,15],[11,12],[13,3],[6,8],[0,7],[9,10]],[[1688,1029],[-12,-17],[55,-37],[4,-41],[0,-31],[15,-25],[-31,-23],[-12,-21],[11,-12],[-10,-27],[-3,-4],[-9,-15],[-15,-27],[15,-10],[-21,-40],[-18,-25],[18,-25],[0,-10]],[[1675,639],[-50,7],[-16,39],[-24,-17]],[[1675,639],[-1,-39],[10,-39],[-4,-61],[14,-45],[24,-33],[33,-42],[3,-23],[-7,-33]],[[1143,1447],[5,0],[123,0],[13,0]],[[1148,1045],[-21,25],[-32,23],[-20,18],[-44,12],[-7,1]]],"objects":{"cb_2015_maryland_county_20m":{"type":"GeometryCollection","geometries":[{"arcs":[[0,1,2]],"type":"Polygon","properties":{"STATEFP":"24","COUNTYFP":"047","COUNTYNS":"01668802","AFFGEOID":"0500000US24047","GEOID":"24047","NAME":"Worcester","LSAD":"06","ALAND":1212833034,"AWATER":586833648}},{"arcs":[[3,4,5,6]],"type":"Polygon","properties":{"STATEFP":"24","COUNTYFP":"031","COUNTYNS":"01712500","AFFGEOID":"0500000US24031","GEOID":"24031","NAME":"Montgomery","LSAD":"06","ALAND":1276634446,"AWATER":36245371}},{"arcs":[[7,8,9,10]],"type":"Polygon","properties":{"STATEFP":"24","COUNTYFP":"041","COUNTYNS":"00592947","AFFGEOID":"0500000US24041","GEOID":"24041","NAME":"Talbot","LSAD":"06","ALAND":695511462,"AWATER":539408789}},{"arcs":[[11,12,13,14]],"type":"Polygon","properties":{"STATEFP":"24","COUNTYFP":"013","COUNTYNS":"01696228","AFFGEOID":"0500000US24013","GEOID":"24013","NAME":"Carroll","LSAD":"06","ALAND":1159279157,"AWATER":13186232}},{"arcs":[[[15,-3,16]],[[17]]],"type":"MultiPolygon","properties":{"STATEFP":"24","COUNTYFP":"039","COUNTYNS":"00596907","AFFGEOID":"0500000US24039","GEOID":"24039","NAME":"Somerset","LSAD":"06","ALAND":828090980,"AWATER":752713771}},{"arcs":[[18,19,20,-8,21]],"type":"Polygon","properties":{"STATEFP":"24","COUNTYFP":"035","COUNTYNS":"00596089","AFFGEOID":"0500000US24035","GEOID":"24035","NAME":"Queen Anne's","LSAD":"06","ALAND":962645491,"AWATER":360037121}},{"arcs":[[22,23,24,25]],"type":"Polygon","properties":{"STATEFP":"24","COUNTYFP":"001","COUNTYNS":"01713506","AFFGEOID":"0500000US24001","GEOID":"24001","NAME":"Allegany","LSAD":"06","ALAND":1098572104,"AWATER":14940164}},{"arcs":[[26,-26,27]],"type":"Polygon","properties":{"STATEFP":"24","COUNTYFP":"023","COUNTYNS":"01711058","AFFGEOID":"0500000US24023","GEOID":"24023","NAME":"Garrett","LSAD":"06","ALAND":1675988217,"AWATER":22363868}},{"arcs":[[28,29,-19,30]],"type":"Polygon","properties":{"STATEFP":"24","COUNTYFP":"029","COUNTYNS":"00593907","AFFGEOID":"0500000US24029","GEOID":"24029","NAME":"Kent","LSAD":"06","ALAND":717510795,"AWATER":353308111}},{"arcs":[[31,-6,32,33,34,35,36]],"type":"Polygon","properties":{"STATEFP":"24","COUNTYFP":"033","COUNTYNS":"01714670","AFFGEOID":"0500000US24033","GEOID":"24033","NAME":"Prince George's","LSAD":"06","ALAND":1250211154,"AWATER":41768855}},{"arcs":[[37,-36,38,39,40]],"type":"Polygon","properties":{"STATEFP":"24","COUNTYFP":"017","COUNTYNS":"01676992","AFFGEOID":"0500000US24017","GEOID":"24017","NAME":"Charles","LSAD":"06","ALAND":1185653700,"AWATER":479519793}},{"arcs":[[-10,41,42,43,44]],"type":"Polygon","properties":{"STATEFP":"24","COUNTYFP":"019","COUNTYNS":"00596495","AFFGEOID":"0500000US24019","GEOID":"24019","NAME":"Dorchester","LSAD":"06","ALAND":1400542045,"AWATER":1145386121}},{"arcs":[[45,-29,46,47]],"type":"Polygon","properties":{"STATEFP":"24","COUNTYFP":"015","COUNTYNS":"00596115","AFFGEOID":"0500000US24015","GEOID":"24015","NAME":"Cecil","LSAD":"06","ALAND":896861126,"AWATER":185332636}},{"arcs":[[-21,48,-42,-9]],"type":"Polygon","properties":{"STATEFP":"24","COUNTYFP":"011","COUNTYNS":"00595737","AFFGEOID":"0500000US24011","GEOID":"24011","NAME":"Caroline","LSAD":"06","ALAND":827350233,"AWATER":16777062}},{"arcs":[[49,50,51,52,53,54,55,-13]],"type":"Polygon","properties":{"STATEFP":"24","COUNTYFP":"005","COUNTYNS":"01695314","AFFGEOID":"0500000US24005","GEOID":"24005","NAME":"Baltimore","LSAD":"06","ALAND":1549750692,"AWATER":215989606}},{"arcs":[[56,-54]],"type":"Polygon",