{"type":"Topology","transform":{"scale":[0.001765973231065934,0.0012459207351785677],"translate":[-75.55931761366836,38.92790492617621]},"arcs":[[[532,1161],[18,15],[2,20],[54,45],[17,13],[-37,63],[35,24]],[[621,1341],[11,-2],[48,6],[31,4],[7,-14],[50,1]],[[768,1336],[-8,-27],[-18,-11],[-7,-35],[0,-30],[21,-13]],[[756,1220],[-7,-4],[-31,-57],[-20,-22],[-39,-53],[-50,-21]],[[609,1063],[-79,58],[2,40]],[[799,1492],[33,-20],[1,4],[-1,7],[0,3],[7,11],[0,2],[4,1],[5,7],[10,2],[19,12],[3,3],[4,-3],[1,1],[3,-2],[-1,-6],[5,-14]],[[892,1500],[-17,-33],[-5,-15],[-1,-3],[-4,-9],[-5,-16],[-4,-9],[0,-1],[-11,-16],[-2,-2],[-9,-13],[-42,-4]],[[792,1379],[10,17],[4,6]],[[806,1402],[11,28],[-1,24],[-27,7],[10,31]],[[448,1592],[32,-10],[43,35],[-3,17],[59,76],[19,22]],[[598,1732],[3,-41],[28,15],[48,-32],[37,-9],[15,-84]],[[729,1581],[-31,8],[-23,-118],[-3,-17]],[[672,1454],[-4,-10],[-37,-32],[-9,-11]],[[622,1401],[-35,-20],[5,39],[-24,49],[-57,-19],[-39,-12]],[[472,1438],[-56,18],[-37,37]],[[379,1493],[22,12],[47,87]],[[82,702],[14,12],[22,19],[5,4],[28,2],[19,5],[22,5],[5,5],[16,12],[24,10]],[[237,776],[30,-92],[89,-71],[30,-67]],[[386,546],[-19,-23],[-42,-52]],[[325,471],[-43,44]],[[282,515],[-78,78],[-101,48],[0,16],[-17,33],[-19,-5]],[[67,685],[15,17]],[[756,1220],[10,-6],[28,5],[28,-3],[34,-20],[16,42],[12,5],[12,-55],[3,-49],[-6,-55],[-11,-50],[-16,-74],[-3,-17]],[[863,943],[-41,28],[-26,-30],[-62,54],[-81,3],[-83,-74]],[[570,924],[-20,48]],[[550,972],[-15,34],[41,28],[33,29]],[[863,943],[-16,-99],[-8,-55],[-8,-89],[-5,-35],[0,0],[-51,-105],[-57,-94]],[[718,466],[-51,-8],[-20,47]],[[647,505],[10,16],[5,158],[-25,65],[-67,180]],[[729,1581],[43,-31],[37,-32]],[[809,1518],[-5,-11],[-5,-15]],[[806,1402],[-41,12],[-44,26],[-7,-6],[-42,20]],[[332,898],[23,18],[39,11],[21,33],[32,5],[25,17]],[[472,982],[7,1],[6,25],[65,-36]],[[647,505],[-23,-7],[-112,63],[-39,77],[-7,6]],[[466,644],[-40,43],[-54,6],[-34,104],[-12,5],[-1,4],[6,5],[-8,3],[-3,-2],[-12,6],[1,8],[-2,2],[-1,7],[-23,20]],[[283,855],[0,0],[39,36],[10,7]],[[325,471],[73,-72],[-3,-81]],[[395,318],[-36,-102],[6,-16]],[[365,200],[-47,11],[-29,20],[-24,-4],[-26,-23],[-17,33],[-26,32],[-18,18],[-23,6],[-23,32],[-17,12],[-24,26],[-10,7]],[[81,370],[1,52],[99,85],[88,-81],[13,89]],[[81,370],[-15,11],[-13,29],[-40,18],[5,30],[0,30],[8,34],[-17,15],[-9,27],[14,14],[14,31],[18,23],[11,41],[10,12]],[[598,1732],[77,95]],[[675,1827],[37,-25],[38,-24],[12,-8]],[[762,1770],[-21,-58],[-12,-34],[57,-34],[17,-8],[5,-36],[15,-50],[-14,-32]],[[622,1401],[31,-5],[1,-10],[-13,-31],[-20,-14]],[[532,1161],[-2,8],[-56,-8],[-15,40]],[[459,1201],[-28,73],[48,55],[-7,109]],[[489,1950],[135,-88],[51,-35]],[[448,1592],[-12,16],[-99,129],[-11,11]],[[326,1748],[2,4],[42,36],[22,58],[29,55],[31,35],[37,14]],[[792,1379],[-6,-1],[-16,-11],[-2,0],[0,-31]],[[247,1635],[-6,12],[36,31],[31,34],[13,26],[5,10]],[[379,1493],[-44,-61],[-9,-6],[-92,-61],[-24,-29]],[[210,1336],[0,13],[-1,23],[-1,32],[0,31],[8,39],[38,21],[1,0],[10,47],[15,29],[-19,33],[-14,31]],[[386,546],[43,53],[37,45]],[[718,466],[0,0],[-7,-30],[-36,-55],[-26,-33],[-61,-38],[-11,-11]],[[577,299],[-64,-9],[-118,28]],[[237,776],[4,2],[-1,40],[9,15],[34,22]],[[459,1201],[-61,-63],[-41,-5]],[[357,1133],[-10,14],[-13,34],[-31,3],[-18,10],[-8,31],[4,21],[-9,54],[-33,22],[-28,-5],[-1,19]],[[472,982],[2,1],[-15,25],[-7,12],[-36,34],[-18,29],[-27,30],[-14,20]],[[577,299],[-23,-24],[-37,-47],[-14,-26],[-25,-48],[5,-13],[-41,-65],[-17,-29],[-32,-37],[-39,-10],[-19,4],[7,55],[29,69],[10,45],[-11,25],[-5,2]],[[762,1770],[98,-60],[83,-49],[0,0],[-8,-37],[-7,-26],[-1,-4],[-7,-25],[-2,-7],[-5,-13],[-11,-27],[-1,-3],[-2,-4],[-7,-15]]],"objects":{"cb_2015_new_jersey_county_20m":{"type":"GeometryCollection","geometries":[{"arcs":[[0,1,2,3,4]],"type":"Polygon","properties":{"STATEFP":"34","COUNTYFP":"023","COUNTYNS":"00882230","AFFGEOID":"0500000US34023","GEOID":"34023","NAME":"Middlesex","LSAD":"06","ALAND":800430391,"AWATER":35670780}},{"arcs":[[5,6,7,8]],"type":"Polygon","properties":{"STATEFP":"34","COUNTYFP":"017","COUNTYNS":"00882278","AFFGEOID":"0500000US34017","GEOID":"34017","NAME":"Hudson","LSAD":"06","ALAND":119573183,"AWATER":41957227}},{"arcs":[[9,10,11,12,13,14,15]],"type":"Polygon","properties":{"STATEFP":"34","COUNTYFP":"027","COUNTYNS":"00882231","AFFGEOID":"0500000US34027","GEOID":"34027","NAME":"Morris","LSAD":"06","ALAND":1192173860,"AWATER":55314215}},{"arcs":[[16,17,18,19,20,21]],"type":"Polygon","properties":{"STATEFP":"34","COUNTYFP":"015","COUNTYNS":"00882277","AFFGEOID":"0500000US34015","GEOID":"34015","NAME":"Gloucester","LSAD":"06","ALAND":834029457,"AWATER":39256273}},{"arcs":[[-4,22,23,24,25]],"type":"Polygon","properties":{"STATEFP":"34","COUNTYFP":"025","COUNTYNS":"00882910","AFFGEOID":"0500000US34025","GEOID":"34025","NAME":"Monmouth","LSAD":"06","ALAND":1213170996,"AWATER":509997774}},{"arcs":[[-24,26,27,28]],"type":"Polygon","properties":{"STATEFP":"34","COUNTYFP":"029","COUNTYNS":"00882279","AFFGEOID":"0500000US34029","GEOID":"34029","NAME":"Ocean","LSAD":"06","ALAND":1628693208,"AWATER":742185053}},{"arcs":[[29,30,-9,31,-12]],"type":"Polygon","properties":{"STATEFP":"34","COUNTYFP":"013","COUNTYNS":"00882276","AFFGEOID":"0500000US34013","GEOID":"34013","NAME":"Essex","LSAD":"06","ALAND":326923172,"AWATER":8819138}},{"arcs":[[32,33,-25,-29,34,35,36]],"type":"Polygon","properties":{"STATEFP":"34","COUNTYFP":"005","COUNTYNS":"00882272","AFFGEOID":"0500000US34005","GEOID":"34005","NAME":"Burlington","LSAD":"06","ALAND":2068300220,"AWATER":55071387}},{"arcs":[[-20,37,38,39,40]],"type":"Polygon","properties":{"STATEFP":"34","COUNTYFP":"011","COUNTYNS":"00882275","AFFGEOID":"0500000US34011","GEOID":"34011","NAME":"Cumberland","LSAD":"06","ALAND":1252937239,"AWATER":502091171}},{"arcs":[[-21,-41,41]],"type":"Polygon","properties":{"STATEFP":"34","COUNTYFP":"033","COUNTYNS":"00882233","AFFGEOID":"0500000US34033","GEOID":"34033","NAME":"Salem","LSAD":"06","ALAND":859872501,"AWATER":104455871}},{"arcs":[[42,43,44,-30,-11]],"type":"Polygon","properties":{"STATEFP":"34","COUNTYFP":"031","COUNTYNS":"00882232","AFFGEOID":"0500000US34031","GEOID":"34031","NAME":"Passaic","LSAD":"06","ALAND":480898988,"AWATER":32017797}},{"arcs":[[-14,45,-1,46,47]],"type":"Polygon","properties":{"STATEFP":"34","COUNTYFP":"035","COUNTYNS":"00882234","AFFGEOID":"0500000US34035","GEOID":"34035","NAME":"Somerset","LSAD":"06","ALAND":781584258,"AWATER":7882445}},{"arcs":[[48,-43,-10,49,50]],"type":"Polygon","properties":{"STATEFP":"34","COUNTYFP":"037","COUNTYNS":"00882236","AFFGEOID":"0500000US34037","GEOID":"34037","NAME":"Sussex","LSAD":"06","ALAND":1341722616,"AWATER":43476185}},{"arcs":[[-46,-13,-32,-8,51,-2]],"type":"Polygon","properties":{"STATEFP":"34","COUNTYFP":"039","COUNTYNS":"00882235","AFFGEOID":"0500000US34039","GEOID":"34039","NAME":"Union","LSAD":"06","ALAND":266425133,"AWATER":6573926}},{"arcs":[[52,-50,-16,53,54]],"type":"Polygon","properties":{"STATEFP":"34","COUNTYFP":"041","COUNTYNS":"00882237","AFFGEOID":"0500000US34041","GEOID":"34041","NAME":"Warren","LSAD":"06","ALAND":924474633,"AWATER":15273016}},{"arcs":[[55,-35,-28,56,57,-38,-19]],"type":"Polygon","properties":{"STATEFP":"34","COUNTYFP":"001","COUNTYNS":"00882270","AFFGEOID":"0500000US34001","GEOID":"34001","NAME":"Atlantic","LSAD":"06","ALAND":1439256827,"AWATER":300767732}},{"arcs":[[-36,-56,-18,58]],"type":"Polygon","properties":{"STATEFP":"34","COUNTYFP":"007","COUNTYNS":"00882273","AFFGEOID":"0500000US34007","GEOID":"34007","NAME":"Camden","LSAD":"06","ALAND":573077187,"AWATER":15607750}},{"arcs":[[-54,-15,-48,59,60]],"type":"Polygon","properties":{"STATEFP":"34","COUNTYFP":"019","COUNTYNS":"00882228","AFFGEOID":"0500000US34019","GEOID":"34019","NAME":"Hunterdon","LSAD":"06","ALAND":1108086745,"AWATER":24897574}},{"arcs":[[-60,-47,-5,-26,-34,61]],"type":"Polygon","properties":{"STATEFP":"34","COUNTYFP":"021","COUNTYNS":"00882229","AFFGEOID":"0500000US34021","GEOID":"34021","NAME":"Mercer","LSAD":"06","ALAND":581629671,