{"type":"Topology","transform":{"scale":[0.0017670053603652154,0.001246103555165027],"translate":[-109.04923396760276,31.332929221657775]},"arcs":[[[2376,953],[5,0],[1,355],[580,2]],[[2962,1310],[1,-356],[51,0],[0,-418]],[[3014,536],[-146,0],[-25,0],[-349,0],[-116,0]],[[2378,536],[-2,417]],[[2,3748],[804,-2]],[[806,3746],[179,-1],[-1,-557]],[[984,3188],[-179,0],[0,34],[-60,0],[0,-34],[-416,1],[0,-6],[-1,-273],[-326,0]],[[2,2910],[0,173],[-1,152],[1,201],[0,213],[0,99]],[[1122,2908],[24,-69],[172,-1],[19,29],[149,-3],[5,-8],[2,-17]],[[1493,2839],[-30,-1],[0,-47],[-1,-75],[-2,-158],[29,1],[1,-66]],[[1490,2493],[-199,73],[-65,39],[-182,0]],[[1044,2605],[0,304],[78,-1]],[[1585,3719],[2,-29]],[[1587,3690],[-2,-73],[43,-9],[-43,-58]],[[1585,3550],[-96,51],[10,113],[86,5]],[[2167,4544],[37,0],[20,0],[220,-1],[221,0],[188,2]],[[2853,4545],[-1,-625]],[[2852,3920],[-242,0]],[[2610,3920],[-242,0],[0,35],[-269,0]],[[2099,3955],[8,115],[-17,36],[21,34],[-33,48],[15,68],[-11,36],[33,35],[46,-1],[1,100],[17,54],[-12,64]],[[2962,1310],[27,0],[0,345],[26,140],[119,1]],[[3134,1796],[260,0]],[[3394,1796],[-3,-146],[-2,-136],[-2,-209],[0,-88],[0,-210],[0,-53],[0,-302],[0,-46],[0,-70],[-148,0],[-225,0]],[[750,2604],[294,1]],[[1490,2493],[0,-145],[279,1]],[[1769,2349],[-1,-348],[-72,0],[0,-141],[-182,8],[0,-145]],[[1514,1723],[-57,-3],[-700,1]],[[757,1721],[-7,627],[0,256]],[[816,1021],[174,0]],[[990,1021],[1,-659]],[[991,362],[-71,0],[-444,0]],[[476,362],[-5,29],[0,36]],[[471,427],[-7,173],[0,350],[173,0],[0,70],[179,1]],[[1533,1380],[0,-76],[-21,0],[0,-767]],[[1512,537],[-137,-1],[-6,-23],[4,-46],[-7,-34],[30,-47],[31,-24],[-2,0],[-262,0],[-172,0]],[[990,1021],[0,141],[233,-2],[0,35],[310,185]],[[2112,1444],[233,5],[12,135],[-4,73],[-1,555]],[[2352,2212],[61,-1],[0,-70],[356,-4],[0,71],[119,-1]],[[2888,2207],[59,-1],[0,-210],[71,0],[-1,-131],[118,0],[-1,-69]],[[2376,953],[-284,-2],[21,356],[-1,137]],[[2853,4545],[155,1],[367,2],[47,0],[0,-73],[0,-188],[0,-58],[0,-82],[-22,0],[0,-357],[0,-254]],[[3400,3536],[-189,1]],[[3211,3537],[0,208],[6,69],[-243,0],[0,71],[-122,0],[0,35]],[[807,3921],[418,-2],[-1,-174],[362,2],[-1,-28]],[[1585,3550],[0,-251],[2,-165],[0,-18]],[[1587,3116],[-200,2],[-19,1],[-56,-1],[-18,0],[-246,1]],[[1048,3119],[-24,69],[-40,0]],[[806,3746],[1,175]],[[1886,3729],[84,-4],[22,31]],[[1992,3756],[62,95],[6,84],[39,20]],[[2610,3920],[12,-76],[50,-130],[-36,-83],[13,-61]],[[2649,3570],[-368,-9],[-3,-13],[-48,44],[-135,50],[-211,0]],[[1884,3642],[2,87]],[[3005,2625],[18,1],[1,70],[119,-1],[0,70],[59,0],[1,70],[60,-1],[0,72],[136,0]],[[3399,2906],[0,-166],[0,-103],[0,-192],[0,-54],[0,-8]],[[3399,2383],[-236,0],[-159,0],[1,242]],[[1048,3119],[74,-211]],[[750,2604],[-362,1],[-386,0]],[[2,2605],[0,305]],[[2353,2418],[0,207],[252,0],[0,70],[60,1],[0,69],[119,1]],[[2784,2766],[0,-140],[102,0]],[[2886,2626],[2,-419]],[[2352,2212],[1,206]],[[2127,2977],[0,140],[660,-1],[-1,-59]],[[2786,3057],[-2,-291]],[[2353,2418],[-238,0]],[[2115,2418],[13,210],[-1,349]],[[1,877],[0,282]],[[1,1159],[109,0],[1,-140],[117,0],[0,-69],[62,0],[-1,-350],[8,-174],[174,1]],[[476,362],[0,-228],[0,-134],[-283,0],[-86,0],[-107,0]],[[0,0],[0,372],[1,231],[0,274]],[[2886,2626],[119,-1]],[[3399,2383],[0,-152],[0,-27],[-2,-204],[-3,-204]],[[2,4547],[241,0],[136,0],[215,1],[293,0],[34,0]],[[921,4548],[-20,-36],[3,-41],[-82,-56],[-12,-24],[-3,-470]],[[2,3748],[0,91],[0,608],[0,100]],[[1533,1380],[-3,272]],[[1530,1652],[350,-1],[1,-68],[230,0],[1,-139]],[[2378,536],[-40,0],[-133,0],[-338,1],[-140,0],[-115,0],[-100,0]],[[1722,4544],[5,0],[158,0],[1,0],[104,1],[64,0],[96,-1],[17,0]],[[1992,3756],[-117,69],[-68,105],[-114,53],[11,23],[44,24],[12,86],[-24,202],[6,138],[-20,88]],[[1587,3690],[108,0],[-10,57],[201,1],[0,-19]],[[1884,3642],[3,-666]],[[1887,2976],[-271,-1],[-28,0]],[[1588,2975],[-1,141]],[[1588,2975],[0,-70],[53,0],[0,-67],[-148,1]],[[2649,3570],[196,0],[25,17],[143,-305],[50,-26]],[[3063,3256],[0,-120],[-125,19],[-152,-98]],[[2127,2977],[-240,-1]],[[1514,1723],[1,-71],[15,0]],[[816,1021],[-73,19],[9,119],[-29,61],[-5,80],[-43,40],[12,52],[-13,107],[-80,1]],[[594,1500],[0,222],[163,-1]],[[1,1963],[1,77],[0,519],[0,46]],[[594,1500],[-255,-1],[-338,7]],[[1,1506],[0,161],[0,296]],[[921,4548],[0,0],[308,0],[4,-6],[223,1],[75,0],[191,1]],[[1,1159],[0,0],[0,347]],[[1769,2349],[346,0],[0,69]],[[3063,3256],[145,6],[3,275]],[[3400,3536],[0,-93],[-1,-353],[0,-31],[0,-153]]],"objects":{"cb_2015_new_mexico_county_20m":{"type":"GeometryCollection","geometries":[{"arcs":[[0,1,2,3]],"type":"Polygon","properties":{"STATEFP":"35","COUNTYFP":"015","COUNTYNS":"00936829","AFFGEOID":"0500000US35015","GEOID":"35015","NAME":"Eddy","LSAD":"06","ALAND":10815081659,"AWATER":56440148}},{"arcs":[[4,5,6,7]],"type":"Polygon","properties":{"STATEFP":"35","COUNTYFP":"031","COUNTYNS":"00929107","AFFGEOID":"0500000US35031","GEOID":"35031","NAME":"McKinley","LSAD":"06","ALAND":14114968741,"AWATER":14130257}},{"arcs":[[8,9,10,11]],"type":"Polygon","properties":{"STATEFP":"35","COUNTYFP":"061","COUNTYNS":"00933052","AFFGEOID":"0500000US35061","GEOID":"35061","NAME":"Valencia","LSAD":"06","ALAND":2761400130,"AWATER":5433597}},{"arcs":[[12,13,14]],"type":"Polygon","properties":{"STATEFP":"35","COUNTYFP":"028","COUNTYNS":"01702366","AFFGEOID":"0500000US35028","GEOID":"35028","NAME":"Los Alamos","LSAD":"06","ALAND":282741305,"AWATER":229939}},{"arcs":[[15,16,17,18,19]],"type":"Polygon","properties":{"STATEFP":"35","COUNTYFP":"007","COUNTYNS":"00929117","AFFGEOID":"0500000US35007","GEOID":"35007","NAME":"Colfax","LSAD":"06","ALAND":9733541309,"AWATER":26310385}},{"arcs":[[20,21,22,-2]],"type":"Polygon","properties":{"STATEFP":"35","COUNTYFP":"025","COUNTYNS":"01702365","AFFGEOID":"0500000US35025","GEOID":"35025","NAME":"Lea","LSAD":"06","ALAND":11372051343,"AWATER":8468321}},{"arcs":[[23,-11,24,25,26,27]],"type":"Polygon","properties":{"STATEFP":"35","COUNTYFP":"053","COUNTYNS":"01702371","AFFGEOID":"0500000US35053","GEOID":"35053","NAME":"Socorro","LSAD":"06","ALAND":17214577127,"AWATER":5360180}},{"arcs":[[28,29,30,31,32]],"type":"Polygon","properties":{"STATEFP":"35","COUNTYFP":"029","COUNTYNS":"00933057","AFFGEOID":"0500000US35029","GEOID":"35029","NAME":"Luna","LSAD":"06","ALAND":7679791940,"AWATER":431978}},{"arcs":[[33,34,-30,35]],"type":"Polygon","properties":{"STATEFP":"35","COUNTYFP":"013","COUNTYNS":"00929109","AFFGEOID":"0500000US35013","GEOID":"35013","NAME":"Doña Ana","LSAD":"06","ALAND":9862379062,"AWATER":17584926}},{"arcs":[[36,37,38,-21,-1,39]],"type":"Polygon","properties":{"STATEFP":"35","COUNTYFP":"005","COUNTYNS":"01702364","AFFGEOID":"0500000US35005","GEOID":"35005","NAME":"Chaves","LSAD":"06","ALAND":15708996045,"AWATER":25507630}},{"arcs":[[-17,40,41,42]],"type":"Polygon","properties":{"STATEFP":"35","COUNTYFP":"059","COUNTYNS":"00929115","AFFGEOID":"0500000US35059","GEOID":"35059","NAME":"Union","LSAD":"06","ALAND":9903448673,"AWATER":18467790}},{"arcs":[[43,-15,44,45,46,-6,47]],"type":"Polygon","properties":{"STATEFP":"35","COUNTYFP":"043","COUNTYNS":"00929113","AFFGEOID":"0500000US35043","GEOID":"35043","NAME":"Sandoval","LSAD":"06","ALAND":9610446197,"AWATER":13701836}},{"arcs":[[48,49,-19,50,51,52]],"type":"Polygon","properties":{"STATEFP":"35","COUNTYFP":"033","COUNTYNS":"01702367","AFFGEOID":"0500000US35033","GEOID":"35033","NAME":"Mora","LSAD":"06","ALAND":5001920023,"AWATER":6079130}},{"arcs":[[53,54,55]],"type":"Polygon","properties":{"STATEFP":"35","COUNTYFP":"009","COUNTYNS":"00933053","AFFGEOID":"0500000US35009","GEOID":"35009","NAME":"Curry","LSAD":"06","ALAND":3638239993,"AWATER":8177773}},{"arcs":[[-7,-47,56,-12,-24,57,58]],"type":"Polygon","properties":{"STATEFP":"35","COUNTYFP":"006","COUNTYNS":"00933051","AFFGEOID":"0500000US35006","GEOID":"35006","NAME":"Cibola","LSAD":"06","ALAND":11757111073,"AWATER":5799905}},{"arcs":[[59,60,61,-38,62]],"type":"Polygon","properties":{"STATEFP":"35","COUNTYFP":"011","COUNTYNS":"00933054","AFFGEOID":"0500000US35011","GEOID":"35011",