{"type":"Topology","transform":{"scale":[0.001767130487442781,0.00124600781784493],"translate":[-124.55271296313062,41.99254424554329]},"arcs":[[[2576,3065],[19,10],[56,11],[37,8],[75,7],[39,51],[17,4],[47,-15],[32,5]],[[2898,3146],[-2,-249],[106,-1],[0,-68],[58,-1],[-1,-346],[-10,-70]],[[3049,2411],[-287,-1]],[[2762,2410],[-68,0],[1,58]],[[2695,2468],[17,81],[-70,1],[1,69],[-71,1],[4,445]],[[3049,2411],[366,0]],[[3415,2411],[47,-27],[40,23],[68,-26]],[[3570,2381],[5,-78],[-34,1],[6,-90],[-132,-36],[8,-32],[74,-17],[38,-45],[-37,-48],[6,-46],[-27,-15],[0,-60],[-34,-35],[-16,-64],[150,1]],[[3577,1817],[2,-35],[1,-139]],[[3580,1643],[-204,0],[-130,6],[0,-70],[-476,-1]],[[2770,1578],[1,280]],[[2771,1858],[2,414],[-11,138]],[[616,2761],[186,0],[58,-23],[35,-47],[58,-23]],[[953,2668],[10,-46]],[[963,2622],[-10,-6],[-57,26],[-41,-52],[25,-82],[-41,-34]],[[839,2474],[-370,1]],[[469,2475],[-34,0],[0,112],[182,0],[-1,174]],[[749,570],[43,43],[81,-3],[33,18],[88,4],[67,82],[123,47],[34,45],[67,0]],[[1285,806],[-3,-698],[-2,-20],[1,-76]],[[1281,12],[-120,1],[-170,-4],[-138,-1],[-57,5],[-47,-3]],[[749,10],[0,230],[1,164],[-1,166]],[[1285,806],[0,56],[108,7],[30,113],[36,36],[-20,66],[-69,78]],[[1370,1162],[0,93],[73,47]],[[1443,1302],[379,1]],[[1822,1303],[1,-209],[-10,-488],[264,-3],[2,-602]],[[2079,1],[-88,0],[-122,3],[-107,0],[-5,0],[-129,2],[-97,2],[-144,3],[-106,1],[0,0]],[[569,3424],[39,8],[29,-32],[-2,-38],[34,-28],[4,0]],[[673,3334],[2,-295]],[[675,3039],[-203,-5],[-140,8]],[[332,3042],[3,43],[-4,57],[-14,31],[31,25],[5,52],[-17,80],[-46,45],[24,30],[49,-45],[41,10],[46,17],[23,-19],[32,22],[42,10],[22,24]],[[675,3039],[0,-57],[-70,-23],[105,-70],[-81,-57],[-13,-71]],[[469,2475],[-1,-26]],[[468,2449],[-161,1]],[[307,2450],[0,2],[20,79],[1,56],[6,51],[-10,54],[11,67],[-9,47],[17,61],[5,78],[-1,37],[-16,39],[1,21]],[[794,2189],[4,23]],[[798,2212],[56,-9],[20,-40],[116,83],[63,-12],[40,11],[80,-27],[108,-2],[33,-45],[52,22],[60,-31],[135,-2]],[[1561,2160],[-8,-134],[-23,-25],[4,-75]],[[1534,1926],[1,-85],[23,-23]],[[1558,1818],[-298,-4],[-34,-29],[-108,9],[-40,31],[-64,19],[-59,-2],[-23,-70],[-147,0],[-11,67]],[[774,1839],[-33,76],[22,52],[-31,93],[49,60],[56,13],[-43,56]],[[2059,2934],[11,-5],[22,23],[95,36],[21,16],[9,8],[25,1],[48,-38],[10,0]],[[2300,2975],[73,-133],[-78,-55],[-15,-48],[-9,-152],[49,-56],[-29,-50]],[[2291,2481],[-127,0],[3,38],[-94,57],[-76,13],[5,71],[33,2],[50,73],[24,92],[-31,10],[-19,97]],[[2898,3146],[38,7],[61,15],[74,-6],[36,21],[43,33],[175,1],[40,0],[135,0],[210,-1],[11,0]],[[3721,3216],[0,-100],[3,-12]],[[3724,3104],[-1,-35],[-40,0],[-12,-103],[-29,0],[0,-175],[-46,0],[0,-35],[-130,2],[0,-60],[-153,-8],[24,-70],[0,-48],[62,0],[16,-93],[0,-68]],[[474,636],[0,-36],[76,0],[78,-29],[44,23],[77,-24]],[[749,10],[-67,-5],[-49,2],[-48,-2],[-78,-3],[-93,0]],[[414,2],[-1,73],[-19,44],[37,77],[-27,60],[-30,33],[-76,5],[-9,23],[19,88],[70,6],[30,103],[66,122]],[[2300,2975],[47,0],[69,17],[41,4],[39,38],[40,10],[40,21]],[[2695,2468],[-68,-1],[-331,2]],[[2296,2469],[-5,12]],[[673,3334],[48,-2],[38,22],[25,14],[29,-3],[63,-41],[23,-24],[34,-17],[27,-55],[24,-43],[1,-39],[15,-36],[-2,-14],[-4,-32],[19,-41],[-3,-25]],[[1010,2998],[-13,-6],[-79,0]],[[918,2992],[-57,47],[-186,0]],[[189,1298],[195,-2],[-1,-74],[34,0],[-1,-68],[31,1],[0,-140],[34,0],[1,-137],[-33,-3],[-1,-69],[-34,0],[5,-166]],[[419,640],[-64,-12],[-40,-71],[-77,-16],[-16,59],[11,88],[-66,85],[-126,0]],[[41,773],[25,92],[14,71],[9,52],[7,37],[-10,26],[27,32],[38,75],[30,97],[8,43]],[[1488,2938],[13,7],[19,25],[31,11],[43,-11],[38,9],[77,18],[6,-3],[46,-20]],[[1761,2974],[0,-144],[-23,-210],[-122,0]],[[1616,2620],[0,94],[-70,70]],[[1546,2784],[-49,47],[-9,107]],[[1561,2160],[20,63],[-35,31],[35,20]],[[1581,2274],[379,-2],[406,-1]],[[2366,2271],[-19,-22],[11,-185]],[[2358,2064],[-249,-1],[0,-69],[-92,0],[0,-70],[-67,1]],[[1950,1925],[-416,1]],[[953,2668],[12,6],[0,17],[58,-11],[0,81]],[[1023,2761],[22,0],[25,20],[83,3],[375,-1],[18,1]],[[1616,2620],[9,-11],[-29,-58],[45,-61],[-86,-67],[7,-61],[33,-40]],[[1595,2322],[-378,0],[-75,41],[-35,67],[-62,31],[-47,57],[28,103],[-63,1]],[[918,2992],[0,-70],[105,-94],[0,-63],[0,-4]],[[2771,1858],[-138,-1],[0,67],[-69,0],[0,39],[-206,-1],[0,102]],[[2366,2271],[-48,35],[-22,163]],[[538,2190],[15,-1],[155,0],[86,0]],[[774,1839],[-231,-6],[-103,6]],[[440,1839],[-23,26],[57,36],[-3,58],[70,0],[-3,231]],[[248,1833],[86,1],[12,4],[94,1]],[[1558,1818],[18,-125],[-49,-109],[-8,-44],[-29,2],[-32,-46],[9,-75],[-15,-82],[12,-28],[-21,-9]],[[1370,1162],[-345,-3],[-1,86],[-207,-3],[-16,53],[-1,139],[-118,1],[0,23],[-102,16],[-51,73],[-48,20],[-70,0],[-56,-37],[0,-27],[-133,-2]],[[222,1501],[6,38],[16,156],[6,105],[-2,33]],[[839,2474],[14,-105],[-37,-11],[-40,-58],[49,-35],[-27,-53]],[[538,2190],[-58,0],[-11,15],[-1,244]],[[2770,1578],[-67,0],[-1,-209],[-68,0]],[[2634,1369],[-204,0],[0,70],[-68,-1],[-1,70],[-208,0],[0,69],[-135,3],[0,139],[-65,3],[-3,203]],[[3570,2381],[65,69],[91,-39],[71,50],[37,-53],[121,0],[0,70],[168,1]],[[4123,2479],[274,-2]],[[4397,2477],[-1,-1],[-32,-37],[-10,-42],[14,-40],[-18,-47],[-14,-24],[-24,-43],[-46,-24],[-27,-24],[-19,-60],[-27,-76],[-14,-28],[-33,-35],[6,-42],[-16,-29],[15,-25],[14,-25],[-11,-26]],[[4154,1849],[-155,4],[0,69],[-60,46],[-214,-1],[-103,-139],[-45,-11]],[[1761,2974],[10,-4],[48,9],[70,-27],[18,-52],[35,8],[21,25],[79,7],[17,-6]],[[1581,2274],[14,48]],[[2634,1369],[1,-71]],[[2635,1298],[-263,1],[-10,3],[-540,1]],[[419,640],[18,8],[37,-12]],[[414,2],[-102,1],[-119,2],[-33,38],[-25,17],[-21,50],[-5,41],[-13,37],[-16,19],[0,46],[-8,36],[-5,70],[20,81],[-1,46],[-7,48],[-21,15],[1,11],[-35,36],[-24,85],[41,89],[0,3]],[[3724,3104],[127,0],[0,-70],[-24,0],[1,-67],[34,-58],[0,-83],[36,-119],[46,-22],[34,-57],[1,-47],[25,-34],[119,0],[0,-68]],[[4154,1849],[-3,-6],[26,-24],[28,15],[35,-32],[50,-2],[3,-33],[36,-12],[4,-20],[-1,-1],[-45,-54],[22,-45],[-12,-38],[-10,-70],[-5,-11],[-22,-46],[-1,-116],[0,-67],[0,-458],[0,-175],[0,-344],[0,-304],[-97,0],[-117,-1],[-124,0],[-141,0],[-183,-1]],[[3597,4],[1,220],[-11,4],[-8,512],[0,348],[1,555]],[[1010,2998],[-4,-39],[10,-14],[11,-15],[53,-27],[86,-22],[30,-15],[33,10],[28,-23],[39,-3],[8,5],[36,22],[47,5],[55,26],[30,23],[16,7]],[[248,1833],[0,8],[17,104],[1,68],[10,106],[1,57],[-6,76],[6,30],[22,92],[8,76]],[[3721,3216],[146,0],[65,-1],[70,-1],[71,-1],[248,-1],[17,-29],[15,-41],[35,-46],[6,-8],[29,-11],[40,-36],[41,-3],[33,-35],[4,-43],[37,-52],[-23,-40],[-48,-99],[-49,-103],[-9,-37],[-3,-11],[-33,-112],[-16,-29]],[[189,1298],[14,77],[19,126]],[[3597,4],[-172,-2],[-156,-2],[-127,1],[-118,0],[-65,0],[-21,0]],[[2938,1],[-3,606],[-327,-2],[7,137],[-1,210],[20,0],[1,346]],[[2938,1],[-207,2],[-155,-1],[-103,0],[-181,-1],[-107,0],[-106,0]]],"objects":{"cb_2015_oregon_county_20m":{"type":"GeometryCollection","geometries":[{"arcs":[[0,1,2,3,4]],"type":"Polygon","properties":{"STATEFP":"41","COUNTYFP":"049","COUNTYNS":"01135860","AFFGEOID":"0500000US41049","GEOID":"41049","NAME":"Morrow","LSAD":"06","ALAND":5261895534,"AWATER":43778389}},{"arcs":[[-3,5,6,7,8,9,10,11]],"type":"Polygon","properties":{"STATEFP":"41","COUNTYFP":"023","COUNTYNS":"01135851","AFFGEOID":"0500000US41023","GEOID":"41023","NAME":"Grant","LSAD":"06","ALAND":11728847145,"AWATER":1893807}},{"arcs":[[12,13,14,15,16]],"type":"Polygon","properties":{"STATEFP":"41","COUNTYFP":"071","COUNTYNS":"01135866","AFFGEOID":"0500000US41071","GEOID":"41071","NAME":"Yamhill","LSAD":"06","ALAND":1854049298,"AWATER":6497837}},{"arcs":[[17,18,19,20]],"type":"Polygon","properties":{"STATEFP":"41","COUNTYFP":"029","COUNTYNS":"01135853","AFFGEOID":"0500000US41029","GEOID":"41029","NAME":"Jackson","LSAD":"06","ALAND":7209372699,"AWATER":46860852}},{"arcs":[[21,22,23,24,25,-19]],"type":"Polygon","properties":{"STATEFP":"41","COUNTYFP":"035","COUNTYNS":"01155134","AFFGEOID":"0500000US41035","GEOID":"41035","NAME":"Klamath","LSAD":"06","ALAND":15387212504,"AWATER":503754829}},{"arcs":[[26,27,28,29]],"type":"Polygon",