{"type":"Topology","transform":{"scale":[0.0017672703101926817,0.001246261894598998],"translate":[-83.35255748236233,32.034023060261454]},"arcs":[[[1856,1647],[150,133],[33,-5],[13,41],[38,7]],[[2090,1823],[14,-6]],[[2104,1817],[18,-6],[30,-48]],[[2152,1763],[-13,-38],[32,-69],[-1,-83],[109,-157]],[[2279,1416],[-97,-19],[-79,35],[-30,-11],[-105,65]],[[1968,1486],[-40,0],[-16,49]],[[1912,1535],[46,33],[-6,12],[-55,36]],[[1897,1616],[-14,21],[-27,10]],[[838,1686],[6,36],[73,6],[92,-70],[38,-21],[17,2]],[[1064,1639],[-56,-160]],[[1008,1479],[-46,-50]],[[962,1429],[-105,42],[-32,87],[-65,-11]],[[760,1547],[10,28],[68,111]],[[290,2077],[29,39],[171,119]],[[490,2235],[16,-33],[3,-123],[21,-58],[58,-56]],[[588,1965],[-238,-217]],[[350,1748],[-6,26],[-17,35],[-3,7],[-24,50],[-11,33],[-18,56],[-29,9],[-37,-7]],[[205,1957],[8,17],[77,103]],[[1060,2236],[329,0]],[[1389,2236],[12,-26],[9,-74],[-20,-52],[11,-71]],[[1401,2013],[-309,23]],[[1092,2036],[4,50],[-41,79],[5,71]],[[2283,1401],[40,-68],[32,8]],[[2355,1341],[30,-33],[21,-74],[59,0]],[[2465,1234],[-18,-31],[-32,-40],[-29,-64],[-15,-62],[-11,-71],[5,-25],[-24,-41],[-34,-29]],[[2307,871],[3,14],[-46,13],[-54,48]],[[2210,946],[-7,18],[-124,56]],[[2079,1020],[0,25],[79,129],[58,61],[15,93],[52,73]],[[1548,1658],[21,0],[57,55]],[[1626,1713],[-1,-45],[90,-26],[53,-68],[27,-35],[102,77]],[[1912,1535],[-125,-87],[-38,-34],[-106,-47],[-48,-75]],[[1595,1292],[-53,70],[4,10]],[[1546,1372],[8,11],[5,38],[-10,8],[-10,30],[18,148],[-20,39],[11,12]],[[2279,1416],[4,-15]],[[2079,1020],[-165,157],[-74,-3]],[[1840,1174],[72,180],[-12,37],[45,41],[23,54]],[[429,1589],[36,46],[116,-6]],[[581,1629],[11,-74],[35,38],[25,-32],[87,3],[-1,-24]],[[738,1540],[-60,-19],[22,-80],[-61,-103]],[[639,1338],[-8,24],[-49,71],[-60,38],[-47,56],[-24,7],[-4,9],[-16,42],[-2,4]],[[1626,1713],[24,93],[84,64]],[[1734,1870],[26,-32],[37,34],[37,-136],[-26,-28],[48,-61]],[[1170,412],[153,165],[63,-105],[19,31]],[[1405,503],[19,-41],[10,-117],[-13,-63],[-53,-68],[-40,5],[-6,-52],[84,-131]],[[1406,36],[-10,-36],[-33,19],[-36,35],[-18,-13],[-42,23],[-3,51],[-16,40],[-4,9],[15,31],[-3,47],[-23,40],[-12,21],[0,43],[-46,64],[-5,2]],[[1734,1872],[137,100],[92,-1],[31,33]],[[1994,2004],[43,-14],[2,-62],[51,-105]],[[1734,1870],[0,2]],[[588,1965],[2,-14],[36,-44]],[[626,1907],[-49,-54],[49,-99],[-11,-89],[-34,-36]],[[429,1589],[-27,54],[-41,54],[-11,51]],[[1205,1128],[160,-110],[30,-31],[23,-21],[28,-49]],[[1446,917],[-56,-42],[0,-51],[-23,33],[-82,-61]],[[1285,796],[-10,17],[-53,57]],[[1222,870],[-20,34],[3,224]],[[836,2527],[60,-3],[155,-8],[72,-4]],[[1123,2512],[-24,-95],[-44,-9],[-3,-69],[20,-88]],[[1072,2251],[-14,22],[-130,37]],[[928,2310],[-24,16],[-29,98],[-39,103]],[[258,2425],[64,24],[12,-3]],[[334,2446],[8,-28],[100,22],[-13,-54],[32,6],[29,-157]],[[290,2077],[-8,82],[-26,14],[-9,184],[-15,13],[26,55]],[[1840,1174],[-28,-39],[-40,-4]],[[1772,1131],[-97,1],[-59,91]],[[1616,1223],[-25,57],[4,12]],[[796,1741],[28,78],[64,52],[26,51],[19,18],[34,65]],[[967,2005],[58,-71],[66,40]],[[1091,1974],[46,-182],[15,-22]],[[1152,1770],[-13,-34]],[[1139,1736],[-55,-54],[24,-47],[-44,4]],[[838,1686],[-15,9],[-27,46]],[[1072,2251],[-12,-15]],[[1092,2036],[-3,-34],[2,-28]],[[967,2005],[-20,20],[-99,29]],[[848,2054],[40,195],[40,61]],[[1097,570],[42,20],[44,56],[14,81],[88,69]],[[1285,796],[54,-101],[49,-55],[42,-102]],[[1430,538],[-25,-35]],[[1170,412],[-25,11],[-33,31],[-6,5],[2,38],[-11,69],[0,4]],[[1400,1944],[76,66],[2,-48],[121,19],[-13,46],[80,43]],[[1666,2070],[46,-94],[24,-82],[-2,-22]],[[1548,1658],[-43,-15],[-15,-10],[-85,91],[25,70]],[[1430,1794],[31,87],[-61,63]],[[1716,2230],[138,-3],[84,-2]],[[1938,2225],[32,-91],[53,-65],[-29,-65]],[[1666,2070],[-45,73],[-42,90]],[[1579,2233],[0,0],[137,-3]],[[1139,1736],[36,-80],[77,-23],[50,-59],[22,-93]],[[1324,1481],[-26,-106],[25,27],[51,-20],[-67,-39]],[[1307,1343],[-25,-10],[-57,-34]],[[1225,1299],[-131,65],[-86,115]],[[138,2380],[57,21],[63,24]],[[205,1957],[-3,-1],[-30,17],[-1,1],[-26,30],[-4,4],[-29,41],[-38,18],[-32,28],[-34,29],[-1,4],[-5,25],[-2,9],[18,25],[-2,24],[22,27],[19,24],[29,25],[34,32],[9,25],[9,36]],[[899,933],[12,9],[209,227]],[[1120,1169],[40,-8],[45,-33]],[[1222,870],[-97,-9],[-101,41],[-42,-56]],[[982,846],[-24,12],[-54,38],[-5,37]],[[2390,1781],[24,34],[8,3]],[[2422,1818],[147,-175],[91,-109],[20,-24],[43,-52],[-75,-27],[-57,-39],[-51,-51],[-42,-52],[-33,-55]],[[2355,1341],[-40,88],[-2,63],[-42,61],[20,51],[31,20],[23,77],[46,66],[-1,14]],[[1384,2440],[37,-59],[34,-53],[-9,-90],[97,-3],[36,-2]],[[1400,1944],[-11,24],[12,45]],[[1389,2236],[18,22],[-1,83],[-22,99]],[[334,2446],[9,-3],[34,37],[62,17],[25,8],[44,17],[25,20],[33,-3],[33,-3],[44,-1]],[[643,2535],[-5,-275],[34,-44],[10,-8]],[[682,2208],[-51,-160],[1,-41],[-44,-42]],[[738,1540],[22,7]],[[962,1429],[-206,-229]],[[756,1200],[-7,12],[-44,41],[-5,2],[-16,6],[-10,4],[-21,38],[-9,24],[-5,11]],[[1152,1770],[78,-52],[-1,37],[48,-6],[153,45]],[[1546,1372],[-93,14],[-75,42],[-54,53]],[[1430,538],[87,-26],[7,-47],[61,-38],[21,-42],[4,-7],[20,-17]],[[1630,361],[-7,-18],[15,-41],[13,-28],[-11,-39],[-48,-32],[-32,-11],[-28,15],[-39,27],[-29,-26],[22,-22],[32,-39],[-29,-45],[-52,-41],[-26,-8],[-5,-17]],[[1670,661],[62,-8],[69,-21],[13,-2],[-19,41],[47,13],[-2,47],[-42,52],[15,9]],[[1813,792],[53,-18],[18,-62],[22,-14],[19,5],[18,-73],[3,0],[10,31],[38,49],[105,164],[70,20],[41,52]],[[2307,871],[-9,-8],[-22,-16],[-5,-32],[-12,-35],[-36,7],[-34,-11],[-22,27],[-33,-23],[-15,-28],[21,-36],[-18,-23],[-53,-38],[-18,-35],[-51,-32],[-28,-25],[-9,-41],[-48,-36],[-18,-27],[-43,-2],[-41,-20],[-23,-25],[-32,-13],[-2,-1]],[[1756,398],[-90,-5],[-2,9],[1,2],[-5,5],[-1,3],[-1,5],[1,4],[1,1],[5,4],[3,3],[2,2],[4,-1],[1,5],[-3,5],[-1,5],[0,6],[1,3],[2,5],[3,6],[0,3],[-2,1],[-2,-1],[-6,-5],[-5,-5],[-2,-1],[-4,0],[1,2],[-1,3],[-1,3],[-1,8],[23,24],[-36,70],[29,94]],[[1446,917],[4,3]],[[1450,920],[48,-21],[49,-72],[82,-1],[47,-16],[-16,-62],[10,-87]],[[1756,398],[-50,-41],[-28,0],[-16,5],[-28,8],[-4,-9]],[[1120,1169],[105,130]],[[1307,1343],[33,-50],[25,-29],[75,-4],[108,-111],[37,80],[31,-6]],[[1772,1131],[-18,-116],[-61,-34]],[[1693,981],[-70,19],[-10,43],[-163,-123]],[[899,933],[0,5],[-47,31],[0,4],[0,46],[-49,32],[7,54],[-3,41],[-37,26],[-14,28]],[[626,1907],[44,-64],[48,-25],[78,-77]],[[1123,2512],[22,-2],[162,-10],[0,-2],[3,-20],[-12,-39],[10,-23],[60,50],[16,-26]],[[2104,1817],[104,258]],[[2208,2075],[52,-60],[162,-197]],[[2390,1781],[-49,2],[-94,36],[-57,-10],[-38,-46]],[[1813,792],[-54,58],[-20,20],[-28,24],[18,27],[-36,60]],[[643,2535],[94,-3],[5,0],[40,-2],[54,-3]],[[848,2054],[-6,-11],[-118,99],[-42,66]],[[1940,2225],[130,-2],[10,0],[121,-140],[7,-8]],[[1938,2225],[2,0]],[[1097,570],[-4,69],[-25,54],[-20,37],[-1,57],[-24,23],[-33,33],[-8,3]]],"objects":{"cb_2015_south_carolina_county_20m":{"type":"GeometryCollection","geometries":[{"arcs":[[0,1,2,3,4,5,6,7]],"type":"Polygon","properties":{"STATEFP":"45","COUNTYFP":"041","COUNTYNS":"01248001","AFFGEOID":"0500000US45041","GEOID":"45041","NAME":"Florence","LSAD":"06","ALAND":2071894714,"AWATER":9743913}},{"arcs":[[8,9,10,11,12]],"type":"Polygon","properties":{"STATEFP":"45","COUNTYFP":"081","COUNTYNS":"01248016","AFFGEOID":"0500000US45081","GEOID":"45081","NAME":"Saluda","LSAD":"06","ALAND":1172690624,"AWATER":23419265}},{"arcs":[[13,14,15,16,17]],"type":"Polygon","properties":{"STATEFP":"45","COUNTYFP":"007","COUNTYNS":"01247981","AFFGEOID":"0500000US45007","GEOID":"45007","NAME":"Anderson","LSAD":"06","ALAND":1853026075,"AWATER":108724190}},{"arcs":[[18,19,20,21]],"type":"Polygon","properties":{"STATEFP":"45","COUNTYFP":"023","COUNTYNS":"01247988","AFFGEOID":"0500000US45023","GEOID":"45023","NAME":"Chester","LSAD":"06","ALAND":1503893313,"AWATER":14261786}},{"arcs":[[22,23,24,25,26,27]],"type":"Polygon","properties":{"STATEFP":"45","COUNTYFP":"043","COUNTYNS":"01248002","AFFGEOID":"0500000US45043","GEOID":"45043","NAME":"Georgetown","LSAD":"06","ALAND":2107094125,