{"type":"Topology","transform":{"scale":[0.0017672190675605143,0.0012462126012840887],"translate":[-114.05223613121255,36.997717626290395]},"arcs":[[[2292,3210],[162,1],[263,2],[114,-1],[0,-140],[1,-131]],[[2832,2941],[-64,17],[-2,82],[-22,0],[0,58],[-109,0],[1,-54],[-52,-40],[-23,69],[-195,-51],[-60,37]],[[2306,3059],[-14,3]],[[2292,3062],[0,148]],[[2306,2253],[0,806]],[[2832,2941],[0,-7],[-2,-346],[0,-34],[0,-245],[0,-173],[0,-129]],[[2830,2007],[-32,-29],[-479,0],[-40,6]],[[2279,1984],[-8,77],[43,128],[45,64],[-53,0]],[[1438,3551],[62,185],[-34,131],[-26,29],[20,60],[-20,58]],[[1440,4014],[20,0],[56,1],[185,0],[0,-338],[0,-12],[0,-164],[0,-88]],[[1701,3413],[-105,-86],[-19,1]],[[1577,3328],[25,56],[-34,8],[11,57],[-40,49],[-50,3]],[[1489,3501],[-32,19],[-19,31]],[[1063,2784],[108,-42],[39,30],[0,0],[174,90],[7,10]],[[1391,2872],[11,-72],[-24,-39],[35,-61],[42,0],[31,-61],[63,1],[21,-23],[30,-74],[-14,-90],[25,-6],[69,-84],[1,-34],[108,-1]],[[1789,2328],[19,0],[0,-69]],[[1808,2259],[-221,0]],[[1587,2259],[-223,0]],[[1364,2259],[-71,-2],[16,43],[-41,61],[-8,6],[-48,-43],[-34,-70],[-68,-20],[21,90],[-72,94]],[[1059,2418],[19,134],[-19,43],[3,84],[-21,99],[22,6]],[[1293,1207],[8,7],[253,0]],[[1554,1214],[3,-9],[250,0],[471,0]],[[2278,1205],[-11,-38],[8,-54],[56,-81],[25,-75],[-23,-31]],[[2333,926],[-429,-1],[-536,-1],[-118,1]],[[1250,925],[-3,220],[46,62]],[[1808,2259],[498,-6]],[[2279,1984],[-598,-2],[-2,43],[-27,74],[-15,-15],[-50,88]],[[1587,2172],[0,87]],[[2830,2007],[0,-106],[0,-193],[-5,-503]],[[2825,1205],[-547,0]],[[2278,1205],[18,22],[-36,46],[12,55],[-19,3],[-24,60],[16,17],[-54,124],[22,14],[-6,45],[46,-1],[37,-23],[-21,35],[-31,-6],[-34,37],[32,83],[1,43],[25,31],[-13,38],[38,113],[-8,43]],[[2,1348],[0,161],[0,102],[1,397],[0,34]],[[3,2042],[117,1],[14,7],[220,0],[545,0],[61,1],[81,0],[13,-180],[98,-12]],[[1152,1859],[1,-216]],[[1153,1643],[-29,-69],[-39,0],[-51,-76],[3,-110],[-51,-41],[-78,4],[-39,-87]],[[869,1264],[-260,0],[-608,0]],[[1,1264],[1,84]],[[882,3274],[144,207],[119,0],[37,23],[2,55],[42,-6]],[[1226,3553],[71,-46],[53,48],[88,-4]],[[1489,3501],[-43,-108],[-57,10],[-46,-47],[-69,29],[-41,-23],[10,-38]],[[1243,3324],[-188,11],[-150,-53],[-23,-8]],[[869,1264],[-2,-50]],[[867,1214],[104,-143],[-12,-86],[-49,-61]],[[910,924],[-20,-2]],[[890,922],[-561,1],[-328,0]],[[1,923],[0,82],[0,124],[0,135],[0,0]],[[867,1214],[223,1],[203,-8]],[[1250,925],[-61,-4],[-279,3]],[[1153,1643],[91,-10],[314,0]],[[1558,1633],[-4,-419]],[[1152,1859],[53,54],[99,1],[0,28],[19,35],[-2,187],[75,36],[0,36],[-32,23]],[[1587,2172],[0,-190],[-30,-36],[1,-313]],[[3,2334],[452,-2],[512,0],[6,39],[35,-11],[51,58]],[[3,2042],[0,202],[0,90]],[[1391,2872],[23,26]],[[1414,2898],[36,-8],[54,74],[15,-50],[123,-65],[17,34],[82,2],[42,69]],[[1783,2954],[6,-626]],[[1494,3],[55,9],[26,33],[12,-26],[39,65],[69,-2],[56,20],[33,41],[15,89],[21,10],[-19,40],[52,-21],[24,18],[21,69],[-27,17],[42,20],[15,51]],[[1928,436],[47,78],[35,10],[8,43],[33,60],[-24,24],[19,-1],[19,57],[106,11],[7,43],[37,47],[34,-5],[38,89],[46,34]],[[2825,1205],[0,-180],[10,-89],[0,-9],[0,-219],[-1,-317],[-1,-390],[-255,0],[-286,-1],[0,0],[-265,0],[-158,4],[0,0],[-179,0],[-120,-2],[-72,1],[-4,0]],[[1099,4012],[203,1],[138,1]],[[1226,3553],[7,48],[-61,39],[-40,133],[14,61],[-15,73],[-60,106]],[[1071,4013],[28,-1],[0,0]],[[1928,436],[-343,-1],[-335,-3],[-305,6],[-171,0]],[[774,438],[-3,211],[62,-1],[-5,68],[68,0],[-6,206]],[[1014,3027],[143,122],[28,0],[7,-80],[117,31]],[[1309,3100],[42,-8],[13,-42]],[[1364,3050],[-4,-20],[24,-49],[1,-37],[29,-46]],[[1063,2784],[-1,110],[-12,20],[-3,62],[-33,51]],[[6,4009],[127,-4],[182,4],[140,2],[140,2],[0,0],[199,1],[217,1],[60,-2]],[[882,3274],[-173,-62],[-703,0]],[[6,3212],[0,0],[0,166],[1,228],[0,210],[-1,193]],[[774,438],[-122,0],[0,-35]],[[652,403],[-77,0],[0,-20],[-123,6],[0,38],[-125,0],[0,71],[-64,-11],[-263,0]],[[0,487],[0,114],[1,108],[0,214],[0,0]],[[1364,3050],[64,-10],[28,58],[-26,77],[-38,31],[48,57],[72,19],[8,34],[57,12]],[[1701,3413],[0,-203],[287,-1],[236,1],[41,0],[27,0]],[[2292,3062],[-77,-2],[-88,18],[-48,-37],[-103,-23],[-37,9],[-17,-24],[-53,6],[-41,-30],[-39,14],[-6,-39]],[[1494,3],[-535,0],[-103,-1],[-4,0],[-160,0],[-39,0]],[[653,2],[-1,401]],[[1243,3324],[10,-94],[20,-24],[-7,-28],[43,-78]],[[1014,3027],[-132,247]],[[653,2],[-38,0],[-566,0],[-48,0],[-1,71],[0,157],[0,167],[0,90],[0,0]],[[3,2503],[0,226],[1,78],[1,185],[1,220]],[[3,2334],[0,154],[0,15]]],"objects":{"cb_2015_utah_county_20m":{"type":"GeometryCollection","geometries":[{"arcs":[[0,1,2,3]],"type":"Polygon","properties":{"STATEFP":"49","COUNTYFP":"009","COUNTYNS":"01448019","AFFGEOID":"0500000US49009","GEOID":"49009","NAME":"Daggett","LSAD":"06","ALAND":1804943545,"AWATER":61445336}},{"arcs":[[4,-2,5,6,7]],"type":"Polygon","properties":{"STATEFP":"49","COUNTYFP":"047","COUNTYNS":"01448037","AFFGEOID":"0500000US49047","GEOID":"49047","NAME":"Uintah","LSAD":"06","ALAND":11609285613,"AWATER":56154091}},{"arcs":[[8,9,10,11,12]],"type":"Polygon","properties":{"STATEFP":"49","COUNTYFP":"033","COUNTYNS":"01448030","AFFGEOID":"0500000US49033","GEOID":"49033","NAME":"Rich","LSAD":"06","ALAND":2664700973,"AWATER":149109879}},{"arcs":[[13,14,15,16,17,18,19]],"type":"Polygon","properties":{"STATEFP":"49","COUNTYFP":"049","COUNTYNS":"01448038","AFFGEOID":"0500000US49049","GEOID":"49049","NAME":"Utah","LSAD":"06","ALAND":5189230995,"AWATER":364305802}},{"arcs":[[20,21,22,23,24]],"type":"Polygon","properties":{"STATEFP":"49","COUNTYFP":"055","COUNTYNS":"01448041","AFFGEOID":"0500000US49055","GEOID":"49055","NAME":"Wayne","LSAD":"06","ALAND":6374186210,"AWATER":15154124}},{"arcs":[[-17,25,-8,26,27]],"type":"Polygon","properties":{"STATEFP":"49","COUNTYFP":"007","COUNTYNS":"01448018","AFFGEOID":"0500000US49007","GEOID":"49007","NAME":"Carbon","LSAD":"06","ALAND":3830974536,"AWATER":15891973}},{"arcs":[[-7,28,29,30]],"type":"Polygon","properties":{"STATEFP":"49","COUNTYFP":"019","COUNTYNS":"01448024","AFFGEOID":"0500000US49019","GEOID":"49019","NAME":"Grand","LSAD":"06","ALAND":9512638635,"AWATER":31266643}},{"arcs":[[31,32,33,34,35,36]],"type":"Polygon","properties":{"STATEFP":"49","COUNTYFP":"027","COUNTYNS":"01448027","AFFGEOID":"0500000US49027","GEOID":"49027","NAME":"Millard","LSAD":"06","ALAND":17106720226,"AWATER":600823890}},{"arcs":[[37,38,-13,39,40]],"type":"Polygon","properties":{"STATEFP":"49","COUNTYFP":"057","COUNTYNS":"01448042","AFFGEOID":"0500000US49057","GEOID":"49057","NAME":"Weber","LSAD":"06","ALAND":1492443861,"AWATER":216546585}},{"arcs":[[-36,41,42,43,44,45]],"type":"Polygon","properties":{"STATEFP":"49","COUNTYFP":"001","COUNTYNS":"01448015","AFFGEOID":"0500000US49001","GEOID":"49001","NAME":"Beaver","LSAD":"06","ALAND":6689371467,"AWATER":5298466}},{"arcs":[[46,-25,47,-43]],"type":"Polygon","properties":{"STATEFP":"49","COUNTYFP":"031","COUNTYNS":"01448029","AFFGEOID":"0500000US49031","GEOID":"49031","NAME":"Piute","LSAD":"06","ALAND":1964346244,"AWATER":20285697}},{"arcs":[[-35,48,49,-21,-47,-42]],"type":"Polygon","properties":{"STATEFP":"49","COUNTYFP":"041","COUNTYNS":"01448034","AFFGEOID":"0500000US49041","GEOID":"49041","NAME":"Sevier","LSAD":"06","ALAND":4948102439,"AWATER":20260738}},{"arcs":[[50,-18,-28,51,-49,-34]],"type":"Polygon","properties":{"STATEFP":"49","COUNTYFP":"039","COUNTYNS":"01448033","AFFGEOID":"0500000US49039","GEOID":"49039","NAME":"Sanpete","LSAD":"06","ALAND":4117768225,"AWATER":32049371}},{"arcs":[[-50,-52,-27,-31,-22]],"type":"Polygon","properties":{"STATEFP":"49","COUNTYFP":"015","COUNTYNS":"01448022","AFFGEOID":"0500000US49015","GEOID":"49015","NAME":"Emery","LSAD":"06","ALAND":11557280470,"AWATER":24843843}},{"arcs":[[52,-19,-51,-33,53]],"type":"Polygon","properties":{"STATEFP":"49","COUNTYFP":"023","COUNTYNS":"01455158","AFFGEOID":"0500000US49023","GEOID":"49023","NAME":"Juab","LSAD":"06","ALAND":8784471158,"AWATER":36542088}},{"arcs":[[54,55,56,-15]],"type":"Polygon","properties":{"STATEFP":"49","COUNTYFP":"051","COUNTYNS":"01448039",