{"type":"Topology","transform":{"scale":[0.0017671721266742648,0.0012461796295920738],"translate":[-124.72577833977508,45.5440888773332]},"arcs":[[[3907,1831],[69,25],[92,-49],[1,203],[55,-1]],[[4124,2009],[224,-1]],[[4348,2008],[0,-55],[0,-194],[1,-297],[0,-86]],[[4349,1376],[-444,1]],[[3905,1377],[2,454]],[[766,1001],[95,2],[24,-1]],[[885,1002],[0,-23],[543,-1]],[[1428,978],[202,-28],[49,44],[171,0]],[[1850,994],[59,-57],[-56,-143],[33,-115],[-74,-1]],[[1812,678],[-406,-2]],[[1406,676],[-553,-1]],[[853,675],[-80,0]],[[773,675],[-7,326]],[[2670,1345],[1,80],[49,36],[24,58],[194,4],[1,69],[72,68],[36,0],[24,46],[0,47],[49,58],[0,70],[49,24],[12,35],[69,1]],[[3250,1941],[5,-15]],[[3255,1926],[-3,-548]],[[3252,1378],[-2,-281],[-218,1],[-1,-140]],[[3031,958],[0,-48],[-47,1]],[[2984,911],[-31,37],[-67,-65],[-141,-13]],[[2745,870],[-15,6],[-41,81]],[[2689,957],[26,49],[-22,117],[-43,104],[23,42],[-3,76]],[[4129,2773],[91,0],[133,0],[0,-123],[0,-152],[-1,-188],[-3,-239],[-1,-63]],[[4124,2009],[0,70],[-37,0],[2,418],[-74,0],[0,70],[38,-1],[0,76],[36,0],[0,69],[39,0],[1,62]],[[3889,867],[58,52],[84,-14],[77,22],[72,-94],[48,-30],[14,-67]],[[4242,736],[0,-41],[-108,-21],[0,-210],[-34,0],[0,-100]],[[4100,364],[-70,1]],[[4030,365],[-5,273],[-35,-1],[-36,107],[-71,-1],[6,124]],[[853,675],[3,-171]],[[856,504],[-38,-22],[-48,2],[-4,0],[-33,28],[2,38],[-29,32],[-39,-8],[-69,6],[-18,31],[-15,-11]],[[565,600],[1,76],[207,-1]],[[3677,842],[-7,-239],[70,0],[0,-70],[70,0],[-3,-167]],[[3807,366],[-209,1],[-135,0],[-40,0],[-175,-1]],[[3248,366],[26,22],[-23,96],[-34,37]],[[3217,521],[10,19],[92,29],[53,36],[12,50],[64,43],[10,72],[81,75],[138,-3]],[[3255,1926],[18,-1],[51,12]],[[3324,1937],[80,-43],[13,31],[67,-8],[14,-39],[100,-41],[15,49]],[[3613,1886],[54,40],[18,1],[76,-116],[111,37],[35,-17]],[[3905,1377],[-77,0]],[[3828,1377],[-576,1]],[[1164,2484],[58,-5],[44,9],[154,1],[516,-4],[223,0],[89,13]],[[2248,2498],[-21,-26],[50,-75]],[[2277,2397],[-69,11],[-127,-47],[-12,-137],[39,-16]],[[2108,2208],[-326,2],[-353,-1],[-146,0]],[[1283,2209],[-73,96],[-45,-4]],[[1165,2301],[1,4],[-14,48],[22,43],[5,47],[-15,41]],[[862,1236],[59,0],[13,5],[0,12],[11,8],[11,-1],[10,5],[5,21],[5,6],[21,7],[8,9],[1,10],[6,2],[19,-27],[46,31]],[[1077,1324],[35,-42],[70,-132],[43,-35],[37,-22],[2,-31],[93,-19],[33,-62],[38,-3]],[[885,1002],[0,27],[2,136],[-25,71]],[[2193,2774],[46,-37],[20,-138],[44,-47],[-55,-54]],[[1164,2484],[-24,66],[-5,54],[-7,39],[-35,36],[-16,47],[36,49],[287,0],[87,0],[196,-4],[202,2],[152,1],[156,0]],[[1283,2209],[37,-51],[-14,-51],[38,-71],[10,-118],[-37,-58],[-18,-27]],[[1299,1833],[-41,82],[-40,17]],[[1218,1932],[15,13],[2,23],[-36,28],[5,64],[-20,41],[-44,25],[-24,53],[26,44],[23,78]],[[2277,2397],[28,4],[1,-111],[51,-30],[-16,-31],[43,-8],[68,-56],[17,-59],[84,-71],[40,-12],[43,-79],[111,-5]],[[2747,1939],[-69,-142],[-123,-28],[6,-53],[-66,-169],[-1,-12],[5,-20],[4,-6],[5,-19],[4,-6],[15,-8],[98,-36],[-4,-61]],[[2621,1379],[-167,-1],[-82,55],[-75,11],[-77,63],[-64,5],[-8,24],[-104,112]],[[2044,1648],[-8,63],[36,30],[-31,53]],[[2041,1794],[-34,111],[35,64],[-20,35],[78,28],[62,69],[-54,107]],[[842,2519],[94,13],[29,17],[23,49],[23,7],[68,-37],[43,-66],[-32,-46],[16,-34],[-5,-43],[-22,-20],[8,-45],[-39,-8],[-31,17],[-63,17],[-58,36],[-35,68],[-19,75]],[[1004,1655],[95,53],[35,93],[71,76],[-22,32]],[[1183,1909],[10,2],[25,21]],[[1299,1833],[-5,-40]],[[1294,1793],[-11,-76],[7,-113],[-51,-112]],[[1239,1492],[-150,1]],[[1089,1493],[0,93],[-134,0],[49,69]],[[1096,246],[39,16],[0,51],[35,-5],[102,49],[68,-25],[63,77]],[[1403,409],[-1,-404]],[[1402,5],[-8,-5],[-39,3],[-28,23],[-33,-10],[-30,15],[-86,22],[-53,27],[-11,15],[-10,14],[4,39],[3,25],[-19,41],[4,32]],[[3828,1377],[1,-277],[-32,-104],[-110,-37]],[[3687,959],[-318,-3],[-338,2]],[[3677,842],[6,-4]],[[3683,838],[29,-27],[160,30],[17,26]],[[4030,365],[-65,1],[-147,0],[-11,0]],[[2041,1794],[-498,-3],[-139,1],[-15,0],[-32,1],[-63,0]],[[2193,2774],[75,-1],[193,1],[212,-1],[308,0],[184,0],[168,0]],[[3333,2773],[0,-278],[-19,0],[0,-138],[15,0],[-1,-415],[-4,-5]],[[3250,1941],[15,49],[-28,18],[-32,73],[-36,10],[-77,-37],[-36,-3],[-9,-40],[-91,26],[-64,-66],[-44,26],[13,30],[-57,28],[-69,-40],[12,-76]],[[3694,2774],[110,0],[224,0],[101,-1]],[[3613,1886],[-4,63],[-29,45],[71,10],[23,20],[-8,55],[31,20],[-2,42],[30,38],[-19,48],[-17,121],[32,40],[25,107],[-15,100],[-36,50],[-14,78],[13,51]],[[211,1597],[173,0],[0,-13],[308,0]],[[692,1584],[-1,-209],[9,-140],[162,1]],[[766,1001],[-410,2]],[[356,1003],[-2,13],[-21,76],[-24,17],[6,55],[-11,131],[-4,13],[-23,91],[-47,55],[-19,143]],[[64,1875],[627,1],[314,-12],[0,159],[30,0],[-8,36]],[[1027,2059],[44,20],[41,6],[35,-31],[-2,-70],[0,-35],[29,-41],[9,1]],[[1004,1655],[-312,1],[0,-72]],[[211,1597],[-2,9],[-31,117],[-34,61],[-39,56],[-41,35]],[[4242,736],[12,-31],[97,2]],[[4351,707],[1,-13],[-16,-44],[37,-40],[19,-40],[1,-44],[22,-23],[-7,-22],[-26,-47],[22,-19],[15,-53],[-248,1],[-71,1]],[[3687,959],[-22,-4],[18,-117]],[[3217,521],[-127,64],[4,173],[-110,153]],[[4349,1376],[0,-84],[0,-22],[0,-470],[0,-56],[2,-37]],[[1089,1493],[-29,-117],[17,-52]],[[2670,1345],[-40,5],[-9,29]],[[64,1875],[-7,6],[-27,62],[-7,68],[-1,39],[-20,43],[18,54],[12,61],[-32,72],[41,4],[61,-30],[93,-55],[74,-16],[84,-39],[29,-31],[97,-14],[86,2],[31,0],[69,-9],[62,-21],[71,-9],[43,4],[53,45],[45,-43],[35,-24],[33,6],[20,9]],[[1406,676],[-3,-267]],[[1096,246],[2,14],[-15,36],[-1,39],[-24,43],[-27,55],[-34,17],[-23,24],[-63,41],[-29,3],[-26,-14]],[[1850,994],[-38,72],[38,40],[44,132]],[[1894,1238],[55,2],[109,-79],[36,-64],[221,0],[0,-69],[71,-1],[-1,-69],[304,-1]],[[2745,870],[5,-471]],[[2750,399],[-399,0],[-539,2]],[[1812,401],[0,277]],[[565,600],[-18,-13],[-26,7],[-40,-35],[-19,4],[-25,26],[-9,11],[-63,-19],[9,48],[5,132],[-7,111],[61,4],[21,29],[-29,33],[-60,17],[-9,48]],[[2044,1648],[-65,-26],[-103,-113],[-30,-57],[18,-48],[52,-10],[-14,-46],[38,-61],[-46,-49]],[[1894,1238],[-236,69],[-24,-24],[-118,23],[-55,69],[-48,0],[-58,0],[-2,0],[-9,13],[-49,48],[-42,-11],[-15,15],[1,52]],[[1812,401],[-50,0],[2,-209],[49,-48]],[[1813,144],[-6,3],[-77,-18],[-38,-9],[-43,11],[-31,-11],[-19,-25],[-13,-7],[-16,-7],[-30,-23],[-55,-26],[-47,-5],[-36,-22]],[[3333,2773],[361,1]],[[3248,366],[-43,-33],[-36,-21],[-74,6],[-61,-15],[-38,-7],[-32,-5],[-47,15],[-17,-4],[-39,-51],[-75,-7],[-37,-8]],[[2749,236],[1,163]],[[2749,236],[-56,-11],[-19,-10],[-40,-21],[-40,-10],[-39,-38],[-41,-4],[-69,-17],[-47,0],[-10,0],[-49,38],[-25,-1],[-9,-8],[-21,-16],[-94,-36],[-22,-23],[-11,5],[-17,6],[-79,-7],[-21,-25],[-35,-8],[-18,52],[-70,27],[-48,-9],[-10,4],[-46,20]]],"objects":{"cb_2015_washington_county_20m":{"type":"GeometryCollection","geometries":[{"arcs":[[0,1,2,3,4]],"type":"Polygon","properties":{"STATEFP":"53","COUNTYFP":"063","COUNTYNS":"01529225","AFFGEOID":"0500000US53063","GEOID":"53063","NAME":"Spokane","LSAD":"06","ALAND":4568197031,"AWATER":43789502}},{"arcs":[[5,6,7,8,9,10,11,12]],"type":"Polygon","properties":{"STATEFP":"53","COUNTYFP":"041","COUNTYNS":"01531927","AFFGEOID":"0500000US53041","GEOID":"53041","NAME":"Lewis","LSAD":"06","ALAND":6223223859,"AWATER":86636988}},{"arcs":[[13,14,15,16,17,18,19,20]],"type":"Polygon","properties":{"STATEFP":"53","COUNTYFP":"025","COUNTYNS":"01531924","AFFGEOID":"0500000US53025","GEOID":"53025","NAME":"Grant","LSAD":"06","ALAND":6939890129,"AWATER":289550821}},{"arcs":[[21,-2,22]],"type":"Polygon","properties":{"STATEFP":"53","COUNTYFP":"051","COUNTYNS":"01529157","AFFGEOID":"0500000US53051","GEOID":"53051","NAME":"Pend Oreille","LSAD":"06","ALAND":3626035232,"AWATER":65404066}},{"arcs":[[23,24,25,26]],"type":"Polygon","properties":{"STATEFP":"53","COUNTYFP":"023","COUNTYNS":"01533500","AFFGEOID":"0500000US53023","GEOID":"53023","NAME":"Garfield","LSAD":"06","ALAND":1840672367,"AWATER":19490299}},{"arcs":[[-12,27,28,29]],"type":"Polygon","properties":{"STATEFP":"53","COUNTYFP":"069","COUNTYNS":"01513275","AFFGEOID":"0500000US53069","GEOID":"53069","NAME":"Wahkiakum","LSAD":"06",