{"type":"Topology","transform":{"scale":[0.0017672450879122191,0.0012461851616844483],"translate":[-82.62674248439423,37.201943895439605]},"arcs":[[[1089,2371],[10,24]],[[1099,2395],[11,-6],[82,-16]],[[1192,2373],[0,-115]],[[1192,2258],[-124,14]],[[1068,2272],[1,37],[18,58],[2,4]],[[1698,1173],[66,94],[-5,89],[96,53]],[[1855,1409],[122,-116]],[[1977,1293],[43,-42]],[[2020,1251],[-17,-57],[-3,-25],[-35,-42],[-26,-63],[-16,-39],[-1,-4],[-38,-47],[-8,2],[-33,7],[-60,24],[-38,77],[-60,31]],[[1685,1115],[17,23],[-4,35]],[[1262,1955],[28,-21],[109,-1],[122,-127]],[[1521,1806],[-84,-53],[-62,6]],[[1375,1759],[-48,34],[-120,27]],[[1207,1820],[-3,75],[37,61],[21,-1]],[[484,1187],[18,-5],[25,-39]],[[527,1143],[-31,-29],[16,-99],[-101,-55],[-8,-59]],[[403,901],[-47,-47],[-29,19],[1,68]],[[328,941],[-4,80]],[[324,1021],[-6,107],[62,40],[104,19]],[[1521,1806],[25,-13]],[[1546,1793],[0,-110]],[[1546,1683],[-73,-41],[-81,-5]],[[1392,1637],[-19,23],[2,99]],[[195,1106],[5,11],[31,-2]],[[231,1115],[93,-94]],[[328,941],[-98,-52],[-25,-65]],[[205,824],[-12,74],[-33,-13],[-93,88]],[[67,973],[35,10],[37,6],[32,12],[12,37],[6,52],[6,16]],[[983,1679],[99,109],[54,17]],[[1136,1805],[20,0],[22,-18]],[[1178,1787],[7,-55],[-40,-55],[42,-77],[-38,-23]],[[1149,1577],[-59,-61],[-16,4]],[[1074,1520],[-48,11]],[[1026,1531],[-57,131],[14,17]],[[1099,2395],[22,52],[22,42],[-14,65],[2,8]],[[1131,2562],[31,4],[31,0]],[[1193,2566],[0,-46],[-1,-147]],[[2014,1823],[19,0],[44,-27],[7,32],[52,60],[45,68],[18,-23],[19,-44],[29,-9]],[[2247,1880],[-64,-78],[-47,-93],[-72,-75]],[[2064,1634],[-87,60],[-73,11]],[[1904,1705],[54,60],[43,57],[13,1]],[[1149,1577],[10,1],[157,-52]],[[1316,1526],[-9,-116],[-40,-68],[-12,-85],[9,-33]],[[1264,1224],[-37,9]],[[1227,1233],[-9,76],[-62,21],[-13,36]],[[1143,1366],[-62,84],[-7,70]],[[987,723],[96,-20],[156,152]],[[1239,855],[44,-34]],[[1283,821],[-2,-89],[56,-54],[54,-8],[117,21]],[[1508,691],[-5,-15],[-37,-61],[-11,-13],[-43,-50],[-39,-50],[-10,-35],[-23,-50],[-18,-28]],[[1322,389],[-59,25],[-32,-27],[-120,38]],[[1111,425],[-3,26],[-78,85]],[[1030,536],[32,-3],[-35,67],[23,29],[-63,94]],[[1594,1628],[69,33],[114,-62]],[[1777,1599],[102,12],[-28,-99],[33,-10],[-34,-88]],[[1850,1414],[-85,9],[-157,50],[-23,63]],[[1585,1536],[-7,12],[16,80]],[[2488,1757],[51,163],[63,21]],[[2602,1941],[12,-15],[46,5],[54,-16],[4,-50],[7,-20]],[[2725,1845],[-8,-6],[-13,-38],[-47,-52],[-20,-11],[-12,-38],[-27,-34],[1,-11]],[[2599,1655],[-87,80],[-24,22]],[[901,1451],[15,-1],[110,81]],[[1143,1366],[-36,-9],[-178,-141]],[[929,1216],[-38,50],[28,53],[-18,132]],[[1620,2022],[163,0],[-3,-152],[-2,-151],[-1,-111]],[[1777,1608],[0,-9]],[[1594,1628],[-35,51],[-13,4]],[[1546,1793],[-3,37],[63,114],[14,78]],[[710,1723],[13,-2],[56,35],[36,33],[32,15],[4,6]],[[851,1810],[52,9],[13,-94]],[[916,1725],[-121,-35],[-10,-32]],[[785,1658],[-71,43],[-4,22]],[[1001,176],[110,232],[0,17]],[[1322,389],[-1,-2],[38,-48],[1,-1],[-34,-30],[-5,-39],[-61,-60],[-37,-29],[-3,3],[-42,36],[-68,-49],[-60,-33],[-37,42],[-12,-3]],[[2429,1948],[12,2],[49,22],[81,10],[31,-41]],[[2488,1757],[-67,60]],[[2421,1817],[-62,36],[-6,12]],[[2353,1865],[4,0],[13,30],[31,48],[28,5]],[[393,249],[24,12],[19,18]],[[436,279],[22,-34],[93,13],[106,-31],[87,-48]],[[744,179],[-29,-70]],[[715,109],[-36,-54],[-32,-16],[-28,-22],[-15,-13],[-67,-4],[-34,30],[-3,3],[-18,26],[-42,8],[-26,37],[-22,46],[-1,25],[-28,28],[30,46]],[[2247,1880],[36,-11],[70,-4]],[[2421,1817],[6,-46],[-2,-44],[-35,-62],[-1,-31],[-14,-41],[9,-23],[-54,-56]],[[2330,1514],[-30,34],[-35,-10],[-201,96]],[[705,616],[29,170],[55,65]],[[789,851],[94,-51],[54,13],[50,-90]],[[1030,536],[-79,-40]],[[951,496],[-72,45],[-126,11],[-30,70],[-18,-6]],[[1585,1536],[-40,-114],[-107,-21]],[[1438,1401],[23,51],[-47,21],[-56,60]],[[1358,1533],[1,47],[33,57]],[[1227,1233],[-29,-75],[-80,-95]],[[1118,1063],[-76,25],[-55,-41]],[[987,1047],[-18,46],[-67,83]],[[902,1176],[27,40]],[[592,1464],[89,88],[70,40]],[[751,1592],[27,-121],[50,-4]],[[828,1467],[-62,-75],[-3,-17]],[[763,1375],[-38,-16],[-58,37],[-30,-19]],[[637,1377],[-17,70],[-28,17]],[[1248,2022],[195,0],[20,0],[71,0],[86,0]],[[1262,1955],[-6,64],[-8,3]],[[1001,176],[-1,0]],[[1000,176],[-4,11],[-129,124]],[[867,311],[14,41],[69,60],[39,-24],[-38,108]],[[299,1411],[5,13],[27,33],[20,10],[37,-29],[24,-52]],[[412,1386],[-6,-43],[67,-114],[11,-42]],[[231,1115],[25,13],[-6,42],[-9,80],[-5,34],[27,18],[16,65],[20,44]],[[1264,1224],[42,-35],[22,9]],[[1328,1198],[54,-136],[-35,-110]],[[1347,952],[-60,-35],[-4,-96]],[[1239,855],[-107,69],[-14,139]],[[744,179],[11,-8],[-9,36],[48,41]],[[794,248],[14,52],[59,11]],[[1000,176],[-3,-1],[-11,-29],[27,-39],[-47,-23],[-35,-5],[-9,-1],[-66,-17],[-63,-35],[-78,83]],[[1977,1293],[49,91],[-24,90],[62,160]],[[2330,1514],[-13,-29],[-17,-35],[-33,-21],[-35,-46],[-52,-25],[-27,-51],[-27,-54],[-73,61],[-13,-33],[-20,-30]],[[828,1467],[15,12],[58,-28]],[[902,1176],[-29,-45]],[[873,1131],[-43,26],[-7,77],[-60,141]],[[527,1143],[36,-58],[62,47]],[[625,1132],[29,-53],[156,-15]],[[810,1064],[-51,-45],[30,-167]],[[789,852],[0,-1]],[[705,616],[-32,-1],[-10,16]],[[663,631],[-34,99],[-72,87],[-108,-9]],[[449,808],[12,82],[-58,11]],[[1193,2758],[0,-130],[0,-62]],[[1131,2562],[13,42],[-10,59],[-26,50],[23,30],[25,-4],[37,19]],[[810,1064],[36,30],[27,37]],[[987,1047],[37,-23],[-54,-51],[-181,-121]],[[794,248],[-52,62],[-80,158],[-32,5]],[[630,473],[-32,110],[65,48]],[[1850,1414],[5,-5]],[[1698,1173],[-64,13],[-21,48],[-49,-152],[-94,-73],[-50,11],[-73,-68]],[[1328,1198],[24,39],[63,2],[23,162]],[[916,1725],[58,22],[9,-68]],[[751,1592],[22,65],[12,1]],[[899,1875],[53,55]],[[952,1930],[55,-4],[64,-88],[65,-33]],[[851,1810],[26,42],[22,23]],[[412,1386],[41,13],[29,28],[-10,48],[-8,35],[32,16]],[[496,1526],[17,-15],[79,-47]],[[637,1377],[-14,-13],[-11,-184],[13,-48]],[[513,1612],[5,7],[19,44],[37,1],[27,1],[3,44],[32,34],[27,29],[24,-12],[10,-35],[13,-2]],[[496,1526],[4,2],[-5,60],[0,3],[18,21]],[[393,661],[-12,74],[43,15],[25,58]],[[630,473],[-35,-22],[-18,20]],[[577,471],[-65,17],[-36,102],[-110,40],[27,31]],[[2725,1845],[7,-20],[33,-60],[-3,-38],[15,-26],[-33,-74],[-18,-49],[-11,-29],[0,0],[-116,106],[0,0]],[[1777,1608],[35,18],[40,40],[40,26],[12,13]],[[436,279],[35,66],[-5,23]],[[466,368],[58,33],[-34,44],[87,26]],[[1316,1526],[42,7]],[[1178,1787],[29,33]],[[1013,2020],[179,2]],[[1192,2022],[56,0]],[[952,1930],[44,45],[21,40],[-4,5]],[[1020,2124],[11,56],[23,25],[13,16],[1,51]],[[1192,2258],[0,-43],[0,-193]],[[1013,2020],[-19,36],[25,29],[1,37],[0,2]],[[24,833],[1,6],[6,54],[-15,24],[1,29],[2,33],[18,-14],[30,8]],[[205,824],[-11,-70],[52,-76],[-65,-82]],[[181,596],[-55,-65],[3,-16]],[[129,515],[-11,23],[-39,36],[4,18],[9,30],[-48,69],[-44,57],[16,53],[8,32]],[[393,661],[-32,0],[-114,-40]],[[247,621],[-66,-25]],[[466,368],[-72,18],[-35,-34],[-51,49],[-17,123],[-44,97]],[[1685,1115],[-11,-65],[-13,-38],[1,-26],[-25,-60],[-40,-34],[10,-33],[-6,-5],[-30,-27],[-37,-39],[-13,-59],[-13,-38]],[[393,249],[-20,21],[-55,5],[-43,41],[-48,46],[-40,27],[-14,48],[-3,13],[-25,32],[-16,33]]],"objects":{"cb_2015_west_virginia_county_20m":{"type":"GeometryCollection","geometries":[{"arcs":[[0,1,2,3,4]],"type":"Polygon","properties":{"STATEFP":"54","COUNTYFP":"069","COUNTYNS":"01717163","AFFGEOID":"0500000US54069","GEOID":"54069","NAME":"Ohio","LSAD":"06","ALAND":274098955,"AWATER":8274300}},{"arcs":[[5,6,7,8,9]],"type":"Polygon","properties":{"STATEFP":"54","COUNTYFP":"071","COUNTYNS":"01550042","AFFGEOID":"0500000US54071","GEOID":"54071","NAME":"Pendleton","LSAD":"06","ALAND":1802790562,"AWATER":5437237}},{"arcs":[[10,11,12,13]],"type":"Polygon","properties":{"STATEFP":"54","COUNTYFP":"049","COUNTYNS":"01718173","AFFGEOID":"0500000US54049","GEOID":"54049","NAME":"Marion","LSAD":"06","ALAND":799642465,"AWATER":7186184}},{"arcs":[[14,15,16,17,18]],"type":"Polygon","properties":{"STATEFP":"54","COUNTYFP":"079","COUNTYNS":"01550046","AFFGEOID":"0500000US54079","GEOID":"54079","NAME":"Putnam","LSAD":"06","ALAND":895440742,