{"type":"Topology","transform":{"scale":[0.0017673097395657323,0.0012460560768324],"translate":[-111.05714553132472,40.99631854237643]},"arcs":[[[2848,3211],[100,2],[436,0]],[[3384,3213],[-5,-171],[3,-490]],[[3382,2552],[0,-544]],[[3382,2008],[-530,-3]],[[2852,2005],[4,263],[-3,560],[3,35]],[[2856,2863],[-8,348]],[[987,2261],[124,4],[0,69],[102,1],[-2,69],[71,0],[0,70],[136,0]],[[1418,2474],[35,0],[0,-69],[35,0],[-1,-72],[68,0],[0,-45],[70,1],[6,-23],[124,-1],[0,-68],[136,0],[0,-70],[68,0],[0,-116]],[[1959,2011],[0,-24],[-317,-1],[-103,-9],[-68,12],[0,23],[-67,0],[0,24],[-67,-1],[0,35],[-68,0],[0,24],[-68,11],[-134,1],[0,63],[-80,92]],[[2817,2005],[35,0]],[[3382,2008],[102,1]],[[3484,2009],[0,-575],[4,-140]],[[3488,1294],[-222,-3],[1,-140]],[[3267,1151],[-27,0],[-25,-113],[-85,-1],[-50,12],[22,59],[11,43],[-293,2]],[[2820,1153],[-1,0]],[[2819,1153],[-1,277],[2,14],[-3,561]],[[2086,2860],[533,-3],[16,4],[221,2]],[[2817,2005],[-573,-2],[-11,7]],[[2233,2010],[-2,253],[-8,271],[-11,9]],[[2212,2543],[-12,183],[-77,56],[-37,78]],[[1999,1015],[0,139]],[[1999,1154],[509,-3],[311,2]],[[2820,1153],[-1,-247],[4,-586],[-144,0],[1,-318]],[[2680,2],[-306,2],[-259,1],[-28,0],[-311,-1]],[[1776,4],[-6,319],[0,210],[237,-2],[-7,345],[-1,139]],[[1,2945],[219,0],[0,-67],[166,0],[46,-29],[10,-25],[-11,-68],[38,-46],[22,-59],[22,-6],[23,-75],[-5,-53],[37,0],[1,-101]],[[569,2416],[0,-435]],[[569,1981],[-3,-70],[-162,0],[0,-69],[-133,0],[0,-45]],[[271,1797],[-133,0],[0,65],[-131,0]],[[7,1862],[0,148],[-1,150],[0,177],[0,61],[-1,104],[0,209],[0,80],[-4,121],[0,33]],[[3622,1294],[341,2]],[[3963,1296],[0,-90],[0,-200],[0,-188],[0,-12],[0,-92],[0,-151],[0,-67],[0,-40]],[[3963,456],[-340,1],[0,70]],[[3623,527],[-1,767]],[[3267,1151],[7,-552],[-4,-69]],[[3270,530],[1,-529]],[[3271,1],[0,0],[-517,0],[-16,0],[-58,1]],[[3384,3213],[21,0],[8,0],[548,-2],[1,-246],[0,-96],[0,-258],[0,-56]],[[3962,2555],[-181,1],[-399,-4]],[[1418,2545],[571,-1],[223,-1]],[[2233,2010],[-240,1]],[[1993,2011],[-34,0]],[[1418,2474],[0,71]],[[1999,1154],[-11,6],[0,273],[23,0],[0,278],[-8,277],[-10,23]],[[3270,530],[353,-3]],[[3963,456],[1,-137],[0,0],[-1,-93],[0,-131],[0,-91],[-251,0],[-203,-3],[-50,0],[-188,0]],[[1780,3214],[316,0],[262,-4],[354,-2],[0,0],[136,3]],[[2086,2860],[-138,113],[-73,12],[-50,60],[-45,169]],[[3488,1294],[134,0]],[[7,3214],[0,0],[147,1],[45,-8],[216,5],[186,4],[111,-1],[127,0],[266,3],[24,-5],[249,0]],[[1378,3213],[17,-103],[10,-282],[0,-280],[13,-3]],[[987,2261],[-74,94],[-56,25],[-57,-31],[-13,-62],[-70,-34],[-31,13],[15,49],[-23,62],[-74,-7],[-35,46]],[[1,2945],[0,48],[-1,113],[7,108]],[[7,1217],[1,168],[-1,194],[0,45],[0,42],[0,196]],[[271,1797],[-5,-88],[0,-278],[-20,0],[0,-56],[18,0],[0,-210],[27,0],[1,-137],[276,-6]],[[568,1022],[3,-555]],[[571,467],[-20,0],[-545,2]],[[6,469],[0,337],[0,280],[1,131]],[[3484,2009],[478,3]],[[3962,2012],[0,-20],[1,-151],[0,-233],[0,-296],[0,-16]],[[6,205],[0,88],[0,164],[0,12]],[[571,467],[0,-466]],[[571,1],[-41,0],[-237,-1],[-287,1],[0,204]],[[569,1981],[168,-1],[0,-78],[33,0],[2,-81],[23,-79],[52,-67],[4,-57],[28,-2],[60,-57],[46,-67],[104,-95],[-1,-34],[35,-1],[2,-209],[14,-136]],[[1139,1017],[-256,-1],[-315,6]],[[3962,2555],[0,-32],[0,-230],[0,0],[0,-236],[0,-45]],[[1378,3213],[69,0],[142,1],[143,0],[48,0]],[[1139,1017],[163,-1],[632,-1],[65,0]],[[1776,4],[-188,-1],[-452,0],[-114,1],[-263,-2],[-161,-1],[-27,0]]],"objects":{"cb_2015_wyoming_county_20m":{"type":"GeometryCollection","geometries":[{"arcs":[[0,1,2,3,4,5]],"type":"Polygon","properties":{"STATEFP":"56","COUNTYFP":"005","COUNTYNS":"01605068","AFFGEOID":"0500000US56005","GEOID":"56005","NAME":"Campbell","LSAD":"06","ALAND":12437852902,"AWATER":10357549}},{"arcs":[[6,7,8]],"type":"Polygon","properties":{"STATEFP":"56","COUNTYFP":"017","COUNTYNS":"01605074","AFFGEOID":"0500000US56017","GEOID":"56017","NAME":"Hot Springs","LSAD":"06","ALAND":5190598635,"AWATER":5964358}},{"arcs":[[9,-4,10,11,12,13,14,15]],"type":"Polygon","properties":{"STATEFP":"56","COUNTYFP":"009","COUNTYNS":"01605070","AFFGEOID":"0500000US56009","GEOID":"56009","NAME":"Converse","LSAD":"06","ALAND":11020068482,"AWATER":26384811}},{"arcs":[[16,-5,-10,17,18,19]],"type":"Polygon","properties":{"STATEFP":"56","COUNTYFP":"019","COUNTYNS":"01609191","AFFGEOID":"0500000US56019","GEOID":"56019","NAME":"Johnson","LSAD":"06","ALAND":10759203372,"AWATER":52947545}},{"arcs":[[20,21,-15,22,23,24]],"type":"Polygon","properties":{"STATEFP":"56","COUNTYFP":"007","COUNTYNS":"01605069","AFFGEOID":"0500000US56007","GEOID":"56007","NAME":"Carbon","LSAD":"06","ALAND":20454562375,"AWATER":172002531}},{"arcs":[[25,26,27,28,29]],"type":"Polygon","properties":{"STATEFP":"56","COUNTYFP":"039","COUNTYNS":"01605083","AFFGEOID":"0500000US56039","GEOID":"56039","NAME":"Teton","LSAD":"06","ALAND":10349561687,"AWATER":570879628}},{"arcs":[[30,31,32,33]],"type":"Polygon","properties":{"STATEFP":"56","COUNTYFP":"015","COUNTYNS":"01605073","AFFGEOID":"0500000US56015","GEOID":"56015","NAME":"Goshen","LSAD":"06","ALAND":5763721693,"AWATER":17580887}},{"arcs":[[-14,34,35,36,-23]],"type":"Polygon","properties":{"STATEFP":"56","COUNTYFP":"001","COUNTYNS":"01605066","AFFGEOID":"0500000US56001","GEOID":"56001","NAME":"Albany","LSAD":"06","ALAND":11070466383,"AWATER":89161368}},{"arcs":[[37,38,-2]],"type":"Polygon","properties":{"STATEFP":"56","COUNTYFP":"011","COUNTYNS":"01605071","AFFGEOID":"0500000US56011","GEOID":"56011","NAME":"Crook","LSAD":"06","ALAND":7393036956,"AWATER":28186053}},{"arcs":[[39,-19,40,41,-8,42]],"type":"Polygon","properties":{"STATEFP":"56","COUNTYFP":"043","COUNTYNS":"01605085","AFFGEOID":"0500000US56043","GEOID":"56043","NAME":"Washakie","LSAD":"06","ALAND":5797822374,"AWATER":10754321}},{"arcs":[[-41,-18,-16,-22,43]],"type":"Polygon","properties":{"STATEFP":"56","COUNTYFP":"025","COUNTYNS":"01605077","AFFGEOID":"0500000US56025","GEOID":"56025","NAME":"Natrona","LSAD":"06","ALAND":13831870242,"AWATER":91060478}},{"arcs":[[44,-33,45,-36]],"type":"Polygon","properties":{"STATEFP":"56","COUNTYFP":"021","COUNTYNS":"01605075","AFFGEOID":"0500000US56021","GEOID":"56021","NAME":"Laramie","LSAD":"06","ALAND":6956499752,"AWATER":4269804}},{"arcs":[[46,-6,-17,47]],"type":"Polygon","properties":{"STATEFP":"56","COUNTYFP":"033","COUNTYNS":"01605081","AFFGEOID":"0500000US56033","GEOID":"56033","NAME":"Sheridan","LSAD":"06","ALAND":6535552388,"AWATER":7986323}},{"arcs":[[48,-34,-45,-35,-13]],"type":"Polygon","properties":{"STATEFP":"56","COUNTYFP":"031","COUNTYNS":"01605080","AFFGEOID":"0500000US56031","GEOID":"56031","NAME":"Platte","LSAD":"06","ALAND":5398028543,"AWATER":69035952}},{"arcs":[[49,50,-43,-7,51,-26,52]],"type":"Polygon","properties":{"STATEFP":"56","COUNTYFP":"029","COUNTYNS":"01605079","AFFGEOID":"0500000US56029","GEOID":"56029","NAME":"Park","LSAD":"06","ALAND":17973868777,"AWATER":65646894}},{"arcs":[[53,-29,54,55,56,57]],"type":"Polygon","properties":{"STATEFP":"56","COUNTYFP":"023","COUNTYNS":"01605076","AFFGEOID":"0500000US56023","GEOID":"56023","NAME":"Lincoln","LSAD":"06","ALAND":10557370099,"AWATER":49925437}},{"arcs":[[58,59,-31,-49,-12]],"type":"Polygon","properties":{"STATEFP":"56","COUNTYFP":"027","COUNTYNS":"01605078","AFFGEOID":"0500000US56027","GEOID":"56027","NAME":"Niobrara","LSAD":"06","ALAND":6801350403,"AWATER":4969450}},{"arcs":[[60,-57,61,62]],"type":"Polygon","properties":{"STATEFP":"56","COUNTYFP":"041","COUNTYNS":"01605084","AFFGEOID":"0500000US56041","GEOID":"56041","NAME":"Uinta","LSAD":"06","ALAND":5391916735,"AWATER":16345637}},{"arcs":[[-28,63,64,-55]],"type":"Polygon","properties":{"STATEFP":"56","COUNTYFP":"035","COUNTYNS":"01605082","AFFGEOID":"0500000US56035","GEOID":"56035","NAME":"Sublette","LSAD":"06","ALAND":12655989775,"AWATER":127353628}},{"arcs":[[-39,65,-59,-11,-3]],"type":"Polygon","properties":{"STATEFP":"56","COUNTYFP":"045","COUNTYNS":"01605086","AFFGEOID":"0500000US56045","GEOID":"56045","NAME":"Weston","LSAD":"06","ALAND":6211069949,